Company,Row,Year,Data,Section,Row_Label,Notes,Consistency test
VerdaTyres Corp,1,2009,53,ISO 14001,Total no. of sites,,
VerdaTyres Corp,2,2009,53,ISO 14001,ISO 14001 sites,,
VerdaTyres Corp,3,2009,0.96,ISO 14001,% certified sites,,
VerdaTyres Corp,4,2009,,,,,
VerdaTyres Corp,5,2009,"1,287,667.41",Production,Production,,
VerdaTyres Corp,6,2009,,,,,
VerdaTyres Corp,7,2009,"10,733,992.51",Water,Water intake,,
VerdaTyres Corp,8,2009,8.34,Water,Water intake - KPI,,
VerdaTyres Corp,9,2009,,,,,
VerdaTyres Corp,10,2009,"5,280,887.98",Energy,Total Electricity,,
VerdaTyres Corp,11,2009,"561,095.14",Energy,Renewable Electricity Purchased,,
VerdaTyres Corp,12,2009,"4,719,792.84",Energy,Non-Renewable Electricity Purchased,,
VerdaTyres Corp,13,2009,"28,054.76",Energy,Self-generated AND consumed electricity on-site,,
VerdaTyres Corp,14,2009,"159,571.44",Energy,Purchased Steam,,
VerdaTyres Corp,15,2009,0,Energy,Sold Electricity,,
VerdaTyres Corp,16,2009,0,Energy,Sold Steam,,
VerdaTyres Corp,17,2009,"5,551,786.01",Energy,Natural Gas,,
VerdaTyres Corp,18,2009,"167,057.67",Energy,Coal,,
VerdaTyres Corp,19,2009,"182,524.71",Energy,Propane,,
VerdaTyres Corp,20,2009,"403,030.43",Energy,Fuel Oil,,
VerdaTyres Corp,21,2009,"87,500.65",Energy,Diesel,,
VerdaTyres Corp,22,2009,"18,230.96",Energy,Petrol,,
VerdaTyres Corp,23,2009,0.00,Energy,Biomass,,
VerdaTyres Corp,24,2009,0.00,Energy,Waste tires,,
VerdaTyres Corp,25,2009,"387,829.32",Energy,LPG,,
VerdaTyres Corp,26,2009,"2,289.46",Energy,Other,,
VerdaTyres Corp,27,2009,,,,,
VerdaTyres Corp,28,2009,"12,240,708.63",Energy,Total energy,,
VerdaTyres Corp,29,2009,9.51,Energy,Total energy - KPI,,
VerdaTyres Corp,30,2009,,,,,
VerdaTyres Corp,31,2009,"311,455.20",CO2 emissions,Natural Gas,,
VerdaTyres Corp,32,2009,"15,870.48",CO2 emissions,Coal,,
VerdaTyres Corp,33,2009,"11,517.31",CO2 emissions,Propane,,
VerdaTyres Corp,34,2009,"31,194.56",CO2 emissions,Fuel Oil,,
VerdaTyres Corp,35,2009,"6,483.80",CO2 emissions,Diesel,,
VerdaTyres Corp,36,2009,"1,263.41",CO2 emissions,Petrol,,
VerdaTyres Corp,37,2009,0,CO2 emissions,Biomass,,
VerdaTyres Corp,38,2009,0,CO2 emissions,Waste tires,,
VerdaTyres Corp,39,2009,"21,757.22",CO2 emissions,LPG,,
VerdaTyres Corp,40,2009,164.61,CO2 emissions,Other,,
VerdaTyres Corp,41,2009,"399,706.58",CO2 emissions,Total CO2 - Scope 1,,
VerdaTyres Corp,42,2009,,,,,
VerdaTyres Corp,43,2009,"589,974.10",CO2 emissions,Total CO2 - Scope 2,,
VerdaTyres Corp,44,2009,,,,,
VerdaTyres Corp,45,2009,"989,680.68",CO2 emissions,Total CO2,,
VerdaTyres Corp,46,2009,0.77,CO2 emissions,Total CO2 - KPI,,
VerdaTyres Corp,1,2010,53,ISO 14001,Total no. of sites,,
VerdaTyres Corp,2,2010,53,ISO 14001,ISO 14001 sites,,
VerdaTyres Corp,3,2010,0.86,ISO 14001,% certified sites,,
VerdaTyres Corp,4,2010,,,,,
VerdaTyres Corp,5,2010,"1,215,645.14",Production,Production,,
VerdaTyres Corp,6,2010,,,,,
VerdaTyres Corp,7,2010,"9,644,463.88",Water,Water intake,,
VerdaTyres Corp,8,2010,7.93,Water,Water intake - KPI,,
VerdaTyres Corp,9,2010,,,,,
VerdaTyres Corp,10,2010,"4,710,754.11",Energy,Total Electricity,,
VerdaTyres Corp,11,2010,"538,204.37",Energy,Renewable Electricity Purchased,,
VerdaTyres Corp,12,2010,"4,172,549.74",Energy,Non-Renewable Electricity Purchased,,
VerdaTyres Corp,13,2010,"26,910.22",Energy,Self-generated AND consumed electricity on-site,,
VerdaTyres Corp,14,2010,"160,876.92",Energy,Purchased Steam,,
VerdaTyres Corp,15,2010,0,Energy,Sold Electricity,,
VerdaTyres Corp,16,2010,0,Energy,Sold Steam,,
VerdaTyres Corp,17,2010,"5,766,108.87",Energy,Natural Gas,,
VerdaTyres Corp,18,2010,"144,393.39",Energy,Coal,,
VerdaTyres Corp,19,2010,"179,792.39",Energy,Propane,,
VerdaTyres Corp,20,2010,"345,110.51",Energy,Fuel Oil,,
VerdaTyres Corp,21,2010,"85,288.71",Energy,Diesel,,
VerdaTyres Corp,22,2010,"18,886.48",Energy,Petrol,,
VerdaTyres Corp,23,2010,0.00,Energy,Biomass,,
VerdaTyres Corp,24,2010,0.00,Energy,Waste tires,,
VerdaTyres Corp,25,2010,"438,829.61",Energy,LPG,,
VerdaTyres Corp,26,2010,"2,435.47",Energy,Other,,
VerdaTyres Corp,27,2010,,,,,
VerdaTyres Corp,28,2010,"11,852,476.46",Energy,Total energy,,
VerdaTyres Corp,29,2010,9.75,Energy,Total energy - KPI,,
VerdaTyres Corp,30,2010,,,,,
VerdaTyres Corp,31,2010,"323,478.71",CO2 emissions,Natural Gas,,
VerdaTyres Corp,32,2010,"13,717.37",CO2 emissions,Coal,,
VerdaTyres Corp,33,2010,"11,344.90",CO2 emissions,Propane,,
VerdaTyres Corp,34,2010,"26,711.55",CO2 emissions,Fuel Oil,,
VerdaTyres Corp,35,2010,"6,319.89",CO2 emissions,Diesel,,
VerdaTyres Corp,36,2010,"1,308.83",CO2 emissions,Petrol,,
VerdaTyres Corp,37,2010,0,CO2 emissions,Biomass,,
VerdaTyres Corp,38,2010,0,CO2 emissions,Waste tires,,
VerdaTyres Corp,39,2010,"24,618.34",CO2 emissions,LPG,,
VerdaTyres Corp,40,2010,175.11,CO2 emissions,Other,,
VerdaTyres Corp,41,2010,"407,674.71",CO2 emissions,Total CO2 - Scope 1,,
VerdaTyres Corp,42,2010,,,,,
VerdaTyres Corp,43,2010,"521,568.72",CO2 emissions,Total CO2 - Scope 2,,
VerdaTyres Corp,44,2010,,,,,
VerdaTyres Corp,45,2010,"929,243.43",CO2 emissions,Total CO2,,
VerdaTyres Corp,46,2010,0.76,CO2 emissions,Total CO2 - KPI,,
VerdaTyres Corp,1,2011,53,ISO 14001,Total no. of sites,,
VerdaTyres Corp,2,2011,53,ISO 14001,ISO 14001 sites,,
VerdaTyres Corp,3,2011,0.96,ISO 14001,% certified sites,,
VerdaTyres Corp,4,2011,,,,,
VerdaTyres Corp,5,2011,"1,220,912.54",Production,Production,,
VerdaTyres Corp,6,2011,,,,,
VerdaTyres Corp,7,2011,"9,573,912.26",Water,Water intake,,
VerdaTyres Corp,8,2011,7.84,Water,Water intake - KPI,,
VerdaTyres Corp,9,2011,,,,,
VerdaTyres Corp,10,2011,"5,055,307.26",Energy,Total Electricity,,
VerdaTyres Corp,11,2011,"618,012.07",Energy,Renewable Electricity Purchased,,
VerdaTyres Corp,12,2011,"4,437,295.19",Energy,Non-Renewable Electricity Purchased,,
VerdaTyres Corp,13,2011,"30,900.60",Energy,Self-generated AND consumed electricity on-site,,
VerdaTyres Corp,14,2011,"184,254.04",Energy,Purchased Steam,,
VerdaTyres Corp,15,2011,0,Energy,Sold Electricity,,
VerdaTyres Corp,16,2011,0,Energy,Sold Steam,,
VerdaTyres Corp,17,2011,"5,910,737.33",Energy,Natural Gas,,
VerdaTyres Corp,18,2011,"137,720.20",Energy,Coal,,
VerdaTyres Corp,19,2011,"193,639.96",Energy,Propane,,
VerdaTyres Corp,20,2011,"361,692.98",Energy,Fuel Oil,,
VerdaTyres Corp,21,2011,"94,760.12",Energy,Diesel,,
VerdaTyres Corp,22,2011,"16,887.85",Energy,Petrol,,
VerdaTyres Corp,23,2011,0.00,Energy,Biomass,,
VerdaTyres Corp,24,2011,0.00,Energy,Waste tires,,
VerdaTyres Corp,25,2011,"406,256.51",Energy,LPG,,
VerdaTyres Corp,26,2011,"2,322.99",Energy,Other,,
VerdaTyres Corp,27,2011,,,,,
VerdaTyres Corp,28,2011,"12,363,579.25",Energy,Total energy,,
VerdaTyres Corp,29,2011,10.13,Energy,Total energy - KPI,,
VerdaTyres Corp,30,2011,,,,,
VerdaTyres Corp,31,2011,"331,592.36",CO2 emissions,Natural Gas,,
VerdaTyres Corp,32,2011,"13,083.42",CO2 emissions,Coal,,
VerdaTyres Corp,33,2011,"12,218.68",CO2 emissions,Propane,,
VerdaTyres Corp,34,2011,"27,995.04",CO2 emissions,Fuel Oil,,
VerdaTyres Corp,35,2011,"7,021.73",CO2 emissions,Diesel,,
VerdaTyres Corp,36,2011,"1,170.33",CO2 emissions,Petrol,,
VerdaTyres Corp,37,2011,0,CO2 emissions,Biomass,,
VerdaTyres Corp,38,2011,0,CO2 emissions,Waste tires,,
VerdaTyres Corp,39,2011,"22,790.99",CO2 emissions,LPG,,
VerdaTyres Corp,40,2011,167.02,CO2 emissions,Other,,
VerdaTyres Corp,41,2011,"416,039.57",CO2 emissions,Total CO2 - Scope 1,,
VerdaTyres Corp,42,2011,,,,,
VerdaTyres Corp,43,2011,"554,661.90",CO2 emissions,Total CO2 - Scope 2,,
VerdaTyres Corp,44,2011,,,,,
VerdaTyres Corp,45,2011,"970,701.47",CO2 emissions,Total CO2,,
VerdaTyres Corp,46,2011,0.80,CO2 emissions,Total CO2 - KPI,,
VerdaTyres Corp,1,2012,54,ISO 14001,Total no. of sites,,
VerdaTyres Corp,2,2012,54,ISO 14001,ISO 14001 sites,,
VerdaTyres Corp,3,2012,0.88,ISO 14001,% certified sites,,
VerdaTyres Corp,4,2012,,,,,
VerdaTyres Corp,5,2012,"1,270,375.09",Production,Production,,
VerdaTyres Corp,6,2012,,,,,
VerdaTyres Corp,7,2012,"11,274,943.83",Water,Water intake,,
VerdaTyres Corp,8,2012,8.88,Water,Water intake - KPI,,
VerdaTyres Corp,9,2012,,,,,
VerdaTyres Corp,10,2012,"5,595,261.09",Energy,Total Electricity,,
VerdaTyres Corp,11,2012,"728,783.60",Energy,Renewable Electricity Purchased,,
VerdaTyres Corp,12,2012,"4,866,477.49",Energy,Non-Renewable Electricity Purchased,,
VerdaTyres Corp,13,2012,"36,439.18",Energy,Self-generated AND consumed electricity on-site,,
VerdaTyres Corp,14,2012,"169,751.94",Energy,Purchased Steam,,
VerdaTyres Corp,15,2012,0,Energy,Sold Electricity,,
VerdaTyres Corp,16,2012,0,Energy,Sold Steam,,
VerdaTyres Corp,17,2012,"6,066,090.15",Energy,Natural Gas,,
VerdaTyres Corp,18,2012,"123,274.56",Energy,Coal,,
VerdaTyres Corp,19,2012,"205,334.68",Energy,Propane,,
VerdaTyres Corp,20,2012,"321,702.53",Energy,Fuel Oil,,
VerdaTyres Corp,21,2012,"89,417.95",Energy,Diesel,,
VerdaTyres Corp,22,2012,"16,937.50",Energy,Petrol,,
VerdaTyres Corp,23,2012,0.00,Energy,Biomass,,
VerdaTyres Corp,24,2012,0.00,Energy,Waste tires,,
VerdaTyres Corp,25,2012,"454,001.62",Energy,LPG,,
VerdaTyres Corp,26,2012,"2,302.81",Energy,Other,,
VerdaTyres Corp,27,2012,,,,,
VerdaTyres Corp,28,2012,"13,044,074.82",Energy,Total energy,,
VerdaTyres Corp,29,2012,10.27,Energy,Total energy - KPI,,
VerdaTyres Corp,30,2012,,,,,
VerdaTyres Corp,31,2012,"340,307.66",CO2 emissions,Natural Gas,,
VerdaTyres Corp,32,2012,"11,711.08",CO2 emissions,Coal,,
VerdaTyres Corp,33,2012,"12,956.62",CO2 emissions,Propane,,
VerdaTyres Corp,34,2012,"24,899.78",CO2 emissions,Fuel Oil,,
VerdaTyres Corp,35,2012,"6,625.87",CO2 emissions,Diesel,,
VerdaTyres Corp,36,2012,"1,173.77",CO2 emissions,Petrol,,
VerdaTyres Corp,37,2012,0,CO2 emissions,Biomass,,
VerdaTyres Corp,38,2012,0,CO2 emissions,Waste tires,,
VerdaTyres Corp,39,2012,"25,469.49",CO2 emissions,LPG,,
VerdaTyres Corp,40,2012,165.57,CO2 emissions,Other,,
VerdaTyres Corp,41,2012,"423,309.84",CO2 emissions,Total CO2 - Scope 1,,
VerdaTyres Corp,42,2012,,,,,
VerdaTyres Corp,43,2012,"608,309.69",CO2 emissions,Total CO2 - Scope 2,,
VerdaTyres Corp,44,2012,,,,,
VerdaTyres Corp,45,2012,"1,031,619.52",CO2 emissions,Total CO2,,
VerdaTyres Corp,46,2012,0.81,CO2 emissions,Total CO2 - KPI,,
VerdaTyres Corp,1,2013,54,ISO 14001,Total no. of sites,,
VerdaTyres Corp,2,2013,54,ISO 14001,ISO 14001 sites,,
VerdaTyres Corp,3,2013,0.98,ISO 14001,% certified sites,,
VerdaTyres Corp,4,2013,,,,,
VerdaTyres Corp,5,2013,"1,368,361.81",Production,Production,,
VerdaTyres Corp,6,2013,,,,,
VerdaTyres Corp,7,2013,"11,158,380.67",Water,Water intake,,
VerdaTyres Corp,8,2013,8.15,Water,Water intake - KPI,,
VerdaTyres Corp,9,2013,,,,,
VerdaTyres Corp,10,2013,"5,157,674.94",Energy,Total Electricity,,
VerdaTyres Corp,11,2013,"713,049.34",Energy,Renewable Electricity Purchased,,
VerdaTyres Corp,12,2013,"4,444,625.60",Energy,Non-Renewable Electricity Purchased,,
VerdaTyres Corp,13,2013,"35,652.47",Energy,Self-generated AND consumed electricity on-site,,
VerdaTyres Corp,14,2013,"193,257.58",Energy,Purchased Steam,,
VerdaTyres Corp,15,2013,0,Energy,Sold Electricity,,
VerdaTyres Corp,16,2013,0,Energy,Sold Steam,,
VerdaTyres Corp,17,2013,"6,065,766.28",Energy,Natural Gas,,
VerdaTyres Corp,18,2013,"106,780.70",Energy,Coal,,
VerdaTyres Corp,19,2013,"182,762.83",Energy,Propane,,
VerdaTyres Corp,20,2013,"285,749.74",Energy,Fuel Oil,,
VerdaTyres Corp,21,2013,"97,012.73",Energy,Diesel,,
VerdaTyres Corp,22,2013,"18,478.13",Energy,Petrol,,
VerdaTyres Corp,23,2013,0.00,Energy,Biomass,,
VerdaTyres Corp,24,2013,0.00,Energy,Waste tires,,
VerdaTyres Corp,25,2013,"454,313.12",Energy,LPG,,
VerdaTyres Corp,26,2013,"2,226.51",Energy,Other,,
VerdaTyres Corp,27,2013,,,,,
VerdaTyres Corp,28,2013,"12,564,022.57",Energy,Total energy,,
VerdaTyres Corp,29,2013,9.18,Energy,Total energy - KPI,,
VerdaTyres Corp,30,2013,,,,,
VerdaTyres Corp,31,2013,"340,289.49",CO2 emissions,Natural Gas,,
VerdaTyres Corp,32,2013,"10,144.17",CO2 emissions,Coal,,
VerdaTyres Corp,33,2013,"11,532.33",CO2 emissions,Propane,,
VerdaTyres Corp,34,2013,"22,117.03",CO2 emissions,Fuel Oil,,
VerdaTyres Corp,35,2013,"7,188.64",CO2 emissions,Diesel,,
VerdaTyres Corp,36,2013,"1,280.53",CO2 emissions,Petrol,,
VerdaTyres Corp,37,2013,0,CO2 emissions,Biomass,,
VerdaTyres Corp,38,2013,0,CO2 emissions,Waste tires,,
VerdaTyres Corp,39,2013,"25,486.97",CO2 emissions,LPG,,
VerdaTyres Corp,40,2013,160.09,CO2 emissions,Other,,
VerdaTyres Corp,41,2013,"418,199.25",CO2 emissions,Total CO2 - Scope 1,,
VerdaTyres Corp,42,2013,,,,,
VerdaTyres Corp,43,2013,"555,578.20",CO2 emissions,Total CO2 - Scope 2,,
VerdaTyres Corp,44,2013,,,,,
VerdaTyres Corp,45,2013,"973,777.45",CO2 emissions,Total CO2,,
VerdaTyres Corp,46,2013,0.71,CO2 emissions,Total CO2 - KPI,,
VerdaTyres Corp,1,2014,54,ISO 14001,Total no. of sites,,
VerdaTyres Corp,2,2014,54,ISO 14001,ISO 14001 sites,,
VerdaTyres Corp,3,2014,1.00,ISO 14001,% certified sites,,
VerdaTyres Corp,4,2014,,,,,
VerdaTyres Corp,5,2014,"1,354,620.76",Production,Production,,
VerdaTyres Corp,6,2014,,,,,
VerdaTyres Corp,7,2014,"11,279,336.91",Water,Water intake,,
VerdaTyres Corp,8,2014,8.33,Water,Water intake - KPI,,
VerdaTyres Corp,9,2014,,,,,
VerdaTyres Corp,10,2014,"5,939,198.61",Energy,Total Electricity,,
VerdaTyres Corp,11,2014,"868,608.69",Energy,Renewable Electricity Purchased,,
VerdaTyres Corp,12,2014,"5,070,589.91",Energy,Non-Renewable Electricity Purchased,,
VerdaTyres Corp,13,2014,"43,430.43",Energy,Self-generated AND consumed electricity on-site,,
VerdaTyres Corp,14,2014,"193,643.87",Energy,Purchased Steam,,
VerdaTyres Corp,15,2014,0,Energy,Sold Electricity,,
VerdaTyres Corp,16,2014,0,Energy,Sold Steam,,
VerdaTyres Corp,17,2014,"5,710,027.20",Energy,Natural Gas,,
VerdaTyres Corp,18,2014,"106,793.76",Energy,Coal,,
VerdaTyres Corp,19,2014,"207,377.76",Energy,Propane,,
VerdaTyres Corp,20,2014,"287,426.58",Energy,Fuel Oil,,
VerdaTyres Corp,21,2014,"93,607.18",Energy,Diesel,,
VerdaTyres Corp,22,2014,"18,051.30",Energy,Petrol,,
VerdaTyres Corp,23,2014,0.00,Energy,Biomass,,
VerdaTyres Corp,24,2014,0.00,Energy,Waste tires,,
VerdaTyres Corp,25,2014,"441,255.95",Energy,LPG,,
VerdaTyres Corp,26,2014,"2,368.69",Energy,Other,,
VerdaTyres Corp,27,2014,,,,,
VerdaTyres Corp,28,2014,"12,999,750.90",Energy,Total energy,,
VerdaTyres Corp,29,2014,9.60,Energy,Total energy - KPI,,
VerdaTyres Corp,30,2014,,,,,
VerdaTyres Corp,31,2014,"320,332.53",CO2 emissions,Natural Gas,,
VerdaTyres Corp,32,2014,"10,145.41",CO2 emissions,Coal,,
VerdaTyres Corp,33,2014,"13,085.54",CO2 emissions,Propane,,
VerdaTyres Corp,34,2014,"22,246.82",CO2 emissions,Fuel Oil,,
VerdaTyres Corp,35,2014,"6,936.29",CO2 emissions,Diesel,,
VerdaTyres Corp,36,2014,"1,250.95",CO2 emissions,Petrol,,
VerdaTyres Corp,37,2014,0,CO2 emissions,Biomass,,
VerdaTyres Corp,38,2014,0,CO2 emissions,Waste tires,,
VerdaTyres Corp,39,2014,"24,754.46",CO2 emissions,LPG,,
VerdaTyres Corp,40,2014,170.31,CO2 emissions,Other,,
VerdaTyres Corp,41,2014,"398,922.30",CO2 emissions,Total CO2 - Scope 1,,
VerdaTyres Corp,42,2014,,,,,
VerdaTyres Corp,43,2014,"633,823.74",CO2 emissions,Total CO2 - Scope 2,,
VerdaTyres Corp,44,2014,,,,,
VerdaTyres Corp,45,2014,"1,032,746.04",CO2 emissions,Total CO2,,
VerdaTyres Corp,46,2014,0.76,CO2 emissions,Total CO2 - KPI,,
VerdaTyres Corp,1,2015,55,ISO 14001,Total no. of sites,,
VerdaTyres Corp,2,2015,55,ISO 14001,ISO 14001 sites,,
VerdaTyres Corp,3,2015,1.00,ISO 14001,% certified sites,,
VerdaTyres Corp,4,2015,,,,,
VerdaTyres Corp,5,2015,"1,401,007.02",Production,Production,,
VerdaTyres Corp,6,2015,,,,,
VerdaTyres Corp,7,2015,"12,454,601.66",Water,Water intake,,
VerdaTyres Corp,8,2015,8.89,Water,Water intake - KPI,,
VerdaTyres Corp,9,2015,,,,,
VerdaTyres Corp,10,2015,"5,985,163.22",Energy,Total Electricity,,
VerdaTyres Corp,11,2015,"923,212.33",Energy,Renewable Electricity Purchased,,
VerdaTyres Corp,12,2015,"5,061,950.90",Energy,Non-Renewable Electricity Purchased,,
VerdaTyres Corp,13,2015,"46,160.62",Energy,Self-generated AND consumed electricity on-site,,
VerdaTyres Corp,14,2015,"180,059.35",Energy,Purchased Steam,,
VerdaTyres Corp,15,2015,0,Energy,Sold Electricity,,
VerdaTyres Corp,16,2015,0,Energy,Sold Steam,,
VerdaTyres Corp,17,2015,"6,332,425.69",Energy,Natural Gas,,
VerdaTyres Corp,18,2015,"87,309.95",Energy,Coal,,
VerdaTyres Corp,19,2015,"219,597.08",Energy,Propane,,
VerdaTyres Corp,20,2015,"282,497.30",Energy,Fuel Oil,,
VerdaTyres Corp,21,2015,"96,190.20",Energy,Diesel,,
VerdaTyres Corp,22,2015,"18,045.61",Energy,Petrol,,
VerdaTyres Corp,23,2015,0.00,Energy,Biomass,,
VerdaTyres Corp,24,2015,0.00,Energy,Waste tires,,
VerdaTyres Corp,25,2015,"489,339.25",Energy,LPG,,
VerdaTyres Corp,26,2015,"2,260.72",Energy,Other,,
VerdaTyres Corp,27,2015,,,,,
VerdaTyres Corp,28,2015,"13,692,888.38",Energy,Total energy,,
VerdaTyres Corp,29,2015,9.77,Energy,Total energy - KPI,,
VerdaTyres Corp,30,2015,,,,,
VerdaTyres Corp,31,2015,"355,249.08",CO2 emissions,Natural Gas,,
VerdaTyres Corp,32,2015,"8,294.45",CO2 emissions,Coal,,
VerdaTyres Corp,33,2015,"13,856.58",CO2 emissions,Propane,,
VerdaTyres Corp,34,2015,"21,865.29",CO2 emissions,Fuel Oil,,
VerdaTyres Corp,35,2015,"7,127.69",CO2 emissions,Diesel,,
VerdaTyres Corp,36,2015,"1,250.56",CO2 emissions,Petrol,,
VerdaTyres Corp,37,2015,0,CO2 emissions,Biomass,,
VerdaTyres Corp,38,2015,0,CO2 emissions,Waste tires,,
VerdaTyres Corp,39,2015,"27,451.93",CO2 emissions,LPG,,
VerdaTyres Corp,40,2015,162.55,CO2 emissions,Other,,
VerdaTyres Corp,41,2015,"435,258.13",CO2 emissions,Total CO2 - Scope 1,,
VerdaTyres Corp,42,2015,,,,,
VerdaTyres Corp,43,2015,"632,743.86",CO2 emissions,Total CO2 - Scope 2,,
VerdaTyres Corp,44,2015,,,,,
VerdaTyres Corp,45,2015,"1,068,001.99",CO2 emissions,Total CO2,,
VerdaTyres Corp,46,2015,0.76,CO2 emissions,Total CO2 - KPI,,
VerdaTyres Corp,1,2016,55,ISO 14001,Total no. of sites,,
VerdaTyres Corp,2,2016,55,ISO 14001,ISO 14001 sites,,
VerdaTyres Corp,3,2016,1.00,ISO 14001,% certified sites,,
VerdaTyres Corp,4,2016,,,,,
VerdaTyres Corp,5,2016,"1,502,714.05",Production,Production,,
VerdaTyres Corp,6,2016,,,,,
VerdaTyres Corp,7,2016,"12,532,899.72",Water,Water intake,,
VerdaTyres Corp,8,2016,8.34,Water,Water intake - KPI,,
VerdaTyres Corp,9,2016,,,,,
VerdaTyres Corp,10,2016,"6,025,541.12",Energy,Total Electricity,,
VerdaTyres Corp,11,2016,"977,644.95",Energy,Renewable Electricity Purchased,,
VerdaTyres Corp,12,2016,"5,047,896.17",Energy,Non-Renewable Electricity Purchased,,
VerdaTyres Corp,13,2016,"48,882.25",Energy,Self-generated AND consumed electricity on-site,,
VerdaTyres Corp,14,2016,"192,141.20",Energy,Purchased Steam,,
VerdaTyres Corp,15,2016,0,Energy,Sold Electricity,,
VerdaTyres Corp,16,2016,0,Energy,Sold Steam,,
VerdaTyres Corp,17,2016,"5,952,513.97",Energy,Natural Gas,,
VerdaTyres Corp,18,2016,"78,656.74",Energy,Coal,,
VerdaTyres Corp,19,2016,"194,293.14",Energy,Propane,,
VerdaTyres Corp,20,2016,"264,639.98",Energy,Fuel Oil,,
VerdaTyres Corp,21,2016,"107,710.22",Energy,Diesel,,
VerdaTyres Corp,22,2016,"18,589.94",Energy,Petrol,,
VerdaTyres Corp,23,2016,0.00,Energy,Biomass,,
VerdaTyres Corp,24,2016,0.00,Energy,Waste tires,,
VerdaTyres Corp,25,2016,"476,274.93",Energy,LPG,,
VerdaTyres Corp,26,2016,"2,224.36",Energy,Other,,
VerdaTyres Corp,27,2016,,,,,
VerdaTyres Corp,28,2016,"13,312,585.62",Energy,Total energy,,
VerdaTyres Corp,29,2016,8.86,Energy,Total energy - KPI,,
VerdaTyres Corp,30,2016,,,,,
VerdaTyres Corp,31,2016,"333,936.03",CO2 emissions,Natural Gas,,
VerdaTyres Corp,32,2016,"7,472.39",CO2 emissions,Coal,,
VerdaTyres Corp,33,2016,"12,259.90",CO2 emissions,Propane,,
VerdaTyres Corp,34,2016,"20,483.13",CO2 emissions,Fuel Oil,,
VerdaTyres Corp,35,2016,"7,981.33",CO2 emissions,Diesel,,
VerdaTyres Corp,36,2016,"1,288.28",CO2 emissions,Petrol,,
VerdaTyres Corp,37,2016,0,CO2 emissions,Biomass,,
VerdaTyres Corp,38,2016,0,CO2 emissions,Waste tires,,
VerdaTyres Corp,39,2016,"26,719.02",CO2 emissions,LPG,,
VerdaTyres Corp,40,2016,159.93,CO2 emissions,Other,,
VerdaTyres Corp,41,2016,"410,300.02",CO2 emissions,Total CO2 - Scope 1,,
VerdaTyres Corp,42,2016,,,,,
VerdaTyres Corp,43,2016,"630,987.02",CO2 emissions,Total CO2 - Scope 2,,
VerdaTyres Corp,44,2016,,,,,
VerdaTyres Corp,45,2016,"1,041,287.04",CO2 emissions,Total CO2,,
VerdaTyres Corp,46,2016,0.69,CO2 emissions,Total CO2 - KPI,,
VerdaTyres Corp,1,2017,55,ISO 14001,Total no. of sites,,
VerdaTyres Corp,2,2017,55,ISO 14001,ISO 14001 sites,,
VerdaTyres Corp,3,2017,1.00,ISO 14001,% certified sites,,
VerdaTyres Corp,4,2017,,,,,
VerdaTyres Corp,5,2017,"1,561,904.22",Production,Production,,
VerdaTyres Corp,6,2017,,,,,
VerdaTyres Corp,7,2017,"13,870,715.64",Water,Water intake,,
VerdaTyres Corp,8,2017,8.88,Water,Water intake - KPI,,
VerdaTyres Corp,9,2017,,,,,
VerdaTyres Corp,10,2017,"5,500,562.52",Energy,Total Electricity,,
VerdaTyres Corp,11,2017,"936,471.60",Energy,Renewable Electricity Purchased,,
VerdaTyres Corp,12,2017,"4,564,090.92",Energy,Non-Renewable Electricity Purchased,,
VerdaTyres Corp,13,2017,"46,823.58",Energy,Self-generated AND consumed electricity on-site,,
VerdaTyres Corp,14,2017,"194,843.19",Energy,Purchased Steam,,
VerdaTyres Corp,15,2017,0,Energy,Sold Electricity,,
VerdaTyres Corp,16,2017,0,Energy,Sold Steam,,
VerdaTyres Corp,17,2017,"6,151,725.99",Energy,Natural Gas,,
VerdaTyres Corp,18,2017,"72,736.71",Energy,Coal,,
VerdaTyres Corp,19,2017,"224,096.18",Energy,Propane,,
VerdaTyres Corp,20,2017,"214,997.79",Energy,Fuel Oil,,
VerdaTyres Corp,21,2017,"103,306.96",Energy,Diesel,,
VerdaTyres Corp,22,2017,"17,793.82",Energy,Petrol,,
VerdaTyres Corp,23,2017,0.00,Energy,Biomass,,
VerdaTyres Corp,24,2017,0.00,Energy,Waste tires,,
VerdaTyres Corp,25,2017,"482,999.17",Energy,LPG,,
VerdaTyres Corp,26,2017,"2,536.31",Energy,Other,,
VerdaTyres Corp,27,2017,,,,,
VerdaTyres Corp,28,2017,"12,965,598.65",Energy,Total energy,,
VerdaTyres Corp,29,2017,8.30,Energy,Total energy - KPI,,
VerdaTyres Corp,30,2017,,,,,
VerdaTyres Corp,31,2017,"345,111.83",CO2 emissions,Natural Gas,,
VerdaTyres Corp,32,2017,"6,909.99",CO2 emissions,Coal,,
VerdaTyres Corp,33,2017,"14,140.47",CO2 emissions,Propane,,
VerdaTyres Corp,34,2017,"16,640.83",CO2 emissions,Fuel Oil,,
VerdaTyres Corp,35,2017,"7,655.05",CO2 emissions,Diesel,,
VerdaTyres Corp,36,2017,"1,233.11",CO2 emissions,Petrol,,
VerdaTyres Corp,37,2017,0,CO2 emissions,Biomass,,
VerdaTyres Corp,38,2017,0,CO2 emissions,Waste tires,,
VerdaTyres Corp,39,2017,"27,096.25",CO2 emissions,LPG,,
VerdaTyres Corp,40,2017,182.36,CO2 emissions,Other,,
VerdaTyres Corp,41,2017,"418,969.89",CO2 emissions,Total CO2 - Scope 1,,
VerdaTyres Corp,42,2017,,,,,
VerdaTyres Corp,43,2017,"570,511.37",CO2 emissions,Total CO2 - Scope 2,,
VerdaTyres Corp,44,2017,,,,,
VerdaTyres Corp,45,2017,"989,481.25",CO2 emissions,Total CO2,,
VerdaTyres Corp,46,2017,0.63,CO2 emissions,Total CO2 - KPI,,
VerdaTyres Corp,1,2018,56,ISO 14001,Total no. of sites,,
VerdaTyres Corp,2,2018,56,ISO 14001,ISO 14001 sites,,
VerdaTyres Corp,3,2018,1.00,ISO 14001,% certified sites,,
VerdaTyres Corp,4,2018,,,,,
VerdaTyres Corp,5,2018,"1,485,019.29",Production,Production,,
VerdaTyres Corp,6,2018,,,,,
VerdaTyres Corp,7,2018,"11,740,235.68",Water,Water intake,,
VerdaTyres Corp,8,2018,7.91,Water,Water intake - KPI,,
VerdaTyres Corp,9,2018,,,,,
VerdaTyres Corp,10,2018,"6,051,659.66",Energy,Total Electricity,,
VerdaTyres Corp,11,2018,"1,078,709.25",Energy,Renewable Electricity Purchased,,
VerdaTyres Corp,12,2018,"4,972,950.41",Energy,Non-Renewable Electricity Purchased,,
VerdaTyres Corp,13,2018,"53,935.46",Energy,Self-generated AND consumed electricity on-site,,
VerdaTyres Corp,14,2018,"206,683.12",Energy,Purchased Steam,,
VerdaTyres Corp,15,2018,0,Energy,Sold Electricity,,
VerdaTyres Corp,16,2018,0,Energy,Sold Steam,,
VerdaTyres Corp,17,2018,"6,422,270.33",Energy,Natural Gas,,
VerdaTyres Corp,18,2018,"56,947.82",Energy,Coal,,
VerdaTyres Corp,19,2018,"236,815.88",Energy,Propane,,
VerdaTyres Corp,20,2018,"214,564.88",Energy,Fuel Oil,,
VerdaTyres Corp,21,2018,"104,829.30",Energy,Diesel,,
VerdaTyres Corp,22,2018,"17,702.79",Energy,Petrol,,
VerdaTyres Corp,23,2018,0.00,Energy,Biomass,,
VerdaTyres Corp,24,2018,0.00,Energy,Waste tires,,
VerdaTyres Corp,25,2018,"481,253.50",Energy,LPG,,
VerdaTyres Corp,26,2018,"2,288.24",Energy,Other,,
VerdaTyres Corp,27,2018,,,,,
VerdaTyres Corp,28,2018,"13,795,015.53",Energy,Total energy,,
VerdaTyres Corp,29,2018,9.29,Energy,Total energy - KPI,,
VerdaTyres Corp,30,2018,,,,,
VerdaTyres Corp,31,2018,"360,289.37",CO2 emissions,Natural Gas,,
VerdaTyres Corp,32,2018,"5,410.04",CO2 emissions,Coal,,
VerdaTyres Corp,33,2018,"14,943.08",CO2 emissions,Propane,,
VerdaTyres Corp,34,2018,"16,607.32",CO2 emissions,Fuel Oil,,
VerdaTyres Corp,35,2018,"7,767.85",CO2 emissions,Diesel,,
VerdaTyres Corp,36,2018,"1,226.80",CO2 emissions,Petrol,,
VerdaTyres Corp,37,2018,0,CO2 emissions,Biomass,,
VerdaTyres Corp,38,2018,0,CO2 emissions,Waste tires,,
VerdaTyres Corp,39,2018,"26,998.32",CO2 emissions,LPG,,
VerdaTyres Corp,40,2018,164.52,CO2 emissions,Other,,
VerdaTyres Corp,41,2018,"433,407.31",CO2 emissions,Total CO2 - Scope 1,,
VerdaTyres Corp,42,2018,,,,,
VerdaTyres Corp,43,2018,"621,618.80",CO2 emissions,Total CO2 - Scope 2,,
VerdaTyres Corp,44,2018,,,,,
VerdaTyres Corp,45,2018,"1,055,026.11",CO2 emissions,Total CO2,,
VerdaTyres Corp,46,2018,0.71,CO2 emissions,Total CO2 - KPI,,
VerdaTyres Corp,1,2019,56,ISO 14001,Total no. of sites,,
VerdaTyres Corp,2,2019,56,ISO 14001,ISO 14001 sites,,
VerdaTyres Corp,3,2019,1.00,ISO 14001,% certified sites,,
VerdaTyres Corp,4,2019,,,,,
VerdaTyres Corp,5,2019,"1,494,447.92",Production,Production,,
VerdaTyres Corp,6,2019,,,,,
VerdaTyres Corp,7,2019,"12,560,924.99",Water,Water intake,,
VerdaTyres Corp,8,2019,8.41,Water,Water intake - KPI,,
VerdaTyres Corp,9,2019,,,,,
VerdaTyres Corp,10,2019,"5,871,592.34",Energy,Total Electricity,,
VerdaTyres Corp,11,2019,"1,093,584.96",Energy,Renewable Electricity Purchased,,
VerdaTyres Corp,12,2019,"4,778,007.38",Energy,Non-Renewable Electricity Purchased,,
VerdaTyres Corp,13,2019,"54,679.25",Energy,Self-generated AND consumed electricity on-site,,
VerdaTyres Corp,14,2019,"194,311.59",Energy,Purchased Steam,,
VerdaTyres Corp,15,2019,0,Energy,Sold Electricity,,
VerdaTyres Corp,16,2019,0,Energy,Sold Steam,,
VerdaTyres Corp,17,2019,"6,410,008.65",Energy,Natural Gas,,
VerdaTyres Corp,18,2019,"48,606.78",Energy,Coal,,
VerdaTyres Corp,19,2019,"214,199.03",Energy,Propane,,
VerdaTyres Corp,20,2019,"202,847.53",Energy,Fuel Oil,,
VerdaTyres Corp,21,2019,"114,255.41",Energy,Diesel,,
VerdaTyres Corp,22,2019,"16,441.04",Energy,Petrol,,
VerdaTyres Corp,23,2019,0.00,Energy,Biomass,,
VerdaTyres Corp,24,2019,0.00,Energy,Waste tires,,
VerdaTyres Corp,25,2019,"500,861.40",Energy,LPG,,
VerdaTyres Corp,26,2019,"2,458.39",Energy,Other,,
VerdaTyres Corp,27,2019,,,,,
VerdaTyres Corp,28,2019,"13,575,582.15",Energy,Total energy,,
VerdaTyres Corp,29,2019,9.08,Energy,Total energy - KPI,,
VerdaTyres Corp,30,2019,,,,,
VerdaTyres Corp,31,2019,"359,601.49",CO2 emissions,Natural Gas,,
VerdaTyres Corp,32,2019,"4,617.64",CO2 emissions,Coal,,
VerdaTyres Corp,33,2019,"13,515.96",CO2 emissions,Propane,,
VerdaTyres Corp,34,2019,"15,700.40",CO2 emissions,Fuel Oil,,
VerdaTyres Corp,35,2019,"8,466.33",CO2 emissions,Diesel,,
VerdaTyres Corp,36,2019,"1,139.36",CO2 emissions,Petrol,,
VerdaTyres Corp,37,2019,0,CO2 emissions,Biomass,,
VerdaTyres Corp,38,2019,0,CO2 emissions,Waste tires,,
VerdaTyres Corp,39,2019,"28,098.32",CO2 emissions,LPG,,
VerdaTyres Corp,40,2019,176.76,CO2 emissions,Other,,
VerdaTyres Corp,41,2019,"431,316.26",CO2 emissions,Total CO2 - Scope 1,,
VerdaTyres Corp,42,2019,,,,,
VerdaTyres Corp,43,2019,"597,250.92",CO2 emissions,Total CO2 - Scope 2,,
VerdaTyres Corp,44,2019,,,,,
VerdaTyres Corp,45,2019,"1,028,567.18",CO2 emissions,Total CO2,,
VerdaTyres Corp,46,2019,0.69,CO2 emissions,Total CO2 - KPI,,
VerdaTyres Corp,1,2020,56,ISO 14001,Total no. of sites,,
VerdaTyres Corp,2,2020,56,ISO 14001,ISO 14001 sites,,
VerdaTyres Corp,3,2020,1.00,ISO 14001,% certified sites,,
VerdaTyres Corp,4,2020,,,,,
VerdaTyres Corp,5,2020,"1,493,327.58",Production,Production,,
VerdaTyres Corp,6,2020,,,,,
VerdaTyres Corp,7,2020,"11,648,515.48",Water,Water intake,,
VerdaTyres Corp,8,2020,7.80,Water,Water intake - KPI,,
VerdaTyres Corp,9,2020,,,,,
VerdaTyres Corp,10,2020,"6,695,474.63",Energy,Total Electricity,,
VerdaTyres Corp,11,2020,"1,300,596.96",Energy,Renewable Electricity Purchased,,
VerdaTyres Corp,12,2020,"5,394,877.68",Energy,Non-Renewable Electricity Purchased,,
VerdaTyres Corp,13,2020,"65,029.85",Energy,Self-generated AND consumed electricity on-site,,
VerdaTyres Corp,14,2020,"209,844.44",Energy,Purchased Steam,,
VerdaTyres Corp,15,2020,0,Energy,Sold Electricity,,
VerdaTyres Corp,16,2020,0,Energy,Sold Steam,,
VerdaTyres Corp,17,2020,"6,989,378.27",Energy,Natural Gas,,
VerdaTyres Corp,18,2020,"38,161.72",Energy,Coal,,
VerdaTyres Corp,19,2020,"239,624.63",Energy,Propane,,
VerdaTyres Corp,20,2020,"162,949.55",Energy,Fuel Oil,,
VerdaTyres Corp,21,2020,"103,092.58",Energy,Diesel,,
VerdaTyres Corp,22,2020,"17,458.40",Energy,Petrol,,
VerdaTyres Corp,23,2020,0.00,Energy,Biomass,,
VerdaTyres Corp,24,2020,0.00,Energy,Waste tires,,
VerdaTyres Corp,25,2020,"526,711.24",Energy,LPG,,
VerdaTyres Corp,26,2020,"2,381.04",Energy,Other,,
VerdaTyres Corp,27,2020,,,,,
VerdaTyres Corp,28,2020,"14,985,076.53",Energy,Total energy,,
VerdaTyres Corp,29,2020,10.03,Energy,Total energy - KPI,,
VerdaTyres Corp,30,2020,,,,,
VerdaTyres Corp,31,2020,"392,104.12",CO2 emissions,Natural Gas,,
VerdaTyres Corp,32,2020,"3,625.36",CO2 emissions,Coal,,
VerdaTyres Corp,33,2020,"15,120.31",CO2 emissions,Propane,,
VerdaTyres Corp,34,2020,"12,612.30",CO2 emissions,Fuel Oil,,
VerdaTyres Corp,35,2020,"7,639.16",CO2 emissions,Diesel,,
VerdaTyres Corp,36,2020,"1,209.87",CO2 emissions,Petrol,,
VerdaTyres Corp,37,2020,0,CO2 emissions,Biomass,,
VerdaTyres Corp,38,2020,0,CO2 emissions,Waste tires,,
VerdaTyres Corp,39,2020,"29,548.50",CO2 emissions,LPG,,
VerdaTyres Corp,40,2020,171.20,CO2 emissions,Other,,
VerdaTyres Corp,41,2020,"462,030.82",CO2 emissions,Total CO2 - Scope 1,,
VerdaTyres Corp,42,2020,,,,,
VerdaTyres Corp,43,2020,"674,359.71",CO2 emissions,Total CO2 - Scope 2,,
VerdaTyres Corp,44,2020,,,,,
VerdaTyres Corp,45,2020,"1,136,390.53",CO2 emissions,Total CO2,,
VerdaTyres Corp,46,2020,0.76,CO2 emissions,Total CO2 - KPI,,
VerdaTyres Corp,1,2021,57,ISO 14001,Total no. of sites,,
VerdaTyres Corp,2,2021,57,ISO 14001,ISO 14001 sites,,
VerdaTyres Corp,3,2021,1.00,ISO 14001,% certified sites,,
VerdaTyres Corp,4,2021,,,,,
VerdaTyres Corp,5,2021,"1,654,041.65",Production,Production,,
VerdaTyres Corp,6,2021,,,,,
VerdaTyres Corp,7,2021,"14,088,879.67",Water,Water intake,,
VerdaTyres Corp,8,2021,8.52,Water,Water intake - KPI,,
VerdaTyres Corp,9,2021,,,,,
VerdaTyres Corp,10,2021,"6,876,437.26",Energy,Total Electricity,,
VerdaTyres Corp,11,2021,"1,390,760.47",Energy,Renewable Electricity Purchased,,
VerdaTyres Corp,12,2021,"5,485,676.79",Energy,Non-Renewable Electricity Purchased,,
VerdaTyres Corp,13,2021,"69,538.02",Energy,Self-generated AND consumed electricity on-site,,
VerdaTyres Corp,14,2021,"197,961.30",Energy,Purchased Steam,,
VerdaTyres Corp,15,2021,0,Energy,Sold Electricity,,
VerdaTyres Corp,16,2021,0,Energy,Sold Steam,,
VerdaTyres Corp,17,2021,"7,046,201.44",Energy,Natural Gas,,
VerdaTyres Corp,18,2021,"24,738.16",Energy,Coal,,
VerdaTyres Corp,19,2021,"246,341.66",Energy,Propane,,
VerdaTyres Corp,20,2021,"146,264.26",Energy,Fuel Oil,,
VerdaTyres Corp,21,2021,"106,790.92",Energy,Diesel,,
VerdaTyres Corp,22,2021,"17,508.01",Energy,Petrol,,
VerdaTyres Corp,23,2021,0.00,Energy,Biomass,,
VerdaTyres Corp,24,2021,0.00,Energy,Waste tires,,
VerdaTyres Corp,25,2021,"536,891.30",Energy,LPG,,
VerdaTyres Corp,26,2021,"2,308.86",Energy,Other,,
VerdaTyres Corp,27,2021,,,,,
VerdaTyres Corp,28,2021,"15,201,443.16",Energy,Total energy,,
VerdaTyres Corp,29,2021,9.19,Energy,Total energy - KPI,,
VerdaTyres Corp,30,2021,,,,,
VerdaTyres Corp,31,2021,"395,291.90",CO2 emissions,Natural Gas,,
VerdaTyres Corp,32,2021,"2,350.12",CO2 emissions,Coal,,
VerdaTyres Corp,33,2021,"15,544.16",CO2 emissions,Propane,,
VerdaTyres Corp,34,2021,"11,320.85",CO2 emissions,Fuel Oil,,
VerdaTyres Corp,35,2021,"7,913.21",CO2 emissions,Diesel,,
VerdaTyres Corp,36,2021,"1,213.31",CO2 emissions,Petrol,,
VerdaTyres Corp,37,2021,0,CO2 emissions,Biomass,,
VerdaTyres Corp,38,2021,0,CO2 emissions,Waste tires,,
VerdaTyres Corp,39,2021,"30,119.60",CO2 emissions,LPG,,
VerdaTyres Corp,40,2021,166.01,CO2 emissions,Other,,
VerdaTyres Corp,41,2021,"463,919.16",CO2 emissions,Total CO2 - Scope 1,,
VerdaTyres Corp,42,2021,,,,,
VerdaTyres Corp,43,2021,"685,709.60",CO2 emissions,Total CO2 - Scope 2,,
VerdaTyres Corp,44,2021,,,,,
VerdaTyres Corp,45,2021,"1,149,628.76",CO2 emissions,Total CO2,,
VerdaTyres Corp,46,2021,0.70,CO2 emissions,Total CO2 - KPI,,
VerdaTyres Corp,1,2022,57,ISO 14001,Total no. of sites,,
VerdaTyres Corp,2,2022,57,ISO 14001,ISO 14001 sites,,
VerdaTyres Corp,3,2022,1.00,ISO 14001,% certified sites,,
VerdaTyres Corp,4,2022,,,,,
VerdaTyres Corp,5,2022,"1,561,144.64",Production,Production,,
VerdaTyres Corp,6,2022,,,,,
VerdaTyres Corp,7,2022,"13,814,939.97",Water,Water intake,,
VerdaTyres Corp,8,2022,8.85,Water,Water intake - KPI,,
VerdaTyres Corp,9,2022,,,,,
VerdaTyres Corp,10,2022,"6,445,587.27",Energy,Total Electricity,,
VerdaTyres Corp,11,2022,"1,355,185.69",Energy,Renewable Electricity Purchased,,
VerdaTyres Corp,12,2022,"5,090,401.57",Energy,Non-Renewable Electricity Purchased,,
VerdaTyres Corp,13,2022,"67,759.28",Energy,Self-generated AND consumed electricity on-site,,
VerdaTyres Corp,14,2022,"228,089.09",Energy,Purchased Steam,,
VerdaTyres Corp,15,2022,0,Energy,Sold Electricity,,
VerdaTyres Corp,16,2022,0,Energy,Sold Steam,,
VerdaTyres Corp,17,2022,"7,354,114.24",Energy,Natural Gas,,
VerdaTyres Corp,18,2022,"13,255.45",Energy,Coal,,
VerdaTyres Corp,19,2022,"256,304.75",Energy,Propane,,
VerdaTyres Corp,20,2022,"140,512.78",Energy,Fuel Oil,,
VerdaTyres Corp,21,2022,"123,114.59",Energy,Diesel,,
VerdaTyres Corp,22,2022,"18,857.43",Energy,Petrol,,
VerdaTyres Corp,23,2022,0.00,Energy,Biomass,,
VerdaTyres Corp,24,2022,0.00,Energy,Waste tires,,
VerdaTyres Corp,25,2022,"585,058.65",Energy,LPG,,
VerdaTyres Corp,26,2022,"2,265.88",Energy,Other,,
VerdaTyres Corp,27,2022,,,,,
VerdaTyres Corp,28,2022,"15,167,160.12",Energy,Total energy,,
VerdaTyres Corp,29,2022,9.72,Energy,Total energy - KPI,,
VerdaTyres Corp,30,2022,,,,,
VerdaTyres Corp,31,2022,"412,565.81",CO2 emissions,Natural Gas,,
VerdaTyres Corp,32,2022,"1,259.27",CO2 emissions,Coal,,
VerdaTyres Corp,33,2022,"16,172.83",CO2 emissions,Propane,,
VerdaTyres Corp,34,2022,"10,875.69",CO2 emissions,Fuel Oil,,
VerdaTyres Corp,35,2022,"9,122.79",CO2 emissions,Diesel,,
VerdaTyres Corp,36,2022,"1,306.82",CO2 emissions,Petrol,,
VerdaTyres Corp,37,2022,0,CO2 emissions,Biomass,,
VerdaTyres Corp,38,2022,0,CO2 emissions,Waste tires,,
VerdaTyres Corp,39,2022,"32,821.79",CO2 emissions,LPG,,
VerdaTyres Corp,40,2022,162.92,CO2 emissions,Other,,
VerdaTyres Corp,41,2022,"484,287.91",CO2 emissions,Total CO2 - Scope 1,,
VerdaTyres Corp,42,2022,,,,,
VerdaTyres Corp,43,2022,"636,300.20",CO2 emissions,Total CO2 - Scope 2,,
VerdaTyres Corp,44,2022,,,,,
VerdaTyres Corp,45,2022,"1,120,588.11",CO2 emissions,Total CO2,,
VerdaTyres Corp,46,2022,0.72,CO2 emissions,Total CO2 - KPI,,
VerdaTyres Corp,1,2023,57,ISO 14001,Total no. of sites,,
VerdaTyres Corp,2,2023,57,ISO 14001,ISO 14001 sites,,
VerdaTyres Corp,3,2023,1.00,ISO 14001,% certified sites,,
VerdaTyres Corp,4,2023,,,,,
VerdaTyres Corp,5,2023,"1,653,122.00",Production,Production,,
VerdaTyres Corp,6,2023,,,,,
VerdaTyres Corp,7,2023,"13,073,491.45",Water,Water intake,,
VerdaTyres Corp,8,2023,7.91,Water,Water intake - KPI,,
VerdaTyres Corp,9,2023,,,,,
VerdaTyres Corp,10,2023,"6,522,569.36",Energy,Total Electricity,,
VerdaTyres Corp,11,2023,"1,423,551.75",Energy,Renewable Electricity Purchased,,
VerdaTyres Corp,12,2023,"5,099,017.62",Energy,Non-Renewable Electricity Purchased,,
VerdaTyres Corp,13,2023,"71,177.59",Energy,Self-generated AND consumed electricity on-site,,
VerdaTyres Corp,14,2023,"204,176.82",Energy,Purchased Steam,,
VerdaTyres Corp,15,2023,0,Energy,Sold Electricity,,
VerdaTyres Corp,16,2023,0,Energy,Sold Steam,,
VerdaTyres Corp,17,2023,"7,289,084.82",Energy,Natural Gas,,
VerdaTyres Corp,18,2023,"3,420.32",Energy,Coal,,
VerdaTyres Corp,19,2023,"232,737.96",Energy,Propane,,
VerdaTyres Corp,20,2023,"119,489.39",Energy,Fuel Oil,,
VerdaTyres Corp,21,2023,"115,841.83",Energy,Diesel,,
VerdaTyres Corp,22,2023,"17,435.69",Energy,Petrol,,
VerdaTyres Corp,23,2023,0.00,Energy,Biomass,,
VerdaTyres Corp,24,2023,0.00,Energy,Waste tires,,
VerdaTyres Corp,25,2023,"605,909.92",Energy,LPG,,
VerdaTyres Corp,26,2023,"2,583.41",Energy,Other,,
VerdaTyres Corp,27,2023,,,,,
VerdaTyres Corp,28,2023,"15,113,249.53",Energy,Total energy,,
VerdaTyres Corp,29,2023,9.14,Energy,Total energy - KPI,,
VerdaTyres Corp,30,2023,,,,,
VerdaTyres Corp,31,2023,"408,917.66",CO2 emissions,Natural Gas,,
VerdaTyres Corp,32,2023,324.93,CO2 emissions,Coal,,
VerdaTyres Corp,33,2023,"14,685.77",CO2 emissions,Propane,,
VerdaTyres Corp,34,2023,"9,248.48",CO2 emissions,Fuel Oil,,
VerdaTyres Corp,35,2023,"8,583.88",CO2 emissions,Diesel,,
VerdaTyres Corp,36,2023,"1,208.29",CO2 emissions,Petrol,,
VerdaTyres Corp,37,2023,0,CO2 emissions,Biomass,,
VerdaTyres Corp,38,2023,0,CO2 emissions,Waste tires,,
VerdaTyres Corp,39,2023,"33,991.55",CO2 emissions,LPG,,
VerdaTyres Corp,40,2023,185.75,CO2 emissions,Other,,
VerdaTyres Corp,41,2023,"477,146.30",CO2 emissions,Total CO2 - Scope 1,,
VerdaTyres Corp,42,2023,,,,,
VerdaTyres Corp,43,2023,"637,377.20",CO2 emissions,Total CO2 - Scope 2,,
VerdaTyres Corp,44,2023,,,,,
VerdaTyres Corp,45,2023,"1,114,523.50",CO2 emissions,Total CO2,,
VerdaTyres Corp,46,2023,0.67,CO2 emissions,Total CO2 - KPI,,
AlphaTread Ltd,1,2009,14,ISO 14001,Total no. of sites,,
AlphaTread Ltd,2,2009,14,ISO 14001,ISO 14001 sites,,
AlphaTread Ltd,3,2009,0.96,ISO 14001,% certified sites,,
AlphaTread Ltd,4,2009,,,,,
AlphaTread Ltd,5,2009,"805,064.50",Production,Production,,
AlphaTread Ltd,6,2009,,,,,
AlphaTread Ltd,7,2009,"6,776,399.50",Water,Water intake,,
AlphaTread Ltd,8,2009,8.42,Water,Water intake - KPI,,
AlphaTread Ltd,9,2009,,,,,
AlphaTread Ltd,10,2009,"2,951,009.07",Energy,Total Electricity,,
AlphaTread Ltd,11,2009,"440,098.90",Energy,Renewable Electricity Purchased,,
AlphaTread Ltd,12,2009,"2,510,910.17",Energy,Non-Renewable Electricity Purchased,,
AlphaTread Ltd,13,2009,"22,004.94",Energy,Self-generated AND consumed electricity on-site,,
AlphaTread Ltd,14,2009,"429,856.07",Energy,Purchased Steam,,
AlphaTread Ltd,15,2009,0,Energy,Sold Electricity,,
AlphaTread Ltd,16,2009,0,Energy,Sold Steam,,
AlphaTread Ltd,17,2009,"3,776,083.18",Energy,Natural Gas,,
AlphaTread Ltd,18,2009,"480,409.17",Energy,Coal,,
AlphaTread Ltd,19,2009,"279,038.96",Energy,Propane,,
AlphaTread Ltd,20,2009,"468,207.07",Energy,Fuel Oil,,
AlphaTread Ltd,21,2009,"61,706.54",Energy,Diesel,,
AlphaTread Ltd,22,2009,"21,935.98",Energy,Petrol,,
AlphaTread Ltd,23,2009,0.00,Energy,Biomass,,
AlphaTread Ltd,24,2009,0.00,Energy,Waste tires,,
AlphaTread Ltd,25,2009,"958,146.21",Energy,LPG,,
AlphaTread Ltd,26,2009,"2,229.65",Energy,Other,,
AlphaTread Ltd,27,2009,,,,,
AlphaTread Ltd,28,2009,"9,428,621.90",Energy,Total energy,,
AlphaTread Ltd,29,2009,11.71,Energy,Total energy - KPI,,
AlphaTread Ltd,30,2009,,,,,
AlphaTread Ltd,31,2009,"211,838.27",CO2 emissions,Natural Gas,,
AlphaTread Ltd,32,2009,"45,638.87",CO2 emissions,Coal,,
AlphaTread Ltd,33,2009,"17,607.36",CO2 emissions,Propane,,
AlphaTread Ltd,34,2009,"36,239.23",CO2 emissions,Fuel Oil,,
AlphaTread Ltd,35,2009,"4,572.45",CO2 emissions,Diesel,,
AlphaTread Ltd,36,2009,"1,520.16",CO2 emissions,Petrol,,
AlphaTread Ltd,37,2009,0,CO2 emissions,Biomass,,
AlphaTread Ltd,38,2009,0,CO2 emissions,Waste tires,,
AlphaTread Ltd,39,2009,"53,752.00",CO2 emissions,LPG,,
AlphaTread Ltd,40,2009,160.31,CO2 emissions,Other,,
AlphaTread Ltd,41,2009,"371,328.66",CO2 emissions,Total CO2 - Scope 1,,
AlphaTread Ltd,42,2009,,,,,
AlphaTread Ltd,43,2009,"313,863.77",CO2 emissions,Total CO2 - Scope 2,,
AlphaTread Ltd,44,2009,,,,,
AlphaTread Ltd,45,2009,"685,192.43",CO2 emissions,Total CO2,,
AlphaTread Ltd,46,2009,0.85,CO2 emissions,Total CO2 - KPI,,
AlphaTread Ltd,1,2010,14,ISO 14001,Total no. of sites,,
AlphaTread Ltd,2,2010,14,ISO 14001,ISO 14001 sites,,
AlphaTread Ltd,3,2010,0.86,ISO 14001,% certified sites,,
AlphaTread Ltd,4,2010,,,,,
AlphaTread Ltd,5,2010,"878,191.97",Production,Production,,
AlphaTread Ltd,6,2010,,,,,
AlphaTread Ltd,7,2010,"7,430,771.62",Water,Water intake,,
AlphaTread Ltd,8,2010,8.46,Water,Water intake - KPI,,
AlphaTread Ltd,9,2010,,,,,
AlphaTread Ltd,10,2010,"3,174,018.51",Energy,Total Electricity,,
AlphaTread Ltd,11,2010,"498,749.57",Energy,Renewable Electricity Purchased,,
AlphaTread Ltd,12,2010,"2,675,268.94",Energy,Non-Renewable Electricity Purchased,,
AlphaTread Ltd,13,2010,"24,937.48",Energy,Self-generated AND consumed electricity on-site,,
AlphaTread Ltd,14,2010,"421,355.41",Energy,Purchased Steam,,
AlphaTread Ltd,15,2010,0,Energy,Sold Electricity,,
AlphaTread Ltd,16,2010,0,Energy,Sold Steam,,
AlphaTread Ltd,17,2010,"3,660,133.29",Energy,Natural Gas,,
AlphaTread Ltd,18,2010,"416,794.29",Energy,Coal,,
AlphaTread Ltd,19,2010,"292,278.93",Energy,Propane,,
AlphaTread Ltd,20,2010,"459,276.91",Energy,Fuel Oil,,
AlphaTread Ltd,21,2010,"63,352.47",Energy,Diesel,,
AlphaTread Ltd,22,2010,"22,344.79",Energy,Petrol,,
AlphaTread Ltd,23,2010,0.00,Energy,Biomass,,
AlphaTread Ltd,24,2010,0.00,Energy,Waste tires,,
AlphaTread Ltd,25,2010,"917,621.08",Energy,LPG,,
AlphaTread Ltd,26,2010,"2,390.53",Energy,Other,,
AlphaTread Ltd,27,2010,,,,,
AlphaTread Ltd,28,2010,"9,429,566.20",Energy,Total energy,,
AlphaTread Ltd,29,2010,10.74,Energy,Total energy - KPI,,
AlphaTread Ltd,30,2010,,,,,
AlphaTread Ltd,31,2010,"205,333.48",CO2 emissions,Natural Gas,,
AlphaTread Ltd,32,2010,"39,595.46",CO2 emissions,Coal,,
AlphaTread Ltd,33,2010,"18,442.80",CO2 emissions,Propane,,
AlphaTread Ltd,34,2010,"35,548.03",CO2 emissions,Fuel Oil,,
AlphaTread Ltd,35,2010,"4,694.42",CO2 emissions,Diesel,,
AlphaTread Ltd,36,2010,"1,548.49",CO2 emissions,Petrol,,
AlphaTread Ltd,37,2010,0,CO2 emissions,Biomass,,
AlphaTread Ltd,38,2010,0,CO2 emissions,Waste tires,,
AlphaTread Ltd,39,2010,"51,478.54",CO2 emissions,LPG,,
AlphaTread Ltd,40,2010,171.88,CO2 emissions,Other,,
AlphaTread Ltd,41,2010,"356,813.10",CO2 emissions,Total CO2 - Scope 1,,
AlphaTread Ltd,42,2010,,,,,
AlphaTread Ltd,43,2010,"334,408.62",CO2 emissions,Total CO2 - Scope 2,,
AlphaTread Ltd,44,2010,,,,,
AlphaTread Ltd,45,2010,"691,221.72",CO2 emissions,Total CO2,,
AlphaTread Ltd,46,2010,0.79,CO2 emissions,Total CO2 - KPI,,
AlphaTread Ltd,1,2011,14,ISO 14001,Total no. of sites,,
AlphaTread Ltd,2,2011,14,ISO 14001,ISO 14001 sites,,
AlphaTread Ltd,3,2011,0.99,ISO 14001,% certified sites,,
AlphaTread Ltd,4,2011,,,,,
AlphaTread Ltd,5,2011,"840,895.85",Production,Production,,
AlphaTread Ltd,6,2011,,,,,
AlphaTread Ltd,7,2011,"7,137,289.48",Water,Water intake,,
AlphaTread Ltd,8,2011,8.49,Water,Water intake - KPI,,
AlphaTread Ltd,9,2011,,,,,
AlphaTread Ltd,10,2011,"3,313,518.82",Energy,Total Electricity,,
AlphaTread Ltd,11,2011,"547,178.11",Energy,Renewable Electricity Purchased,,
AlphaTread Ltd,12,2011,"2,766,340.71",Energy,Non-Renewable Electricity Purchased,,
AlphaTread Ltd,13,2011,"27,358.91",Energy,Self-generated AND consumed electricity on-site,,
AlphaTread Ltd,14,2011,"402,307.43",Energy,Purchased Steam,,
AlphaTread Ltd,15,2011,0,Energy,Sold Electricity,,
AlphaTread Ltd,16,2011,0,Energy,Sold Steam,,
AlphaTread Ltd,17,2011,"3,850,000.69",Energy,Natural Gas,,
AlphaTread Ltd,18,2011,"421,654.66",Energy,Coal,,
AlphaTread Ltd,19,2011,"272,791.75",Energy,Propane,,
AlphaTread Ltd,20,2011,"440,181.09",Energy,Fuel Oil,,
AlphaTread Ltd,21,2011,"66,507.13",Energy,Diesel,,
AlphaTread Ltd,22,2011,"20,426.39",Energy,Petrol,,
AlphaTread Ltd,23,2011,0.00,Energy,Biomass,,
AlphaTread Ltd,24,2011,0.00,Energy,Waste tires,,
AlphaTread Ltd,25,2011,"945,953.73",Energy,LPG,,
AlphaTread Ltd,26,2011,"2,547.08",Energy,Other,,
AlphaTread Ltd,27,2011,,,,,
AlphaTread Ltd,28,2011,"9,735,888.77",Energy,Total energy,,
AlphaTread Ltd,29,2011,11.58,Energy,Total energy - KPI,,
AlphaTread Ltd,30,2011,,,,,
AlphaTread Ltd,31,2011,"215,985.04",CO2 emissions,Natural Gas,,
AlphaTread Ltd,32,2011,"40,057.19",CO2 emissions,Coal,,
AlphaTread Ltd,33,2011,"17,213.16",CO2 emissions,Propane,,
AlphaTread Ltd,34,2011,"34,070.02",CO2 emissions,Fuel Oil,,
AlphaTread Ltd,35,2011,"4,928.18",CO2 emissions,Diesel,,
AlphaTread Ltd,36,2011,"1,415.55",CO2 emissions,Petrol,,
AlphaTread Ltd,37,2011,0,CO2 emissions,Biomass,,
AlphaTread Ltd,38,2011,0,CO2 emissions,Waste tires,,
AlphaTread Ltd,39,2011,"53,068.00",CO2 emissions,LPG,,
AlphaTread Ltd,40,2011,183.14,CO2 emissions,Other,,
AlphaTread Ltd,41,2011,"366,920.27",CO2 emissions,Total CO2 - Scope 1,,
AlphaTread Ltd,42,2011,,,,,
AlphaTread Ltd,43,2011,"345,792.59",CO2 emissions,Total CO2 - Scope 2,,
AlphaTread Ltd,44,2011,,,,,
AlphaTread Ltd,45,2011,"712,712.86",CO2 emissions,Total CO2,,
AlphaTread Ltd,46,2011,0.85,CO2 emissions,Total CO2 - KPI,,
AlphaTread Ltd,1,2012,15,ISO 14001,Total no. of sites,,
AlphaTread Ltd,2,2012,15,ISO 14001,ISO 14001 sites,,
AlphaTread Ltd,3,2012,0.86,ISO 14001,% certified sites,,
AlphaTread Ltd,4,2012,,,,,
AlphaTread Ltd,5,2012,"925,877.81",Production,Production,,
AlphaTread Ltd,6,2012,,,,,
AlphaTread Ltd,7,2012,"7,870,332.68",Water,Water intake,,
AlphaTread Ltd,8,2012,8.50,Water,Water intake - KPI,,
AlphaTread Ltd,9,2012,,,,,
AlphaTread Ltd,10,2012,"3,155,804.76",Energy,Total Electricity,,
AlphaTread Ltd,11,2012,"546,380.43",Energy,Renewable Electricity Purchased,,
AlphaTread Ltd,12,2012,"2,609,424.33",Energy,Non-Renewable Electricity Purchased,,
AlphaTread Ltd,13,2012,"27,319.02",Energy,Self-generated AND consumed electricity on-site,,
AlphaTread Ltd,14,2012,"459,657.12",Energy,Purchased Steam,,
AlphaTread Ltd,15,2012,0,Energy,Sold Electricity,,
AlphaTread Ltd,16,2012,0,Energy,Sold Steam,,
AlphaTread Ltd,17,2012,"4,252,777.70",Energy,Natural Gas,,
AlphaTread Ltd,18,2012,"399,854.43",Energy,Coal,,
AlphaTread Ltd,19,2012,"282,496.51",Energy,Propane,,
AlphaTread Ltd,20,2012,"404,869.05",Energy,Fuel Oil,,
AlphaTread Ltd,21,2012,"68,948.12",Energy,Diesel,,
AlphaTread Ltd,22,2012,"22,640.03",Energy,Petrol,,
AlphaTread Ltd,23,2012,0.00,Energy,Biomass,,
AlphaTread Ltd,24,2012,0.00,Energy,Waste tires,,
AlphaTread Ltd,25,2012,"992,405.23",Energy,LPG,,
AlphaTread Ltd,26,2012,"2,542.84",Energy,Other,,
AlphaTread Ltd,27,2012,,,,,
AlphaTread Ltd,28,2012,"10,041,995.80",Energy,Total energy,,
AlphaTread Ltd,29,2012,10.85,Energy,Total energy - KPI,,
AlphaTread Ltd,30,2012,,,,,
AlphaTread Ltd,31,2012,"238,580.83",CO2 emissions,Natural Gas,,
AlphaTread Ltd,32,2012,"37,986.17",CO2 emissions,Coal,,
AlphaTread Ltd,33,2012,"17,825.53",CO2 emissions,Propane,,
AlphaTread Ltd,34,2012,"31,336.86",CO2 emissions,Fuel Oil,,
AlphaTread Ltd,35,2012,"5,109.06",CO2 emissions,Diesel,,
AlphaTread Ltd,36,2012,"1,568.95",CO2 emissions,Petrol,,
AlphaTread Ltd,37,2012,0,CO2 emissions,Biomass,,
AlphaTread Ltd,38,2012,0,CO2 emissions,Waste tires,,
AlphaTread Ltd,39,2012,"55,673.93",CO2 emissions,LPG,,
AlphaTread Ltd,40,2012,182.83,CO2 emissions,Other,,
AlphaTread Ltd,41,2012,"388,264.17",CO2 emissions,Total CO2 - Scope 1,,
AlphaTread Ltd,42,2012,,,,,
AlphaTread Ltd,43,2012,"326,178.04",CO2 emissions,Total CO2 - Scope 2,,
AlphaTread Ltd,44,2012,,,,,
AlphaTread Ltd,45,2012,"714,442.21",CO2 emissions,Total CO2,,
AlphaTread Ltd,46,2012,0.77,CO2 emissions,Total CO2 - KPI,,
AlphaTread Ltd,1,2013,15,ISO 14001,Total no. of sites,,
AlphaTread Ltd,2,2013,15,ISO 14001,ISO 14001 sites,,
AlphaTread Ltd,3,2013,0.85,ISO 14001,% certified sites,,
AlphaTread Ltd,4,2013,,,,,
AlphaTread Ltd,5,2013,"899,363.11",Production,Production,,
AlphaTread Ltd,6,2013,,,,,
AlphaTread Ltd,7,2013,"8,419,229.29",Water,Water intake,,
AlphaTread Ltd,8,2013,9.36,Water,Water intake - KPI,,
AlphaTread Ltd,9,2013,,,,,
AlphaTread Ltd,10,2013,"3,247,543.84",Energy,Total Electricity,,
AlphaTread Ltd,11,2013,"588,244.03",Energy,Renewable Electricity Purchased,,
AlphaTread Ltd,12,2013,"2,659,299.81",Energy,Non-Renewable Electricity Purchased,,
AlphaTread Ltd,13,2013,"29,412.20",Energy,Self-generated AND consumed electricity on-site,,
AlphaTread Ltd,14,2013,"451,354.17",Energy,Purchased Steam,,
AlphaTread Ltd,15,2013,0,Energy,Sold Electricity,,
AlphaTread Ltd,16,2013,0,Energy,Sold Steam,,
AlphaTread Ltd,17,2013,"4,389,786.74",Energy,Natural Gas,,
AlphaTread Ltd,18,2013,"323,471.30",Energy,Coal,,
AlphaTread Ltd,19,2013,"277,063.43",Energy,Propane,,
AlphaTread Ltd,20,2013,"377,782.35",Energy,Fuel Oil,,
AlphaTread Ltd,21,2013,"67,545.49",Energy,Diesel,,
AlphaTread Ltd,22,2013,"21,127.34",Energy,Petrol,,
AlphaTread Ltd,23,2013,0.00,Energy,Biomass,,
AlphaTread Ltd,24,2013,0.00,Energy,Waste tires,,
AlphaTread Ltd,25,2013,"1,014,391.31",Energy,LPG,,
AlphaTread Ltd,26,2013,"2,441.08",Energy,Other,,
AlphaTread Ltd,27,2013,,,,,
AlphaTread Ltd,28,2013,"10,172,507.05",Energy,Total energy,,
AlphaTread Ltd,29,2013,11.31,Energy,Total energy - KPI,,
AlphaTread Ltd,30,2013,,,,,
AlphaTread Ltd,31,2013,"246,267.04",CO2 emissions,Natural Gas,,
AlphaTread Ltd,32,2013,"30,729.77",CO2 emissions,Coal,,
AlphaTread Ltd,33,2013,"17,482.70",CO2 emissions,Propane,,
AlphaTread Ltd,34,2013,"29,240.35",CO2 emissions,Fuel Oil,,
AlphaTread Ltd,35,2013,"5,005.12",CO2 emissions,Diesel,,
AlphaTread Ltd,36,2013,"1,464.12",CO2 emissions,Petrol,,
AlphaTread Ltd,37,2013,0,CO2 emissions,Biomass,,
AlphaTread Ltd,38,2013,0,CO2 emissions,Waste tires,,
AlphaTread Ltd,39,2013,"56,907.35",CO2 emissions,LPG,,
AlphaTread Ltd,40,2013,175.51,CO2 emissions,Other,,
AlphaTread Ltd,41,2013,"387,271.98",CO2 emissions,Total CO2 - Scope 1,,
AlphaTread Ltd,42,2013,,,,,
AlphaTread Ltd,43,2013,"332,412.48",CO2 emissions,Total CO2 - Scope 2,,
AlphaTread Ltd,44,2013,,,,,
AlphaTread Ltd,45,2013,"719,684.45",CO2 emissions,Total CO2,,
AlphaTread Ltd,46,2013,0.80,CO2 emissions,Total CO2 - KPI,,
AlphaTread Ltd,1,2014,15,ISO 14001,Total no. of sites,,
AlphaTread Ltd,2,2014,15,ISO 14001,ISO 14001 sites,,
AlphaTread Ltd,3,2014,0.95,ISO 14001,% certified sites,,
AlphaTread Ltd,4,2014,,,,,
AlphaTread Ltd,5,2014,"855,115.24",Production,Production,,
AlphaTread Ltd,6,2014,,,,,
AlphaTread Ltd,7,2014,"7,330,781.45",Water,Water intake,,
AlphaTread Ltd,8,2014,8.57,Water,Water intake - KPI,,
AlphaTread Ltd,9,2014,,,,,
AlphaTread Ltd,10,2014,"3,425,204.29",Energy,Total Electricity,,
AlphaTread Ltd,11,2014,"647,826.20",Energy,Renewable Electricity Purchased,,
AlphaTread Ltd,12,2014,"2,777,378.09",Energy,Non-Renewable Electricity Purchased,,
AlphaTread Ltd,13,2014,"32,391.31",Energy,Self-generated AND consumed electricity on-site,,
AlphaTread Ltd,14,2014,"479,026.73",Energy,Purchased Steam,,
AlphaTread Ltd,15,2014,0,Energy,Sold Electricity,,
AlphaTread Ltd,16,2014,0,Energy,Sold Steam,,
AlphaTread Ltd,17,2014,"4,427,250.38",Energy,Natural Gas,,
AlphaTread Ltd,18,2014,"289,938.71",Energy,Coal,,
AlphaTread Ltd,19,2014,"298,246.99",Energy,Propane,,
AlphaTread Ltd,20,2014,"364,429.22",Energy,Fuel Oil,,
AlphaTread Ltd,21,2014,"63,056.38",Energy,Diesel,,
AlphaTread Ltd,22,2014,"22,877.11",Energy,Petrol,,
AlphaTread Ltd,23,2014,0.00,Energy,Biomass,,
AlphaTread Ltd,24,2014,0.00,Energy,Waste tires,,
AlphaTread Ltd,25,2014,"1,042,716.05",Energy,LPG,,
AlphaTread Ltd,26,2014,"2,269.10",Energy,Other,,
AlphaTread Ltd,27,2014,,,,,
AlphaTread Ltd,28,2014,"10,415,014.97",Energy,Total energy,,
AlphaTread Ltd,29,2014,12.18,Energy,Total energy - KPI,,
AlphaTread Ltd,30,2014,,,,,
AlphaTread Ltd,31,2014,"248,368.75",CO2 emissions,Natural Gas,,
AlphaTread Ltd,32,2014,"27,544.18",CO2 emissions,Coal,,
AlphaTread Ltd,33,2014,"18,819.39",CO2 emissions,Propane,,
AlphaTread Ltd,34,2014,"28,206.82",CO2 emissions,Fuel Oil,,
AlphaTread Ltd,35,2014,"4,672.48",CO2 emissions,Diesel,,
AlphaTread Ltd,36,2014,"1,585.38",CO2 emissions,Petrol,,
AlphaTread Ltd,37,2014,0,CO2 emissions,Biomass,,
AlphaTread Ltd,38,2014,0,CO2 emissions,Waste tires,,
AlphaTread Ltd,39,2014,"58,496.37",CO2 emissions,LPG,,
AlphaTread Ltd,40,2014,163.15,CO2 emissions,Other,,
AlphaTread Ltd,41,2014,"387,856.51",CO2 emissions,Total CO2 - Scope 1,,
AlphaTread Ltd,42,2014,,,,,
AlphaTread Ltd,43,2014,"347,172.26",CO2 emissions,Total CO2 - Scope 2,,
AlphaTread Ltd,44,2014,,,,,
AlphaTread Ltd,45,2014,"735,028.77",CO2 emissions,Total CO2,,
AlphaTread Ltd,46,2014,0.86,CO2 emissions,Total CO2 - KPI,,
AlphaTread Ltd,1,2015,16,ISO 14001,Total no. of sites,,
AlphaTread Ltd,2,2015,16,ISO 14001,ISO 14001 sites,,
AlphaTread Ltd,3,2015,1.00,ISO 14001,% certified sites,,
AlphaTread Ltd,4,2015,,,,,
AlphaTread Ltd,5,2015,"953,054.12",Production,Production,,
AlphaTread Ltd,6,2015,,,,,
AlphaTread Ltd,7,2015,"8,561,252.49",Water,Water intake,,
AlphaTread Ltd,8,2015,8.98,Water,Water intake - KPI,,
AlphaTread Ltd,9,2015,,,,,
AlphaTread Ltd,10,2015,"3,467,171.27",Energy,Total Electricity,,
AlphaTread Ltd,11,2015,"683,501.00",Energy,Renewable Electricity Purchased,,
AlphaTread Ltd,12,2015,"2,783,670.28",Energy,Non-Renewable Electricity Purchased,,
AlphaTread Ltd,13,2015,"34,175.05",Energy,Self-generated AND consumed electricity on-site,,
AlphaTread Ltd,14,2015,"423,772.36",Energy,Purchased Steam,,
AlphaTread Ltd,15,2015,0,Energy,Sold Electricity,,
AlphaTread Ltd,16,2015,0,Energy,Sold Steam,,
AlphaTread Ltd,17,2015,"3,996,741.29",Energy,Natural Gas,,
AlphaTread Ltd,18,2015,"293,733.89",Energy,Coal,,
AlphaTread Ltd,19,2015,"328,596.36",Energy,Propane,,
AlphaTread Ltd,20,2015,"355,310.69",Energy,Fuel Oil,,
AlphaTread Ltd,21,2015,"73,767.98",Energy,Diesel,,
AlphaTread Ltd,22,2015,"22,215.43",Energy,Petrol,,
AlphaTread Ltd,23,2015,0.00,Energy,Biomass,,
AlphaTread Ltd,24,2015,0.00,Energy,Waste tires,,
AlphaTread Ltd,25,2015,"984,279.47",Energy,LPG,,
AlphaTread Ltd,26,2015,"2,218.33",Energy,Other,,
AlphaTread Ltd,27,2015,,,,,
AlphaTread Ltd,28,2015,"9,947,807.07",Energy,Total energy,,
AlphaTread Ltd,29,2015,10.44,Energy,Total energy - KPI,,
AlphaTread Ltd,30,2015,,,,,
AlphaTread Ltd,31,2015,"224,217.19",CO2 emissions,Natural Gas,,
AlphaTread Ltd,32,2015,"27,904.72",CO2 emissions,Coal,,
AlphaTread Ltd,33,2015,"20,734.43",CO2 emissions,Propane,,
AlphaTread Ltd,34,2015,"27,501.05",CO2 emissions,Fuel Oil,,
AlphaTread Ltd,35,2015,"5,466.21",CO2 emissions,Diesel,,
AlphaTread Ltd,36,2015,"1,539.53",CO2 emissions,Petrol,,
AlphaTread Ltd,37,2015,0,CO2 emissions,Biomass,,
AlphaTread Ltd,38,2015,0,CO2 emissions,Waste tires,,
AlphaTread Ltd,39,2015,"55,218.08",CO2 emissions,LPG,,
AlphaTread Ltd,40,2015,159.50,CO2 emissions,Other,,
AlphaTread Ltd,41,2015,"362,740.70",CO2 emissions,Total CO2 - Scope 1,,
AlphaTread Ltd,42,2015,,,,,
AlphaTread Ltd,43,2015,"347,958.78",CO2 emissions,Total CO2 - Scope 2,,
AlphaTread Ltd,44,2015,,,,,
AlphaTread Ltd,45,2015,"710,699.48",CO2 emissions,Total CO2,,
AlphaTread Ltd,46,2015,0.75,CO2 emissions,Total CO2 - KPI,,
AlphaTread Ltd,1,2016,16,ISO 14001,Total no. of sites,,
AlphaTread Ltd,2,2016,16,ISO 14001,ISO 14001 sites,,
AlphaTread Ltd,3,2016,1.00,ISO 14001,% certified sites,,
AlphaTread Ltd,4,2016,,,,,
AlphaTread Ltd,5,2016,"908,820.93",Production,Production,,
AlphaTread Ltd,6,2016,,,,,
AlphaTread Ltd,7,2016,"8,613,840.23",Water,Water intake,,
AlphaTread Ltd,8,2016,9.48,Water,Water intake - KPI,,
AlphaTread Ltd,9,2016,,,,,
AlphaTread Ltd,10,2016,"3,753,820.85",Energy,Total Electricity,,
AlphaTread Ltd,11,2016,"770,040.24",Energy,Renewable Electricity Purchased,,
AlphaTread Ltd,12,2016,"2,983,780.61",Energy,Non-Renewable Electricity Purchased,,
AlphaTread Ltd,13,2016,"38,502.01",Energy,Self-generated AND consumed electricity on-site,,
AlphaTread Ltd,14,2016,"496,961.44",Energy,Purchased Steam,,
AlphaTread Ltd,15,2016,0,Energy,Sold Electricity,,
AlphaTread Ltd,16,2016,0,Energy,Sold Steam,,
AlphaTread Ltd,17,2016,"4,661,045.72",Energy,Natural Gas,,
AlphaTread Ltd,18,2016,"232,076.47",Energy,Coal,,
AlphaTread Ltd,19,2016,"302,720.51",Energy,Propane,,
AlphaTread Ltd,20,2016,"306,725.83",Energy,Fuel Oil,,
AlphaTread Ltd,21,2016,"74,748.03",Energy,Diesel,,
AlphaTread Ltd,22,2016,"23,273.58",Energy,Petrol,,
AlphaTread Ltd,23,2016,0.00,Energy,Biomass,,
AlphaTread Ltd,24,2016,0.00,Energy,Waste tires,,
AlphaTread Ltd,25,2016,"1,049,716.47",Energy,LPG,,
AlphaTread Ltd,26,2016,"2,404.49",Energy,Other,,
AlphaTread Ltd,27,2016,,,,,
AlphaTread Ltd,28,2016,"10,903,493.39",Energy,Total energy,,
AlphaTread Ltd,29,2016,12.00,Energy,Total energy - KPI,,
AlphaTread Ltd,30,2016,,,,,
AlphaTread Ltd,31,2016,"261,484.66",CO2 emissions,Natural Gas,,
AlphaTread Ltd,32,2016,"22,047.26",CO2 emissions,Coal,,
AlphaTread Ltd,33,2016,"19,101.66",CO2 emissions,Propane,,
AlphaTread Ltd,34,2016,"23,740.58",CO2 emissions,Fuel Oil,,
AlphaTread Ltd,35,2016,"5,538.83",CO2 emissions,Diesel,,
AlphaTread Ltd,36,2016,"1,612.86",CO2 emissions,Petrol,,
AlphaTread Ltd,37,2016,0,CO2 emissions,Biomass,,
AlphaTread Ltd,38,2016,0,CO2 emissions,Waste tires,,
AlphaTread Ltd,39,2016,"58,889.09",CO2 emissions,LPG,,
AlphaTread Ltd,40,2016,172.88,CO2 emissions,Other,,
AlphaTread Ltd,41,2016,"392,587.84",CO2 emissions,Total CO2 - Scope 1,,
AlphaTread Ltd,42,2016,,,,,
AlphaTread Ltd,43,2016,"372,972.58",CO2 emissions,Total CO2 - Scope 2,,
AlphaTread Ltd,44,2016,,,,,
AlphaTread Ltd,45,2016,"765,560.41",CO2 emissions,Total CO2,,
AlphaTread Ltd,46,2016,0.84,CO2 emissions,Total CO2 - KPI,,
AlphaTread Ltd,1,2017,16,ISO 14001,Total no. of sites,,
AlphaTread Ltd,2,2017,16,ISO 14001,ISO 14001 sites,,
AlphaTread Ltd,3,2017,1.00,ISO 14001,% certified sites,,
AlphaTread Ltd,4,2017,,,,,
AlphaTread Ltd,5,2017,"904,609.12",Production,Production,,
AlphaTread Ltd,6,2017,,,,,
AlphaTread Ltd,7,2017,"8,613,765.71",Water,Water intake,,
AlphaTread Ltd,8,2017,9.52,Water,Water intake - KPI,,
AlphaTread Ltd,9,2017,,,,,
AlphaTread Ltd,10,2017,"3,873,796.18",Energy,Total Electricity,,
AlphaTread Ltd,11,2017,"825,641.76",Energy,Renewable Electricity Purchased,,
AlphaTread Ltd,12,2017,"3,048,154.42",Energy,Non-Renewable Electricity Purchased,,
AlphaTread Ltd,13,2017,"41,282.09",Energy,Self-generated AND consumed electricity on-site,,
AlphaTread Ltd,14,2017,"516,402.84",Energy,Purchased Steam,,
AlphaTread Ltd,15,2017,0,Energy,Sold Electricity,,
AlphaTread Ltd,16,2017,0,Energy,Sold Steam,,
AlphaTread Ltd,17,2017,"4,697,104.89",Energy,Natural Gas,,
AlphaTread Ltd,18,2017,"222,775.83",Energy,Coal,,
AlphaTread Ltd,19,2017,"297,580.13",Energy,Propane,,
AlphaTread Ltd,20,2017,"313,790.49",Energy,Fuel Oil,,
AlphaTread Ltd,21,2017,"71,102.01",Energy,Diesel,,
AlphaTread Ltd,22,2017,"23,437.35",Energy,Petrol,,
AlphaTread Ltd,23,2017,0.00,Energy,Biomass,,
AlphaTread Ltd,24,2017,0.00,Energy,Waste tires,,
AlphaTread Ltd,25,2017,"1,140,984.20",Energy,LPG,,
AlphaTread Ltd,26,2017,"2,496.36",Energy,Other,,
AlphaTread Ltd,27,2017,,,,,
AlphaTread Ltd,28,2017,"11,159,470.28",Energy,Total energy,,
AlphaTread Ltd,29,2017,12.34,Energy,Total energy - KPI,,
AlphaTread Ltd,30,2017,,,,,
AlphaTread Ltd,31,2017,"263,507.58",CO2 emissions,Natural Gas,,
AlphaTread Ltd,32,2017,"21,163.70",CO2 emissions,Coal,,
AlphaTread Ltd,33,2017,"18,777.31",CO2 emissions,Propane,,
AlphaTread Ltd,34,2017,"24,287.38",CO2 emissions,Fuel Oil,,
AlphaTread Ltd,35,2017,"5,268.66",CO2 emissions,Diesel,,
AlphaTread Ltd,36,2017,"1,624.21",CO2 emissions,Petrol,,
AlphaTread Ltd,37,2017,0,CO2 emissions,Biomass,,
AlphaTread Ltd,38,2017,0,CO2 emissions,Waste tires,,
AlphaTread Ltd,39,2017,"64,009.21",CO2 emissions,LPG,,
AlphaTread Ltd,40,2017,179.49,CO2 emissions,Other,,
AlphaTread Ltd,41,2017,"398,817.55",CO2 emissions,Total CO2 - Scope 1,,
AlphaTread Ltd,42,2017,,,,,
AlphaTread Ltd,43,2017,"381,019.30",CO2 emissions,Total CO2 - Scope 2,,
AlphaTread Ltd,44,2017,,,,,
AlphaTread Ltd,45,2017,"779,836.85",CO2 emissions,Total CO2,,
AlphaTread Ltd,46,2017,0.86,CO2 emissions,Total CO2 - KPI,,
AlphaTread Ltd,1,2018,17,ISO 14001,Total no. of sites,,
AlphaTread Ltd,2,2018,17,ISO 14001,ISO 14001 sites,,
AlphaTread Ltd,3,2018,1.00,ISO 14001,% certified sites,,
AlphaTread Ltd,4,2018,,,,,
AlphaTread Ltd,5,2018,"1,026,082.30",Production,Production,,
AlphaTread Ltd,6,2018,,,,,
AlphaTread Ltd,7,2018,"8,800,585.21",Water,Water intake,,
AlphaTread Ltd,8,2018,8.58,Water,Water intake - KPI,,
AlphaTread Ltd,9,2018,,,,,
AlphaTread Ltd,10,2018,"3,908,328.09",Energy,Total Electricity,,
AlphaTread Ltd,11,2018,"864,268.35",Energy,Renewable Electricity Purchased,,
AlphaTread Ltd,12,2018,"3,044,059.75",Energy,Non-Renewable Electricity Purchased,,
AlphaTread Ltd,13,2018,"43,213.42",Energy,Self-generated AND consumed electricity on-site,,
AlphaTread Ltd,14,2018,"459,123.75",Energy,Purchased Steam,,
AlphaTread Ltd,15,2018,0,Energy,Sold Electricity,,
AlphaTread Ltd,16,2018,0,Energy,Sold Steam,,
AlphaTread Ltd,17,2018,"4,839,832.02",Energy,Natural Gas,,
AlphaTread Ltd,18,2018,"186,689.48",Energy,Coal,,
AlphaTread Ltd,19,2018,"314,176.86",Energy,Propane,,
AlphaTread Ltd,20,2018,"291,189.79",Energy,Fuel Oil,,
AlphaTread Ltd,21,2018,"74,112.23",Energy,Diesel,,
AlphaTread Ltd,22,2018,"21,242.56",Energy,Petrol,,
AlphaTread Ltd,23,2018,0.00,Energy,Biomass,,
AlphaTread Ltd,24,2018,0.00,Energy,Waste tires,,
AlphaTread Ltd,25,2018,"1,163,529.97",Energy,LPG,,
AlphaTread Ltd,26,2018,"2,256.13",Energy,Other,,
AlphaTread Ltd,27,2018,,,,,
AlphaTread Ltd,28,2018,"11,260,480.89",Energy,Total energy,,
AlphaTread Ltd,29,2018,10.97,Energy,Total energy - KPI,,
AlphaTread Ltd,30,2018,,,,,
AlphaTread Ltd,31,2018,"271,514.58",CO2 emissions,Natural Gas,,
AlphaTread Ltd,32,2018,"17,735.50",CO2 emissions,Coal,,
AlphaTread Ltd,33,2018,"19,824.56",CO2 emissions,Propane,,
AlphaTread Ltd,34,2018,"22,538.09",CO2 emissions,Fuel Oil,,
AlphaTread Ltd,35,2018,"5,491.72",CO2 emissions,Diesel,,
AlphaTread Ltd,36,2018,"1,472.11",CO2 emissions,Petrol,,
AlphaTread Ltd,37,2018,0,CO2 emissions,Biomass,,
AlphaTread Ltd,38,2018,0,CO2 emissions,Waste tires,,
AlphaTread Ltd,39,2018,"65,274.03",CO2 emissions,LPG,,
AlphaTread Ltd,40,2018,162.22,CO2 emissions,Other,,
AlphaTread Ltd,41,2018,"404,012.80",CO2 emissions,Total CO2 - Scope 1,,
AlphaTread Ltd,42,2018,,,,,
AlphaTread Ltd,43,2018,"380,507.47",CO2 emissions,Total CO2 - Scope 2,,
AlphaTread Ltd,44,2018,,,,,
AlphaTread Ltd,45,2018,"784,520.27",CO2 emissions,Total CO2,,
AlphaTread Ltd,46,2018,0.76,CO2 emissions,Total CO2 - KPI,,
AlphaTread Ltd,1,2019,17,ISO 14001,Total no. of sites,,
AlphaTread Ltd,2,2019,17,ISO 14001,ISO 14001 sites,,
AlphaTread Ltd,3,2019,1.00,ISO 14001,% certified sites,,
AlphaTread Ltd,4,2019,,,,,
AlphaTread Ltd,5,2019,"921,412.75",Production,Production,,
AlphaTread Ltd,6,2019,,,,,
AlphaTread Ltd,7,2019,"7,806,076.42",Water,Water intake,,
AlphaTread Ltd,8,2019,8.47,Water,Water intake - KPI,,
AlphaTread Ltd,9,2019,,,,,
AlphaTread Ltd,10,2019,"3,708,010.76",Energy,Total Electricity,,
AlphaTread Ltd,11,2019,"849,635.25",Energy,Renewable Electricity Purchased,,
AlphaTread Ltd,12,2019,"2,858,375.52",Energy,Non-Renewable Electricity Purchased,,
AlphaTread Ltd,13,2019,"42,481.76",Energy,Self-generated AND consumed electricity on-site,,
AlphaTread Ltd,14,2019,"528,974.32",Energy,Purchased Steam,,
AlphaTread Ltd,15,2019,0,Energy,Sold Electricity,,
AlphaTread Ltd,16,2019,0,Energy,Sold Steam,,
AlphaTread Ltd,17,2019,"5,009,245.04",Energy,Natural Gas,,
AlphaTread Ltd,18,2019,"138,097.13",Energy,Coal,,
AlphaTread Ltd,19,2019,"343,082.32",Energy,Propane,,
AlphaTread Ltd,20,2019,"247,911.22",Energy,Fuel Oil,,
AlphaTread Ltd,21,2019,"81,967.23",Energy,Diesel,,
AlphaTread Ltd,22,2019,"22,053.03",Energy,Petrol,,
AlphaTread Ltd,23,2019,0.00,Energy,Biomass,,
AlphaTread Ltd,24,2019,0.00,Energy,Waste tires,,
AlphaTread Ltd,25,2019,"1,213,376.32",Energy,LPG,,
AlphaTread Ltd,26,2019,"2,213.77",Energy,Other,,
AlphaTread Ltd,27,2019,,,,,
AlphaTread Ltd,28,2019,"11,294,931.13",Energy,Total energy,,
AlphaTread Ltd,29,2019,12.26,Energy,Total energy - KPI,,
AlphaTread Ltd,30,2019,,,,,
AlphaTread Ltd,31,2019,"281,018.65",CO2 emissions,Natural Gas,,
AlphaTread Ltd,32,2019,"13,119.23",CO2 emissions,Coal,,
AlphaTread Ltd,33,2019,"21,648.49",CO2 emissions,Propane,,
AlphaTread Ltd,34,2019,"19,188.33",CO2 emissions,Fuel Oil,,
AlphaTread Ltd,35,2019,"6,073.77",CO2 emissions,Diesel,,
AlphaTread Ltd,36,2019,"1,528.27",CO2 emissions,Petrol,,
AlphaTread Ltd,37,2019,0,CO2 emissions,Biomass,,
AlphaTread Ltd,38,2019,0,CO2 emissions,Waste tires,,
AlphaTread Ltd,39,2019,"68,070.41",CO2 emissions,LPG,,
AlphaTread Ltd,40,2019,159.17,CO2 emissions,Other,,
AlphaTread Ltd,41,2019,"410,806.32",CO2 emissions,Total CO2 - Scope 1,,
AlphaTread Ltd,42,2019,,,,,
AlphaTread Ltd,43,2019,"357,296.94",CO2 emissions,Total CO2 - Scope 2,,
AlphaTread Ltd,44,2019,,,,,
AlphaTread Ltd,45,2019,"768,103.26",CO2 emissions,Total CO2,,
AlphaTread Ltd,46,2019,0.83,CO2 emissions,Total CO2 - KPI,,
AlphaTread Ltd,1,2020,17,ISO 14001,Total no. of sites,,
AlphaTread Ltd,2,2020,17,ISO 14001,ISO 14001 sites,,
AlphaTread Ltd,3,2020,1.00,ISO 14001,% certified sites,,
AlphaTread Ltd,4,2020,,,,,
AlphaTread Ltd,5,2020,"1,093,951.36",Production,Production,,
AlphaTread Ltd,6,2020,,,,,
AlphaTread Ltd,7,2020,"9,245,090.60",Water,Water intake,,
AlphaTread Ltd,8,2020,8.45,Water,Water intake - KPI,,
AlphaTread Ltd,9,2020,,,,,
AlphaTread Ltd,10,2020,"4,176,844.09",Energy,Total Electricity,,
AlphaTread Ltd,11,2020,"990,476.15",Energy,Renewable Electricity Purchased,,
AlphaTread Ltd,12,2020,"3,186,367.94",Energy,Non-Renewable Electricity Purchased,,
AlphaTread Ltd,13,2020,"49,523.81",Energy,Self-generated AND consumed electricity on-site,,
AlphaTread Ltd,14,2020,"490,700.72",Energy,Purchased Steam,,
AlphaTread Ltd,15,2020,0,Energy,Sold Electricity,,
AlphaTread Ltd,16,2020,0,Energy,Sold Steam,,
AlphaTread Ltd,17,2020,"4,456,392.97",Energy,Natural Gas,,
AlphaTread Ltd,18,2020,"108,604.05",Energy,Coal,,
AlphaTread Ltd,19,2020,"354,710.82",Energy,Propane,,
AlphaTread Ltd,20,2020,"219,999.85",Energy,Fuel Oil,,
AlphaTread Ltd,21,2020,"78,949.49",Energy,Diesel,,
AlphaTread Ltd,22,2020,"21,966.05",Energy,Petrol,,
AlphaTread Ltd,23,2020,0.00,Energy,Biomass,,
AlphaTread Ltd,24,2020,0.00,Energy,Waste tires,,
AlphaTread Ltd,25,2020,"1,135,134.95",Energy,LPG,,
AlphaTread Ltd,26,2020,"2,387.85",Energy,Other,,
AlphaTread Ltd,27,2020,,,,,
AlphaTread Ltd,28,2020,"11,045,690.84",Energy,Total energy,,
AlphaTread Ltd,29,2020,10.10,Energy,Total energy - KPI,,
AlphaTread Ltd,30,2020,,,,,
AlphaTread Ltd,31,2020,"250,003.65",CO2 emissions,Natural Gas,,
AlphaTread Ltd,32,2020,"10,317.38",CO2 emissions,Coal,,
AlphaTread Ltd,33,2020,"22,382.25",CO2 emissions,Propane,,
AlphaTread Ltd,34,2020,"17,027.99",CO2 emissions,Fuel Oil,,
AlphaTread Ltd,35,2020,"5,850.16",CO2 emissions,Diesel,,
AlphaTread Ltd,36,2020,"1,522.25",CO2 emissions,Petrol,,
AlphaTread Ltd,37,2020,0,CO2 emissions,Biomass,,
AlphaTread Ltd,38,2020,0,CO2 emissions,Waste tires,,
AlphaTread Ltd,39,2020,"63,681.07",CO2 emissions,LPG,,
AlphaTread Ltd,40,2020,171.69,CO2 emissions,Other,,
AlphaTread Ltd,41,2020,"370,956.43",CO2 emissions,Total CO2 - Scope 1,,
AlphaTread Ltd,42,2020,,,,,
AlphaTread Ltd,43,2020,"398,295.99",CO2 emissions,Total CO2 - Scope 2,,
AlphaTread Ltd,44,2020,,,,,
AlphaTread Ltd,45,2020,"769,252.43",CO2 emissions,Total CO2,,
AlphaTread Ltd,46,2020,0.70,CO2 emissions,Total CO2 - KPI,,
AlphaTread Ltd,1,2021,18,ISO 14001,Total no. of sites,,
AlphaTread Ltd,2,2021,18,ISO 14001,ISO 14001 sites,,
AlphaTread Ltd,3,2021,1.00,ISO 14001,% certified sites,,
AlphaTread Ltd,4,2021,,,,,
AlphaTread Ltd,5,2021,"996,618.54",Production,Production,,
AlphaTread Ltd,6,2021,,,,,
AlphaTread Ltd,7,2021,"9,175,783.84",Water,Water intake,,
AlphaTread Ltd,8,2021,9.21,Water,Water intake - KPI,,
AlphaTread Ltd,9,2021,,,,,
AlphaTread Ltd,10,2021,"3,649,139.62",Energy,Total Electricity,,
AlphaTread Ltd,11,2021,"894,532.04",Energy,Renewable Electricity Purchased,,
AlphaTread Ltd,12,2021,"2,754,607.58",Energy,Non-Renewable Electricity Purchased,,
AlphaTread Ltd,13,2021,"44,726.60",Energy,Self-generated AND consumed electricity on-site,,
AlphaTread Ltd,14,2021,"555,225.31",Energy,Purchased Steam,,
AlphaTread Ltd,15,2021,0,Energy,Sold Electricity,,
AlphaTread Ltd,16,2021,0,Energy,Sold Steam,,
AlphaTread Ltd,17,2021,"4,877,319.30",Energy,Natural Gas,,
AlphaTread Ltd,18,2021,"79,030.57",Energy,Coal,,
AlphaTread Ltd,19,2021,"362,414.27",Energy,Propane,,
AlphaTread Ltd,20,2021,"207,067.20",Energy,Fuel Oil,,
AlphaTread Ltd,21,2021,"77,432.89",Energy,Diesel,,
AlphaTread Ltd,22,2021,"20,417.38",Energy,Petrol,,
AlphaTread Ltd,23,2021,0.00,Energy,Biomass,,
AlphaTread Ltd,24,2021,0.00,Energy,Waste tires,,
AlphaTread Ltd,25,2021,"1,210,033.27",Energy,LPG,,
AlphaTread Ltd,26,2021,"2,294.86",Energy,Other,,
AlphaTread Ltd,27,2021,,,,,
AlphaTread Ltd,28,2021,"11,040,374.67",Energy,Total energy,,
AlphaTread Ltd,29,2021,11.08,Energy,Total energy - KPI,,
AlphaTread Ltd,30,2021,,,,,
AlphaTread Ltd,31,2021,"273,617.61",CO2 emissions,Natural Gas,,
AlphaTread Ltd,32,2021,"7,507.90",CO2 emissions,Coal,,
AlphaTread Ltd,33,2021,"22,868.34",CO2 emissions,Propane,,
AlphaTread Ltd,34,2021,"16,027.00",CO2 emissions,Fuel Oil,,
AlphaTread Ltd,35,2021,"5,737.78",CO2 emissions,Diesel,,
AlphaTread Ltd,36,2021,"1,414.92",CO2 emissions,Petrol,,
AlphaTread Ltd,37,2021,0,CO2 emissions,Biomass,,
AlphaTread Ltd,38,2021,0,CO2 emissions,Waste tires,,
AlphaTread Ltd,39,2021,"67,882.87",CO2 emissions,LPG,,
AlphaTread Ltd,40,2021,165.00,CO2 emissions,Other,,
AlphaTread Ltd,41,2021,"395,221.43",CO2 emissions,Total CO2 - Scope 1,,
AlphaTread Ltd,42,2021,,,,,
AlphaTread Ltd,43,2021,"344,325.95",CO2 emissions,Total CO2 - Scope 2,,
AlphaTread Ltd,44,2021,,,,,
AlphaTread Ltd,45,2021,"739,547.37",CO2 emissions,Total CO2,,
AlphaTread Ltd,46,2021,0.74,CO2 emissions,Total CO2 - KPI,,
AlphaTread Ltd,1,2022,18,ISO 14001,Total no. of sites,,
AlphaTread Ltd,2,2022,18,ISO 14001,ISO 14001 sites,,
AlphaTread Ltd,3,2022,1.00,ISO 14001,% certified sites,,
AlphaTread Ltd,4,2022,,,,,
AlphaTread Ltd,5,2022,"1,025,797.64",Production,Production,,
AlphaTread Ltd,6,2022,,,,,
AlphaTread Ltd,7,2022,"9,648,024.08",Water,Water intake,,
AlphaTread Ltd,8,2022,9.41,Water,Water intake - KPI,,
AlphaTread Ltd,9,2022,,,,,
AlphaTread Ltd,10,2022,"4,183,648.84",Energy,Total Electricity,,
AlphaTread Ltd,11,2022,"1,059,028.18",Energy,Renewable Electricity Purchased,,
AlphaTread Ltd,12,2022,"3,124,620.66",Energy,Non-Renewable Electricity Purchased,,
AlphaTread Ltd,13,2022,"52,951.41",Energy,Self-generated AND consumed electricity on-site,,
AlphaTread Ltd,14,2022,"512,898.70",Energy,Purchased Steam,,
AlphaTread Ltd,15,2022,0,Energy,Sold Electricity,,
AlphaTread Ltd,16,2022,0,Energy,Sold Steam,,
AlphaTread Ltd,17,2022,"4,789,953.75",Energy,Natural Gas,,
AlphaTread Ltd,18,2022,"42,317.40",Energy,Coal,,
AlphaTread Ltd,19,2022,"350,063.83",Energy,Propane,,
AlphaTread Ltd,20,2022,"170,602.43",Energy,Fuel Oil,,
AlphaTread Ltd,21,2022,"75,863.66",Energy,Diesel,,
AlphaTread Ltd,22,2022,"21,646.89",Energy,Petrol,,
AlphaTread Ltd,23,2022,0.00,Energy,Biomass,,
AlphaTread Ltd,24,2022,0.00,Energy,Waste tires,,
AlphaTread Ltd,25,2022,"1,286,395.51",Energy,LPG,,
AlphaTread Ltd,26,2022,"2,425.87",Energy,Other,,
AlphaTread Ltd,27,2022,,,,,
AlphaTread Ltd,28,2022,"11,435,816.87",Energy,Total energy,,
AlphaTread Ltd,29,2022,11.15,Energy,Total energy - KPI,,
AlphaTread Ltd,30,2022,,,,,
AlphaTread Ltd,31,2022,"268,716.41",CO2 emissions,Natural Gas,,
AlphaTread Ltd,32,2022,"4,020.15",CO2 emissions,Coal,,
AlphaTread Ltd,33,2022,"22,089.03",CO2 emissions,Propane,,
AlphaTread Ltd,34,2022,"13,204.63",CO2 emissions,Fuel Oil,,
AlphaTread Ltd,35,2022,"5,621.50",CO2 emissions,Diesel,,
AlphaTread Ltd,36,2022,"1,500.13",CO2 emissions,Petrol,,
AlphaTread Ltd,37,2022,0,CO2 emissions,Biomass,,
AlphaTread Ltd,38,2022,0,CO2 emissions,Waste tires,,
AlphaTread Ltd,39,2022,"72,166.79",CO2 emissions,LPG,,
AlphaTread Ltd,40,2022,174.42,CO2 emissions,Other,,
AlphaTread Ltd,41,2022,"387,493.05",CO2 emissions,Total CO2 - Scope 1,,
AlphaTread Ltd,42,2022,,,,,
AlphaTread Ltd,43,2022,"390,577.58",CO2 emissions,Total CO2 - Scope 2,,
AlphaTread Ltd,44,2022,,,,,
AlphaTread Ltd,45,2022,"778,070.63",CO2 emissions,Total CO2,,
AlphaTread Ltd,46,2022,0.76,CO2 emissions,Total CO2 - KPI,,
AlphaTread Ltd,1,2023,18,ISO 14001,Total no. of sites,,
AlphaTread Ltd,2,2023,18,ISO 14001,ISO 14001 sites,,
AlphaTread Ltd,3,2023,1.00,ISO 14001,% certified sites,,
AlphaTread Ltd,4,2023,,,,,
AlphaTread Ltd,5,2023,"1,146,651.03",Production,Production,,
AlphaTread Ltd,6,2023,,,,,
AlphaTread Ltd,7,2023,"10,404,666.65",Water,Water intake,,
AlphaTread Ltd,8,2023,9.07,Water,Water intake - KPI,,
AlphaTread Ltd,9,2023,,,,,
AlphaTread Ltd,10,2023,"3,986,657.11",Energy,Total Electricity,,
AlphaTread Ltd,11,2023,"1,041,055.92",Energy,Renewable Electricity Purchased,,
AlphaTread Ltd,12,2023,"2,945,601.19",Energy,Non-Renewable Electricity Purchased,,
AlphaTread Ltd,13,2023,"52,052.80",Energy,Self-generated AND consumed electricity on-site,,
AlphaTread Ltd,14,2023,"543,962.93",Energy,Purchased Steam,,
AlphaTread Ltd,15,2023,0,Energy,Sold Electricity,,
AlphaTread Ltd,16,2023,0,Energy,Sold Steam,,
AlphaTread Ltd,17,2023,"4,631,550.01",Energy,Natural Gas,,
AlphaTread Ltd,18,2023,"9,218.37",Energy,Coal,,
AlphaTread Ltd,19,2023,"358,262.33",Energy,Propane,,
AlphaTread Ltd,20,2023,"153,107.94",Energy,Fuel Oil,,
AlphaTread Ltd,21,2023,"84,231.38",Energy,Diesel,,
AlphaTread Ltd,22,2023,"21,803.15",Energy,Petrol,,
AlphaTread Ltd,23,2023,0.00,Energy,Biomass,,
AlphaTread Ltd,24,2023,0.00,Energy,Waste tires,,
AlphaTread Ltd,25,2023,"1,213,067.13",Energy,LPG,,
AlphaTread Ltd,26,2023,"2,250.89",Energy,Other,,
AlphaTread Ltd,27,2023,,,,,
AlphaTread Ltd,28,2023,"11,004,111.25",Energy,Total energy,,
AlphaTread Ltd,29,2023,9.60,Energy,Total energy - KPI,,
AlphaTread Ltd,30,2023,,,,,
AlphaTread Ltd,31,2023,"259,829.96",CO2 emissions,Natural Gas,,
AlphaTread Ltd,32,2023,875.75,CO2 emissions,Coal,,
AlphaTread Ltd,33,2023,"22,606.35",CO2 emissions,Propane,,
AlphaTread Ltd,34,2023,"11,850.55",CO2 emissions,Fuel Oil,,
AlphaTread Ltd,35,2023,"6,241.55",CO2 emissions,Diesel,,
AlphaTread Ltd,36,2023,"1,510.96",CO2 emissions,Petrol,,
AlphaTread Ltd,37,2023,0,CO2 emissions,Biomass,,
AlphaTread Ltd,38,2023,0,CO2 emissions,Waste tires,,
AlphaTread Ltd,39,2023,"68,053.07",CO2 emissions,LPG,,
AlphaTread Ltd,40,2023,161.84,CO2 emissions,Other,,
AlphaTread Ltd,41,2023,"371,130.02",CO2 emissions,Total CO2 - Scope 1,,
AlphaTread Ltd,42,2023,,,,,
AlphaTread Ltd,43,2023,"368,200.15",CO2 emissions,Total CO2 - Scope 2,,
AlphaTread Ltd,44,2023,,,,,
AlphaTread Ltd,45,2023,"739,330.17",CO2 emissions,Total CO2,,
AlphaTread Ltd,46,2023,0.64,CO2 emissions,Total CO2 - KPI,,
BetaRubber Inc,1,2009,35,ISO 14001,Total no. of sites,,
BetaRubber Inc,2,2009,35,ISO 14001,ISO 14001 sites,,
BetaRubber Inc,3,2009,0.99,ISO 14001,% certified sites,,
BetaRubber Inc,4,2009,,,,,
BetaRubber Inc,5,2009,"2,606,372.93",Production,Production,,
BetaRubber Inc,6,2009,,,,,
BetaRubber Inc,7,2009,"20,924,975.30",Water,Water intake,,
BetaRubber Inc,8,2009,8.03,Water,Water intake - KPI,,
BetaRubber Inc,9,2009,,,,,
BetaRubber Inc,10,2009,"8,636,268.77",Energy,Total Electricity,,
BetaRubber Inc,11,2009,"985,405.75",Energy,Renewable Electricity Purchased,,
BetaRubber Inc,12,2009,"7,650,863.02",Energy,Non-Renewable Electricity Purchased,,
BetaRubber Inc,13,2009,"49,270.29",Energy,Self-generated AND consumed electricity on-site,,
BetaRubber Inc,14,2009,"1,554,673.58",Energy,Purchased Steam,,
BetaRubber Inc,15,2009,0,Energy,Sold Electricity,,
BetaRubber Inc,16,2009,0,Energy,Sold Steam,,
BetaRubber Inc,17,2009,"8,337,416.07",Energy,Natural Gas,,
BetaRubber Inc,18,2009,"81,695.64",Energy,Coal,,
BetaRubber Inc,19,2009,"91,704.92",Energy,Propane,,
BetaRubber Inc,20,2009,"1,476,189.07",Energy,Fuel Oil,,
BetaRubber Inc,21,2009,"49,555.76",Energy,Diesel,,
BetaRubber Inc,22,2009,"55,608.44",Energy,Petrol,,
BetaRubber Inc,23,2009,0.00,Energy,Biomass,,
BetaRubber Inc,24,2009,0.00,Energy,Waste tires,,
BetaRubber Inc,25,2009,"1,216,947.30",Energy,LPG,,
BetaRubber Inc,26,2009,"1,869.19",Energy,Other,,
BetaRubber Inc,27,2009,,,,,
BetaRubber Inc,28,2009,"21,501,928.74",Energy,Total energy,,
BetaRubber Inc,29,2009,8.25,Energy,Total energy - KPI,,
BetaRubber Inc,30,2009,,,,,
BetaRubber Inc,31,2009,"467,729.04",CO2 emissions,Natural Gas,,
BetaRubber Inc,32,2009,"7,761.09",CO2 emissions,Coal,,
BetaRubber Inc,33,2009,"5,786.58",CO2 emissions,Propane,,
BetaRubber Inc,34,2009,"114,257.03",CO2 emissions,Fuel Oil,,
BetaRubber Inc,35,2009,"3,672.08",CO2 emissions,Diesel,,
BetaRubber Inc,36,2009,"3,853.67",CO2 emissions,Petrol,,
BetaRubber Inc,37,2009,0,CO2 emissions,Biomass,,
BetaRubber Inc,38,2009,0,CO2 emissions,Waste tires,,
BetaRubber Inc,39,2009,"68,270.74",CO2 emissions,LPG,,
BetaRubber Inc,40,2009,134.39,CO2 emissions,Other,,
BetaRubber Inc,41,2009,"671,464.63",CO2 emissions,Total CO2 - Scope 1,,
BetaRubber Inc,42,2009,,,,,
BetaRubber Inc,43,2009,"956,357.88",CO2 emissions,Total CO2 - Scope 2,,
BetaRubber Inc,44,2009,,,,,
BetaRubber Inc,45,2009,"1,627,822.50",CO2 emissions,Total CO2,,
BetaRubber Inc,46,2009,0.62,CO2 emissions,Total CO2 - KPI,,
BetaRubber Inc,1,2010,35,ISO 14001,Total no. of sites,,
BetaRubber Inc,2,2010,35,ISO 14001,ISO 14001 sites,,
BetaRubber Inc,3,2010,0.89,ISO 14001,% certified sites,,
BetaRubber Inc,4,2010,,,,,
BetaRubber Inc,5,2010,"2,478,885.12",Production,Production,,
BetaRubber Inc,6,2010,,,,,
BetaRubber Inc,7,2010,"18,925,877.44",Water,Water intake,,
BetaRubber Inc,8,2010,7.63,Water,Water intake - KPI,,
BetaRubber Inc,9,2010,,,,,
BetaRubber Inc,10,2010,"9,869,101.67",Energy,Total Electricity,,
BetaRubber Inc,11,2010,"1,205,025.87",Energy,Renewable Electricity Purchased,,
BetaRubber Inc,12,2010,"8,664,075.81",Energy,Non-Renewable Electricity Purchased,,
BetaRubber Inc,13,2010,"60,251.29",Energy,Self-generated AND consumed electricity on-site,,
BetaRubber Inc,14,2010,"1,590,272.03",Energy,Purchased Steam,,
BetaRubber Inc,15,2010,0,Energy,Sold Electricity,,
BetaRubber Inc,16,2010,0,Energy,Sold Steam,,
BetaRubber Inc,17,2010,"8,408,076.09",Energy,Natural Gas,,
BetaRubber Inc,18,2010,"75,939.15",Energy,Coal,,
BetaRubber Inc,19,2010,"91,823.34",Energy,Propane,,
BetaRubber Inc,20,2010,"1,376,317.44",Energy,Fuel Oil,,
BetaRubber Inc,21,2010,"48,788.53",Energy,Diesel,,
BetaRubber Inc,22,2010,"51,895.80",Energy,Petrol,,
BetaRubber Inc,23,2010,0.00,Energy,Biomass,,
BetaRubber Inc,24,2010,0.00,Energy,Waste tires,,
BetaRubber Inc,25,2010,"1,337,441.25",Energy,LPG,,
BetaRubber Inc,26,2010,"1,808.37",Energy,Other,,
BetaRubber Inc,27,2010,,,,,
BetaRubber Inc,28,2010,"22,851,463.68",Energy,Total energy,,
BetaRubber Inc,29,2010,9.22,Energy,Total energy - KPI,,
BetaRubber Inc,30,2010,,,,,
BetaRubber Inc,31,2010,"471,693.07",CO2 emissions,Natural Gas,,
BetaRubber Inc,32,2010,"7,214.22",CO2 emissions,Coal,,
BetaRubber Inc,33,2010,"5,794.05",CO2 emissions,Propane,,
BetaRubber Inc,34,2010,"106,526.97",CO2 emissions,Fuel Oil,,
BetaRubber Inc,35,2010,"3,615.23",CO2 emissions,Diesel,,
BetaRubber Inc,36,2010,"3,596.38",CO2 emissions,Petrol,,
BetaRubber Inc,37,2010,0,CO2 emissions,Biomass,,
BetaRubber Inc,38,2010,0,CO2 emissions,Waste tires,,
BetaRubber Inc,39,2010,"75,030.45",CO2 emissions,LPG,,
BetaRubber Inc,40,2010,130.02,CO2 emissions,Other,,
BetaRubber Inc,41,2010,"673,600.40",CO2 emissions,Total CO2 - Scope 1,,
BetaRubber Inc,42,2010,,,,,
BetaRubber Inc,43,2010,"1,083,009.48",CO2 emissions,Total CO2 - Scope 2,,
BetaRubber Inc,44,2010,,,,,
BetaRubber Inc,45,2010,"1,756,609.87",CO2 emissions,Total CO2,,
BetaRubber Inc,46,2010,0.71,CO2 emissions,Total CO2 - KPI,,
BetaRubber Inc,1,2011,35,ISO 14001,Total no. of sites,,
BetaRubber Inc,2,2011,35,ISO 14001,ISO 14001 sites,,
BetaRubber Inc,3,2011,0.97,ISO 14001,% certified sites,,
BetaRubber Inc,4,2011,,,,,
BetaRubber Inc,5,2011,"2,858,846.61",Production,Production,,
BetaRubber Inc,6,2011,,,,,
BetaRubber Inc,7,2011,"20,534,599.13",Water,Water intake,,
BetaRubber Inc,8,2011,7.18,Water,Water intake - KPI,,
BetaRubber Inc,9,2011,,,,,
BetaRubber Inc,10,2011,"9,459,400.77",Energy,Total Electricity,,
BetaRubber Inc,11,2011,"1,230,676.24",Energy,Renewable Electricity Purchased,,
BetaRubber Inc,12,2011,"8,228,724.53",Energy,Non-Renewable Electricity Purchased,,
BetaRubber Inc,13,2011,"61,533.81",Energy,Self-generated AND consumed electricity on-site,,
BetaRubber Inc,14,2011,"1,657,891.93",Energy,Purchased Steam,,
BetaRubber Inc,15,2011,0,Energy,Sold Electricity,,
BetaRubber Inc,16,2011,0,Energy,Sold Steam,,
BetaRubber Inc,17,2011,"9,372,581.41",Energy,Natural Gas,,
BetaRubber Inc,18,2011,"68,992.61",Energy,Coal,,
BetaRubber Inc,19,2011,"91,780.89",Energy,Propane,,
BetaRubber Inc,20,2011,"1,213,435.14",Energy,Fuel Oil,,
BetaRubber Inc,21,2011,"52,811.49",Energy,Diesel,,
BetaRubber Inc,22,2011,"53,735.43",Energy,Petrol,,
BetaRubber Inc,23,2011,0.00,Energy,Biomass,,
BetaRubber Inc,24,2011,0.00,Energy,Waste tires,,
BetaRubber Inc,25,2011,"1,401,149.56",Energy,LPG,,
BetaRubber Inc,26,2011,"2,016.38",Energy,Other,,
BetaRubber Inc,27,2011,,,,,
BetaRubber Inc,28,2011,"23,373,795.62",Energy,Total energy,,
BetaRubber Inc,29,2011,8.18,Energy,Total energy - KPI,,
BetaRubber Inc,30,2011,,,,,
BetaRubber Inc,31,2011,"525,801.82",CO2 emissions,Natural Gas,,
BetaRubber Inc,32,2011,"6,554.30",CO2 emissions,Coal,,
BetaRubber Inc,33,2011,"5,791.37",CO2 emissions,Propane,,
BetaRubber Inc,34,2011,"93,919.88",CO2 emissions,Fuel Oil,,
BetaRubber Inc,35,2011,"3,913.33",CO2 emissions,Diesel,,
BetaRubber Inc,36,2011,"3,723.87",CO2 emissions,Petrol,,
BetaRubber Inc,37,2011,0,CO2 emissions,Biomass,,
BetaRubber Inc,38,2011,0,CO2 emissions,Waste tires,,
BetaRubber Inc,39,2011,"78,604.49",CO2 emissions,LPG,,
BetaRubber Inc,40,2011,144.98,CO2 emissions,Other,,
BetaRubber Inc,41,2011,"718,454.03",CO2 emissions,Total CO2 - Scope 1,,
BetaRubber Inc,42,2011,,,,,
BetaRubber Inc,43,2011,"1,028,590.57",CO2 emissions,Total CO2 - Scope 2,,
BetaRubber Inc,44,2011,,,,,
BetaRubber Inc,45,2011,"1,747,044.60",CO2 emissions,Total CO2,,
BetaRubber Inc,46,2011,0.61,CO2 emissions,Total CO2 - KPI,,
BetaRubber Inc,1,2012,36,ISO 14001,Total no. of sites,,
BetaRubber Inc,2,2012,36,ISO 14001,ISO 14001 sites,,
BetaRubber Inc,3,2012,0.94,ISO 14001,% certified sites,,
BetaRubber Inc,4,2012,,,,,
BetaRubber Inc,5,2012,"3,033,585.92",Production,Production,,
BetaRubber Inc,6,2012,,,,,
BetaRubber Inc,7,2012,"24,927,827.17",Water,Water intake,,
BetaRubber Inc,8,2012,8.22,Water,Water intake - KPI,,
BetaRubber Inc,9,2012,,,,,
BetaRubber Inc,10,2012,"10,415,901.88",Energy,Total Electricity,,
BetaRubber Inc,11,2012,"1,438,445.08",Energy,Renewable Electricity Purchased,,
BetaRubber Inc,12,2012,"8,977,456.81",Energy,Non-Renewable Electricity Purchased,,
BetaRubber Inc,13,2012,"71,922.25",Energy,Self-generated AND consumed electricity on-site,,
BetaRubber Inc,14,2012,"1,822,469.35",Energy,Purchased Steam,,
BetaRubber Inc,15,2012,0,Energy,Sold Electricity,,
BetaRubber Inc,16,2012,0,Energy,Sold Steam,,
BetaRubber Inc,17,2012,"9,254,289.35",Energy,Natural Gas,,
BetaRubber Inc,18,2012,"63,243.67",Energy,Coal,,
BetaRubber Inc,19,2012,"106,608.18",Energy,Propane,,
BetaRubber Inc,20,2012,"1,203,077.47",Energy,Fuel Oil,,
BetaRubber Inc,21,2012,"54,469.38",Energy,Diesel,,
BetaRubber Inc,22,2012,"56,221.95",Energy,Petrol,,
BetaRubber Inc,23,2012,0.00,Energy,Biomass,,
BetaRubber Inc,24,2012,0.00,Energy,Waste tires,,
BetaRubber Inc,25,2012,"1,362,966.20",Energy,LPG,,
BetaRubber Inc,26,2012,"1,888.06",Energy,Other,,
BetaRubber Inc,27,2012,,,,,
BetaRubber Inc,28,2012,"24,341,135.50",Energy,Total energy,,
BetaRubber Inc,29,2012,8.02,Energy,Total energy - KPI,,
BetaRubber Inc,30,2012,,,,,
BetaRubber Inc,31,2012,"519,165.63",CO2 emissions,Natural Gas,,
BetaRubber Inc,32,2012,"6,008.15",CO2 emissions,Coal,,
BetaRubber Inc,33,2012,"6,726.98",CO2 emissions,Propane,,
BetaRubber Inc,34,2012,"93,118.20",CO2 emissions,Fuel Oil,,
BetaRubber Inc,35,2012,"4,036.18",CO2 emissions,Diesel,,
BetaRubber Inc,36,2012,"3,896.18",CO2 emissions,Petrol,,
BetaRubber Inc,37,2012,0,CO2 emissions,Biomass,,
BetaRubber Inc,38,2012,0,CO2 emissions,Waste tires,,
BetaRubber Inc,39,2012,"76,462.40",CO2 emissions,LPG,,
BetaRubber Inc,40,2012,135.75,CO2 emissions,Other,,
BetaRubber Inc,41,2012,"709,549.47",CO2 emissions,Total CO2 - Scope 1,,
BetaRubber Inc,42,2012,,,,,
BetaRubber Inc,43,2012,"1,122,182.10",CO2 emissions,Total CO2 - Scope 2,,
BetaRubber Inc,44,2012,,,,,
BetaRubber Inc,45,2012,"1,831,731.57",CO2 emissions,Total CO2,,
BetaRubber Inc,46,2012,0.60,CO2 emissions,Total CO2 - KPI,,
BetaRubber Inc,1,2013,36,ISO 14001,Total no. of sites,,
BetaRubber Inc,2,2013,36,ISO 14001,ISO 14001 sites,,
BetaRubber Inc,3,2013,0.95,ISO 14001,% certified sites,,
BetaRubber Inc,4,2013,,,,,
BetaRubber Inc,5,2013,"2,762,917.11",Production,Production,,
BetaRubber Inc,6,2013,,,,,
BetaRubber Inc,7,2013,"22,079,400.05",Water,Water intake,,
BetaRubber Inc,8,2013,7.99,Water,Water intake - KPI,,
BetaRubber Inc,9,2013,,,,,
BetaRubber Inc,10,2013,"10,064,155.34",Energy,Total Electricity,,
BetaRubber Inc,11,2013,"1,470,381.82",Energy,Renewable Electricity Purchased,,
BetaRubber Inc,12,2013,"8,593,773.53",Energy,Non-Renewable Electricity Purchased,,
BetaRubber Inc,13,2013,"73,519.09",Energy,Self-generated AND consumed electricity on-site,,
BetaRubber Inc,14,2013,"1,868,983.84",Energy,Purchased Steam,,
BetaRubber Inc,15,2013,0,Energy,Sold Electricity,,
BetaRubber Inc,16,2013,0,Energy,Sold Steam,,
BetaRubber Inc,17,2013,"8,818,602.87",Energy,Natural Gas,,
BetaRubber Inc,18,2013,"53,702.14",Energy,Coal,,
BetaRubber Inc,19,2013,"100,055.50",Energy,Propane,,
BetaRubber Inc,20,2013,"1,082,657.36",Energy,Fuel Oil,,
BetaRubber Inc,21,2013,"50,893.85",Energy,Diesel,,
BetaRubber Inc,22,2013,"54,460.02",Energy,Petrol,,
BetaRubber Inc,23,2013,0.00,Energy,Biomass,,
BetaRubber Inc,24,2013,0.00,Energy,Waste tires,,
BetaRubber Inc,25,2013,"1,319,313.65",Energy,LPG,,
BetaRubber Inc,26,2013,"1,879.29",Energy,Other,,
BetaRubber Inc,27,2013,,,,,
BetaRubber Inc,28,2013,"23,414,703.87",Energy,Total energy,,
BetaRubber Inc,29,2013,8.47,Energy,Total energy - KPI,,
BetaRubber Inc,30,2013,,,,,
BetaRubber Inc,31,2013,"494,723.62",CO2 emissions,Natural Gas,,
BetaRubber Inc,32,2013,"5,101.70",CO2 emissions,Coal,,
BetaRubber Inc,33,2013,"6,313.50",CO2 emissions,Propane,,
BetaRubber Inc,34,2013,"83,797.68",CO2 emissions,Fuel Oil,,
BetaRubber Inc,35,2013,"3,771.23",CO2 emissions,Diesel,,
BetaRubber Inc,36,2013,"3,774.08",CO2 emissions,Petrol,,
BetaRubber Inc,37,2013,0,CO2 emissions,Biomass,,
BetaRubber Inc,38,2013,0,CO2 emissions,Waste tires,,
BetaRubber Inc,39,2013,"74,013.50",CO2 emissions,LPG,,
BetaRubber Inc,40,2013,135.12,CO2 emissions,Other,,
BetaRubber Inc,41,2013,"671,630.44",CO2 emissions,Total CO2 - Scope 1,,
BetaRubber Inc,42,2013,,,,,
BetaRubber Inc,43,2013,"1,074,221.69",CO2 emissions,Total CO2 - Scope 2,,
BetaRubber Inc,44,2013,,,,,
BetaRubber Inc,45,2013,"1,745,852.13",CO2 emissions,Total CO2,,
BetaRubber Inc,46,2013,0.63,CO2 emissions,Total CO2 - KPI,,
BetaRubber Inc,1,2014,36,ISO 14001,Total no. of sites,,
BetaRubber Inc,2,2014,36,ISO 14001,ISO 14001 sites,,
BetaRubber Inc,3,2014,0.96,ISO 14001,% certified sites,,
BetaRubber Inc,4,2014,,,,,
BetaRubber Inc,5,2014,"3,036,186.42",Production,Production,,
BetaRubber Inc,6,2014,,,,,
BetaRubber Inc,7,2014,"21,650,668.45",Water,Water intake,,
BetaRubber Inc,8,2014,7.13,Water,Water intake - KPI,,
BetaRubber Inc,9,2014,,,,,
BetaRubber Inc,10,2014,"10,106,273.20",Energy,Total Electricity,,
BetaRubber Inc,11,2014,"1,557,385.46",Energy,Renewable Electricity Purchased,,
BetaRubber Inc,12,2014,"8,548,887.75",Energy,Non-Renewable Electricity Purchased,,
BetaRubber Inc,13,2014,"77,869.27",Energy,Self-generated AND consumed electricity on-site,,
BetaRubber Inc,14,2014,"1,886,240.19",Energy,Purchased Steam,,
BetaRubber Inc,15,2014,0,Energy,Sold Electricity,,
BetaRubber Inc,16,2014,0,Energy,Sold Steam,,
BetaRubber Inc,17,2014,"9,230,372.08",Energy,Natural Gas,,
BetaRubber Inc,18,2014,"49,557.22",Energy,Coal,,
BetaRubber Inc,19,2014,"104,608.37",Energy,Propane,,
BetaRubber Inc,20,2014,"1,121,707.50",Energy,Fuel Oil,,
BetaRubber Inc,21,2014,"54,317.62",Energy,Diesel,,
BetaRubber Inc,22,2014,"55,805.22",Energy,Petrol,,
BetaRubber Inc,23,2014,0.00,Energy,Biomass,,
BetaRubber Inc,24,2014,0.00,Energy,Waste tires,,
BetaRubber Inc,25,2014,"1,513,906.99",Energy,LPG,,
BetaRubber Inc,26,2014,"2,047.17",Energy,Other,,
BetaRubber Inc,27,2014,,,,,
BetaRubber Inc,28,2014,"24,124,835.56",Energy,Total energy,,
BetaRubber Inc,29,2014,7.95,Energy,Total energy - KPI,,
BetaRubber Inc,30,2014,,,,,
BetaRubber Inc,31,2014,"517,823.87",CO2 emissions,Natural Gas,,
BetaRubber Inc,32,2014,"4,707.94",CO2 emissions,Coal,,
BetaRubber Inc,33,2014,"6,600.79",CO2 emissions,Propane,,
BetaRubber Inc,34,2014,"86,820.16",CO2 emissions,Fuel Oil,,
BetaRubber Inc,35,2014,"4,024.94",CO2 emissions,Diesel,,
BetaRubber Inc,36,2014,"3,867.30",CO2 emissions,Petrol,,
BetaRubber Inc,37,2014,0,CO2 emissions,Biomass,,
BetaRubber Inc,38,2014,0,CO2 emissions,Waste tires,,
BetaRubber Inc,39,2014,"84,930.18",CO2 emissions,LPG,,
BetaRubber Inc,40,2014,147.19,CO2 emissions,Other,,
BetaRubber Inc,41,2014,"708,922.37",CO2 emissions,Total CO2 - Scope 1,,
BetaRubber Inc,42,2014,,,,,
BetaRubber Inc,43,2014,"1,068,610.97",CO2 emissions,Total CO2 - Scope 2,,
BetaRubber Inc,44,2014,,,,,
BetaRubber Inc,45,2014,"1,777,533.34",CO2 emissions,Total CO2,,
BetaRubber Inc,46,2014,0.59,CO2 emissions,Total CO2 - KPI,,
BetaRubber Inc,1,2015,37,ISO 14001,Total no. of sites,,
BetaRubber Inc,2,2015,37,ISO 14001,ISO 14001 sites,,
BetaRubber Inc,3,2015,1.00,ISO 14001,% certified sites,,
BetaRubber Inc,4,2015,,,,,
BetaRubber Inc,5,2015,"2,952,630.29",Production,Production,,
BetaRubber Inc,6,2015,,,,,
BetaRubber Inc,7,2015,"20,843,601.88",Water,Water intake,,
BetaRubber Inc,8,2015,7.06,Water,Water intake - KPI,,
BetaRubber Inc,9,2015,,,,,
BetaRubber Inc,10,2015,"10,237,171.04",Energy,Total Electricity,,
BetaRubber Inc,11,2015,"1,659,454.30",Energy,Renewable Electricity Purchased,,
BetaRubber Inc,12,2015,"8,577,716.75",Energy,Non-Renewable Electricity Purchased,,
BetaRubber Inc,13,2015,"82,972.71",Energy,Self-generated AND consumed electricity on-site,,
BetaRubber Inc,14,2015,"1,992,768.73",Energy,Purchased Steam,,
BetaRubber Inc,15,2015,0,Energy,Sold Electricity,,
BetaRubber Inc,16,2015,0,Energy,Sold Steam,,
BetaRubber Inc,17,2015,"10,105,264.06",Energy,Natural Gas,,
BetaRubber Inc,18,2015,"49,762.61",Energy,Coal,,
BetaRubber Inc,19,2015,"106,913.55",Energy,Propane,,
BetaRubber Inc,20,2015,"1,022,177.26",Energy,Fuel Oil,,
BetaRubber Inc,21,2015,"55,192.03",Energy,Diesel,,
BetaRubber Inc,22,2015,"55,006.34",Energy,Petrol,,
BetaRubber Inc,23,2015,0.00,Energy,Biomass,,
BetaRubber Inc,24,2015,0.00,Energy,Waste tires,,
BetaRubber Inc,25,2015,"1,398,528.55",Energy,LPG,,
BetaRubber Inc,26,2015,"1,875.57",Energy,Other,,
BetaRubber Inc,27,2015,,,,,
BetaRubber Inc,28,2015,"25,024,659.75",Energy,Total energy,,
BetaRubber Inc,29,2015,8.48,Energy,Total energy - KPI,,
BetaRubber Inc,30,2015,,,,,
BetaRubber Inc,31,2015,"566,905.31",CO2 emissions,Natural Gas,,
BetaRubber Inc,32,2015,"4,727.45",CO2 emissions,Coal,,
BetaRubber Inc,33,2015,"6,746.24",CO2 emissions,Propane,,
BetaRubber Inc,34,2015,"79,116.52",CO2 emissions,Fuel Oil,,
BetaRubber Inc,35,2015,"4,089.73",CO2 emissions,Diesel,,
BetaRubber Inc,36,2015,"3,811.94",CO2 emissions,Petrol,,
BetaRubber Inc,37,2015,0,CO2 emissions,Biomass,,
BetaRubber Inc,38,2015,0,CO2 emissions,Waste tires,,
BetaRubber Inc,39,2015,"78,457.45",CO2 emissions,LPG,,
BetaRubber Inc,40,2015,134.85,CO2 emissions,Other,,
BetaRubber Inc,41,2015,"743,989.50",CO2 emissions,Total CO2 - Scope 1,,
BetaRubber Inc,42,2015,,,,,
BetaRubber Inc,43,2015,"1,072,214.59",CO2 emissions,Total CO2 - Scope 2,,
BetaRubber Inc,44,2015,,,,,
BetaRubber Inc,45,2015,"1,816,204.09",CO2 emissions,Total CO2,,
BetaRubber Inc,46,2015,0.62,CO2 emissions,Total CO2 - KPI,,
BetaRubber Inc,1,2016,37,ISO 14001,Total no. of sites,,
BetaRubber Inc,2,2016,37,ISO 14001,ISO 14001 sites,,
BetaRubber Inc,3,2016,1.00,ISO 14001,% certified sites,,
BetaRubber Inc,4,2016,,,,,
BetaRubber Inc,5,2016,"3,044,107.80",Production,Production,,
BetaRubber Inc,6,2016,,,,,
BetaRubber Inc,7,2016,"21,575,722.23",Water,Water intake,,
BetaRubber Inc,8,2016,7.09,Water,Water intake - KPI,,
BetaRubber Inc,9,2016,,,,,
BetaRubber Inc,10,2016,"10,432,926.35",Energy,Total Electricity,,
BetaRubber Inc,11,2016,"1,774,649.81",Energy,Renewable Electricity Purchased,,
BetaRubber Inc,12,2016,"8,658,276.54",Energy,Non-Renewable Electricity Purchased,,
BetaRubber Inc,13,2016,"88,732.49",Energy,Self-generated AND consumed electricity on-site,,
BetaRubber Inc,14,2016,"2,012,817.75",Energy,Purchased Steam,,
BetaRubber Inc,15,2016,0,Energy,Sold Electricity,,
BetaRubber Inc,16,2016,0,Energy,Sold Steam,,
BetaRubber Inc,17,2016,"9,622,696.15",Energy,Natural Gas,,
BetaRubber Inc,18,2016,"38,610.58",Energy,Coal,,
BetaRubber Inc,19,2016,"110,094.24",Energy,Propane,,
BetaRubber Inc,20,2016,"858,610.66",Energy,Fuel Oil,,
BetaRubber Inc,21,2016,"57,073.68",Energy,Diesel,,
BetaRubber Inc,22,2016,"50,016.87",Energy,Petrol,,
BetaRubber Inc,23,2016,0.00,Energy,Biomass,,
BetaRubber Inc,24,2016,0.00,Energy,Waste tires,,
BetaRubber Inc,25,2016,"1,470,450.76",Energy,LPG,,
BetaRubber Inc,26,2016,"1,983.96",Energy,Other,,
BetaRubber Inc,27,2016,,,,,
BetaRubber Inc,28,2016,"24,655,280.99",Energy,Total energy,,
BetaRubber Inc,29,2016,8.10,Energy,Total energy - KPI,,
BetaRubber Inc,30,2016,,,,,
BetaRubber Inc,31,2016,"539,833.25",CO2 emissions,Natural Gas,,
BetaRubber Inc,32,2016,"3,668.00",CO2 emissions,Coal,,
BetaRubber Inc,33,2016,"6,946.95",CO2 emissions,Propane,,
BetaRubber Inc,34,2016,"66,456.47",CO2 emissions,Fuel Oil,,
BetaRubber Inc,35,2016,"4,229.16",CO2 emissions,Diesel,,
BetaRubber Inc,36,2016,"3,466.17",CO2 emissions,Petrol,,
BetaRubber Inc,37,2016,0,CO2 emissions,Biomass,,
BetaRubber Inc,38,2016,0,CO2 emissions,Waste tires,,
BetaRubber Inc,39,2016,"82,492.29",CO2 emissions,LPG,,
BetaRubber Inc,40,2016,142.65,CO2 emissions,Other,,
BetaRubber Inc,41,2016,"707,234.93",CO2 emissions,Total CO2 - Scope 1,,
BetaRubber Inc,42,2016,,,,,
BetaRubber Inc,43,2016,"1,082,284.57",CO2 emissions,Total CO2 - Scope 2,,
BetaRubber Inc,44,2016,,,,,
BetaRubber Inc,45,2016,"1,789,519.50",CO2 emissions,Total CO2,,
BetaRubber Inc,46,2016,0.59,CO2 emissions,Total CO2 - KPI,,
BetaRubber Inc,1,2017,37,ISO 14001,Total no. of sites,,
BetaRubber Inc,2,2017,37,ISO 14001,ISO 14001 sites,,
BetaRubber Inc,3,2017,1.00,ISO 14001,% certified sites,,
BetaRubber Inc,4,2017,,,,,
BetaRubber Inc,5,2017,"2,903,454.65",Production,Production,,
BetaRubber Inc,6,2017,,,,,
BetaRubber Inc,7,2017,"22,764,257.94",Water,Water intake,,
BetaRubber Inc,8,2017,7.84,Water,Water intake - KPI,,
BetaRubber Inc,9,2017,,,,,
BetaRubber Inc,10,2017,"10,304,013.36",Energy,Total Electricity,,
BetaRubber Inc,11,2017,"1,835,153.71",Energy,Renewable Electricity Purchased,,
BetaRubber Inc,12,2017,"8,468,859.65",Energy,Non-Renewable Electricity Purchased,,
BetaRubber Inc,13,2017,"91,757.69",Energy,Self-generated AND consumed electricity on-site,,
BetaRubber Inc,14,2017,"1,986,118.64",Energy,Purchased Steam,,
BetaRubber Inc,15,2017,0,Energy,Sold Electricity,,
BetaRubber Inc,16,2017,0,Energy,Sold Steam,,
BetaRubber Inc,17,2017,"9,262,103.27",Energy,Natural Gas,,
BetaRubber Inc,18,2017,"34,516.58",Energy,Coal,,
BetaRubber Inc,19,2017,"107,812.00",Energy,Propane,,
BetaRubber Inc,20,2017,"819,427.07",Energy,Fuel Oil,,
BetaRubber Inc,21,2017,"59,559.22",Energy,Diesel,,
BetaRubber Inc,22,2017,"53,065.86",Energy,Petrol,,
BetaRubber Inc,23,2017,0.00,Energy,Biomass,,
BetaRubber Inc,24,2017,0.00,Energy,Waste tires,,
BetaRubber Inc,25,2017,"1,589,237.66",Energy,LPG,,
BetaRubber Inc,26,2017,"2,068.01",Energy,Other,,
BetaRubber Inc,27,2017,,,,,
BetaRubber Inc,28,2017,"24,217,921.66",Energy,Total energy,,
BetaRubber Inc,29,2017,8.34,Energy,Total energy - KPI,,
BetaRubber Inc,30,2017,,,,,
BetaRubber Inc,31,2017,"519,603.99",CO2 emissions,Natural Gas,,
BetaRubber Inc,32,2017,"3,279.07",CO2 emissions,Coal,,
BetaRubber Inc,33,2017,"6,802.94",CO2 emissions,Propane,,
BetaRubber Inc,34,2017,"63,423.66",CO2 emissions,Fuel Oil,,
BetaRubber Inc,35,2017,"4,413.34",CO2 emissions,Diesel,,
BetaRubber Inc,36,2017,"3,677.46",CO2 emissions,Petrol,,
BetaRubber Inc,37,2017,0,CO2 emissions,Biomass,,
BetaRubber Inc,38,2017,0,CO2 emissions,Waste tires,,
BetaRubber Inc,39,2017,"89,156.23",CO2 emissions,LPG,,
BetaRubber Inc,40,2017,148.69,CO2 emissions,Other,,
BetaRubber Inc,41,2017,"690,505.39",CO2 emissions,Total CO2 - Scope 1,,
BetaRubber Inc,42,2017,,,,,
BetaRubber Inc,43,2017,"1,058,607.46",CO2 emissions,Total CO2 - Scope 2,,
BetaRubber Inc,44,2017,,,,,
BetaRubber Inc,45,2017,"1,749,112.84",CO2 emissions,Total CO2,,
BetaRubber Inc,46,2017,0.60,CO2 emissions,Total CO2 - KPI,,
BetaRubber Inc,1,2018,38,ISO 14001,Total no. of sites,,
BetaRubber Inc,2,2018,38,ISO 14001,ISO 14001 sites,,
BetaRubber Inc,3,2018,1.00,ISO 14001,% certified sites,,
BetaRubber Inc,4,2018,,,,,
BetaRubber Inc,5,2018,"3,079,466.53",Production,Production,,
BetaRubber Inc,6,2018,,,,,
BetaRubber Inc,7,2018,"22,026,057.85",Water,Water intake,,
BetaRubber Inc,8,2018,7.15,Water,Water intake - KPI,,
BetaRubber Inc,9,2018,,,,,
BetaRubber Inc,10,2018,"10,310,804.77",Energy,Total Electricity,,
BetaRubber Inc,11,2018,"1,918,849.70",Energy,Renewable Electricity Purchased,,
BetaRubber Inc,12,2018,"8,391,955.07",Energy,Non-Renewable Electricity Purchased,,
BetaRubber Inc,13,2018,"95,942.49",Energy,Self-generated AND consumed electricity on-site,,
BetaRubber Inc,14,2018,"2,052,864.09",Energy,Purchased Steam,,
BetaRubber Inc,15,2018,0,Energy,Sold Electricity,,
BetaRubber Inc,16,2018,0,Energy,Sold Steam,,
BetaRubber Inc,17,2018,"11,003,047.76",Energy,Natural Gas,,
BetaRubber Inc,18,2018,"28,887.29",Energy,Coal,,
BetaRubber Inc,19,2018,"118,152.92",Energy,Propane,,
BetaRubber Inc,20,2018,"807,306.99",Energy,Fuel Oil,,
BetaRubber Inc,21,2018,"59,777.79",Energy,Diesel,,
BetaRubber Inc,22,2018,"56,313.53",Energy,Petrol,,
BetaRubber Inc,23,2018,0.00,Energy,Biomass,,
BetaRubber Inc,24,2018,0.00,Energy,Waste tires,,
BetaRubber Inc,25,2018,"1,671,651.35",Energy,LPG,,
BetaRubber Inc,26,2018,"1,869.26",Energy,Other,,
BetaRubber Inc,27,2018,,,,,
BetaRubber Inc,28,2018,"26,110,675.74",Energy,Total energy,,
BetaRubber Inc,29,2018,8.48,Energy,Total energy - KPI,,
BetaRubber Inc,30,2018,,,,,
BetaRubber Inc,31,2018,"617,270.98",CO2 emissions,Natural Gas,,
BetaRubber Inc,32,2018,"2,744.29",CO2 emissions,Coal,,
BetaRubber Inc,33,2018,"7,455.45",CO2 emissions,Propane,,
BetaRubber Inc,34,2018,"62,485.56",CO2 emissions,Fuel Oil,,
BetaRubber Inc,35,2018,"4,429.53",CO2 emissions,Diesel,,
BetaRubber Inc,36,2018,"3,902.53",CO2 emissions,Petrol,,
BetaRubber Inc,37,2018,0,CO2 emissions,Biomass,,
BetaRubber Inc,38,2018,0,CO2 emissions,Waste tires,,
BetaRubber Inc,39,2018,"93,779.64",CO2 emissions,LPG,,
BetaRubber Inc,40,2018,134.40,CO2 emissions,Other,,
BetaRubber Inc,41,2018,"792,202.38",CO2 emissions,Total CO2 - Scope 1,,
BetaRubber Inc,42,2018,,,,,
BetaRubber Inc,43,2018,"1,048,994.38",CO2 emissions,Total CO2 - Scope 2,,
BetaRubber Inc,44,2018,,,,,
BetaRubber Inc,45,2018,"1,841,196.77",CO2 emissions,Total CO2,,
BetaRubber Inc,46,2018,0.60,CO2 emissions,Total CO2 - KPI,,
BetaRubber Inc,1,2019,38,ISO 14001,Total no. of sites,,
BetaRubber Inc,2,2019,38,ISO 14001,ISO 14001 sites,,
BetaRubber Inc,3,2019,1.00,ISO 14001,% certified sites,,
BetaRubber Inc,4,2019,,,,,
BetaRubber Inc,5,2019,"3,020,912.80",Production,Production,,
BetaRubber Inc,6,2019,,,,,
BetaRubber Inc,7,2019,"21,868,363.44",Water,Water intake,,
BetaRubber Inc,8,2019,7.24,Water,Water intake - KPI,,
BetaRubber Inc,9,2019,,,,,
BetaRubber Inc,10,2019,"10,716,061.93",Energy,Total Electricity,,
BetaRubber Inc,11,2019,"2,079,996.91",Energy,Renewable Electricity Purchased,,
BetaRubber Inc,12,2019,"8,636,065.02",Energy,Non-Renewable Electricity Purchased,,
BetaRubber Inc,13,2019,"103,999.85",Energy,Self-generated AND consumed electricity on-site,,
BetaRubber Inc,14,2019,"2,138,070.44",Energy,Purchased Steam,,
BetaRubber Inc,15,2019,0,Energy,Sold Electricity,,
BetaRubber Inc,16,2019,0,Energy,Sold Steam,,
BetaRubber Inc,17,2019,"10,502,472.80",Energy,Natural Gas,,
BetaRubber Inc,18,2019,"22,915.30",Energy,Coal,,
BetaRubber Inc,19,2019,"121,493.30",Energy,Propane,,
BetaRubber Inc,20,2019,"732,304.62",Energy,Fuel Oil,,
BetaRubber Inc,21,2019,"56,386.38",Energy,Diesel,,
BetaRubber Inc,22,2019,"55,040.93",Energy,Petrol,,
BetaRubber Inc,23,2019,0.00,Energy,Biomass,,
BetaRubber Inc,24,2019,0.00,Energy,Waste tires,,
BetaRubber Inc,25,2019,"1,654,416.04",Energy,LPG,,
BetaRubber Inc,26,2019,"1,842.61",Energy,Other,,
BetaRubber Inc,27,2019,,,,,
BetaRubber Inc,28,2019,"26,001,004.35",Energy,Total energy,,
BetaRubber Inc,29,2019,8.61,Energy,Total energy - KPI,,
BetaRubber Inc,30,2019,,,,,
BetaRubber Inc,31,2019,"589,188.72",CO2 emissions,Natural Gas,,
BetaRubber Inc,32,2019,"2,176.95",CO2 emissions,Coal,,
BetaRubber Inc,33,2019,"7,666.23",CO2 emissions,Propane,,
BetaRubber Inc,34,2019,"56,680.38",CO2 emissions,Fuel Oil,,
BetaRubber Inc,35,2019,"4,178.23",CO2 emissions,Diesel,,
BetaRubber Inc,36,2019,"3,814.34",CO2 emissions,Petrol,,
BetaRubber Inc,37,2019,0,CO2 emissions,Biomass,,
BetaRubber Inc,38,2019,0,CO2 emissions,Waste tires,,
BetaRubber Inc,39,2019,"92,812.74",CO2 emissions,LPG,,
BetaRubber Inc,40,2019,132.48,CO2 emissions,Other,,
BetaRubber Inc,41,2019,"756,650.07",CO2 emissions,Total CO2 - Scope 1,,
BetaRubber Inc,42,2019,,,,,
BetaRubber Inc,43,2019,"1,079,508.13",CO2 emissions,Total CO2 - Scope 2,,
BetaRubber Inc,44,2019,,,,,
BetaRubber Inc,45,2019,"1,836,158.20",CO2 emissions,Total CO2,,
BetaRubber Inc,46,2019,0.61,CO2 emissions,Total CO2 - KPI,,
BetaRubber Inc,1,2020,38,ISO 14001,Total no. of sites,,
BetaRubber Inc,2,2020,38,ISO 14001,ISO 14001 sites,,
BetaRubber Inc,3,2020,1.00,ISO 14001,% certified sites,,
BetaRubber Inc,4,2020,,,,,
BetaRubber Inc,5,2020,"3,507,947.78",Production,Production,,
BetaRubber Inc,6,2020,,,,,
BetaRubber Inc,7,2020,"28,888,954.91",Water,Water intake,,
BetaRubber Inc,8,2020,8.24,Water,Water intake - KPI,,
BetaRubber Inc,9,2020,,,,,
BetaRubber Inc,10,2020,"10,896,673.94",Energy,Total Electricity,,
BetaRubber Inc,11,2020,"2,202,227.25",Energy,Renewable Electricity Purchased,,
BetaRubber Inc,12,2020,"8,694,446.70",Energy,Non-Renewable Electricity Purchased,,
BetaRubber Inc,13,2020,"110,111.36",Energy,Self-generated AND consumed electricity on-site,,
BetaRubber Inc,14,2020,"1,962,125.43",Energy,Purchased Steam,,
BetaRubber Inc,15,2020,0,Energy,Sold Electricity,,
BetaRubber Inc,16,2020,0,Energy,Sold Steam,,
BetaRubber Inc,17,2020,"10,284,948.48",Energy,Natural Gas,,
BetaRubber Inc,18,2020,"18,920.72",Energy,Coal,,
BetaRubber Inc,19,2020,"128,894.11",Energy,Propane,,
BetaRubber Inc,20,2020,"621,630.27",Energy,Fuel Oil,,
BetaRubber Inc,21,2020,"62,832.51",Energy,Diesel,,
BetaRubber Inc,22,2020,"50,441.37",Energy,Petrol,,
BetaRubber Inc,23,2020,0.00,Energy,Biomass,,
BetaRubber Inc,24,2020,0.00,Energy,Waste tires,,
BetaRubber Inc,25,2020,"1,672,620.69",Energy,LPG,,
BetaRubber Inc,26,2020,"2,003.70",Energy,Other,,
BetaRubber Inc,27,2020,,,,,
BetaRubber Inc,28,2020,"25,701,091.22",Energy,Total energy,,
BetaRubber Inc,29,2020,7.33,Energy,Total energy - KPI,,
BetaRubber Inc,30,2020,,,,,
BetaRubber Inc,31,2020,"576,985.61",CO2 emissions,Natural Gas,,
BetaRubber Inc,32,2020,"1,797.47",CO2 emissions,Coal,,
BetaRubber Inc,33,2020,"8,133.22",CO2 emissions,Propane,,
BetaRubber Inc,34,2020,"48,114.18",CO2 emissions,Fuel Oil,,
BetaRubber Inc,35,2020,"4,655.89",CO2 emissions,Diesel,,
BetaRubber Inc,36,2020,"3,495.59",CO2 emissions,Petrol,,
BetaRubber Inc,37,2020,0,CO2 emissions,Biomass,,
BetaRubber Inc,38,2020,0,CO2 emissions,Waste tires,,
BetaRubber Inc,39,2020,"93,834.02",CO2 emissions,LPG,,
BetaRubber Inc,40,2020,144.07,CO2 emissions,Other,,
BetaRubber Inc,41,2020,"737,160.04",CO2 emissions,Total CO2 - Scope 1,,
BetaRubber Inc,42,2020,,,,,
BetaRubber Inc,43,2020,"1,086,805.84",CO2 emissions,Total CO2 - Scope 2,,
BetaRubber Inc,44,2020,,,,,
BetaRubber Inc,45,2020,"1,823,965.88",CO2 emissions,Total CO2,,
BetaRubber Inc,46,2020,0.52,CO2 emissions,Total CO2 - KPI,,
BetaRubber Inc,1,2021,39,ISO 14001,Total no. of sites,,
BetaRubber Inc,2,2021,39,ISO 14001,ISO 14001 sites,,
BetaRubber Inc,3,2021,1.00,ISO 14001,% certified sites,,
BetaRubber Inc,4,2021,,,,,
BetaRubber Inc,5,2021,"3,186,134.51",Production,Production,,
BetaRubber Inc,6,2021,,,,,
BetaRubber Inc,7,2021,"25,487,525.67",Water,Water intake,,
BetaRubber Inc,8,2021,8.00,Water,Water intake - KPI,,
BetaRubber Inc,9,2021,,,,,
BetaRubber Inc,10,2021,"12,517,963.07",Energy,Total Electricity,,
BetaRubber Inc,11,2021,"2,630,034.89",Energy,Renewable Electricity Purchased,,
BetaRubber Inc,12,2021,"9,887,928.18",Energy,Non-Renewable Electricity Purchased,,
BetaRubber Inc,13,2021,"131,501.74",Energy,Self-generated AND consumed electricity on-site,,
BetaRubber Inc,14,2021,"2,199,676.45",Energy,Purchased Steam,,
BetaRubber Inc,15,2021,0,Energy,Sold Electricity,,
BetaRubber Inc,16,2021,0,Energy,Sold Steam,,
BetaRubber Inc,17,2021,"10,156,371.38",Energy,Natural Gas,,
BetaRubber Inc,18,2021,"13,789.90",Energy,Coal,,
BetaRubber Inc,19,2021,"127,982.44",Energy,Propane,,
BetaRubber Inc,20,2021,"548,114.82",Energy,Fuel Oil,,
BetaRubber Inc,21,2021,"61,224.12",Energy,Diesel,,
BetaRubber Inc,22,2021,"52,991.79",Energy,Petrol,,
BetaRubber Inc,23,2021,0.00,Energy,Biomass,,
BetaRubber Inc,24,2021,0.00,Energy,Waste tires,,
BetaRubber Inc,25,2021,"1,656,522.54",Energy,LPG,,
BetaRubber Inc,26,2021,"1,913.84",Energy,Other,,
BetaRubber Inc,27,2021,,,,,
BetaRubber Inc,28,2021,"27,336,550.35",Energy,Total energy,,
BetaRubber Inc,29,2021,8.58,Energy,Total energy - KPI,,
BetaRubber Inc,30,2021,,,,,
BetaRubber Inc,31,2021,"569,772.43",CO2 emissions,Natural Gas,,
BetaRubber Inc,32,2021,"1,310.04",CO2 emissions,Coal,,
BetaRubber Inc,33,2021,"8,075.69",CO2 emissions,Propane,,
BetaRubber Inc,34,2021,"42,424.09",CO2 emissions,Fuel Oil,,
BetaRubber Inc,35,2021,"4,536.71",CO2 emissions,Diesel,,
BetaRubber Inc,36,2021,"3,672.33",CO2 emissions,Petrol,,
BetaRubber Inc,37,2021,0,CO2 emissions,Biomass,,
BetaRubber Inc,38,2021,0,CO2 emissions,Waste tires,,
BetaRubber Inc,39,2021,"92,930.91",CO2 emissions,LPG,,
BetaRubber Inc,40,2021,137.61,CO2 emissions,Other,,
BetaRubber Inc,41,2021,"722,859.81",CO2 emissions,Total CO2 - Scope 1,,
BetaRubber Inc,42,2021,,,,,
BetaRubber Inc,43,2021,"1,235,991.02",CO2 emissions,Total CO2 - Scope 2,,
BetaRubber Inc,44,2021,,,,,
BetaRubber Inc,45,2021,"1,958,850.83",CO2 emissions,Total CO2,,
BetaRubber Inc,46,2021,0.61,CO2 emissions,Total CO2 - KPI,,
BetaRubber Inc,1,2022,39,ISO 14001,Total no. of sites,,
BetaRubber Inc,2,2022,39,ISO 14001,ISO 14001 sites,,
BetaRubber Inc,3,2022,1.00,ISO 14001,% certified sites,,
BetaRubber Inc,4,2022,,,,,
BetaRubber Inc,5,2022,"3,662,314.61",Production,Production,,
BetaRubber Inc,6,2022,,,,,
BetaRubber Inc,7,2022,"29,520,643.92",Water,Water intake,,
BetaRubber Inc,8,2022,8.06,Water,Water intake - KPI,,
BetaRubber Inc,9,2022,,,,,
BetaRubber Inc,10,2022,"11,319,046.12",Energy,Total Electricity,,
BetaRubber Inc,11,2022,"2,468,693.77",Energy,Renewable Electricity Purchased,,
BetaRubber Inc,12,2022,"8,850,352.35",Energy,Non-Renewable Electricity Purchased,,
BetaRubber Inc,13,2022,"123,434.69",Energy,Self-generated AND consumed electricity on-site,,
BetaRubber Inc,14,2022,"2,369,206.67",Energy,Purchased Steam,,
BetaRubber Inc,15,2022,0,Energy,Sold Electricity,,
BetaRubber Inc,16,2022,0,Energy,Sold Steam,,
BetaRubber Inc,17,2022,"11,258,891.73",Energy,Natural Gas,,
BetaRubber Inc,18,2022,"7,578.11",Energy,Coal,,
BetaRubber Inc,19,2022,"128,939.52",Energy,Propane,,
BetaRubber Inc,20,2022,"486,544.75",Energy,Fuel Oil,,
BetaRubber Inc,21,2022,"65,486.21",Energy,Diesel,,
BetaRubber Inc,22,2022,"58,142.45",Energy,Petrol,,
BetaRubber Inc,23,2022,0.00,Energy,Biomass,,
BetaRubber Inc,24,2022,0.00,Energy,Waste tires,,
BetaRubber Inc,25,2022,"1,624,719.13",Energy,LPG,,
BetaRubber Inc,26,2022,"2,060.56",Energy,Other,,
BetaRubber Inc,27,2022,,,,,
BetaRubber Inc,28,2022,"27,320,615.25",Energy,Total energy,,
BetaRubber Inc,29,2022,7.46,Energy,Total energy - KPI,,
BetaRubber Inc,30,2022,,,,,
BetaRubber Inc,31,2022,"631,623.83",CO2 emissions,Natural Gas,,
BetaRubber Inc,32,2022,719.92,CO2 emissions,Coal,,
BetaRubber Inc,33,2022,"8,136.08",CO2 emissions,Propane,,
BetaRubber Inc,34,2022,"37,658.56",CO2 emissions,Fuel Oil,,
BetaRubber Inc,35,2022,"4,852.53",CO2 emissions,Diesel,,
BetaRubber Inc,36,2022,"4,029.27",CO2 emissions,Petrol,,
BetaRubber Inc,37,2022,0,CO2 emissions,Biomass,,
BetaRubber Inc,38,2022,0,CO2 emissions,Waste tires,,
BetaRubber Inc,39,2022,"91,146.74",CO2 emissions,LPG,,
BetaRubber Inc,40,2022,148.15,CO2 emissions,Other,,
BetaRubber Inc,41,2022,"778,315.09",CO2 emissions,Total CO2 - Scope 1,,
BetaRubber Inc,42,2022,,,,,
BetaRubber Inc,43,2022,"1,106,294.04",CO2 emissions,Total CO2 - Scope 2,,
BetaRubber Inc,44,2022,,,,,
BetaRubber Inc,45,2022,"1,884,609.14",CO2 emissions,Total CO2,,
BetaRubber Inc,46,2022,0.51,CO2 emissions,Total CO2 - KPI,,
BetaRubber Inc,1,2023,39,ISO 14001,Total no. of sites,,
BetaRubber Inc,2,2023,39,ISO 14001,ISO 14001 sites,,
BetaRubber Inc,3,2023,1.00,ISO 14001,% certified sites,,
BetaRubber Inc,4,2023,,,,,
BetaRubber Inc,5,2023,"3,555,347.09",Production,Production,,
BetaRubber Inc,6,2023,,,,,
BetaRubber Inc,7,2023,"27,180,944.85",Water,Water intake,,
BetaRubber Inc,8,2023,7.65,Water,Water intake - KPI,,
BetaRubber Inc,9,2023,,,,,
BetaRubber Inc,10,2023,"12,182,625.47",Energy,Total Electricity,,
BetaRubber Inc,11,2023,"2,754,502.18",Energy,Renewable Electricity Purchased,,
BetaRubber Inc,12,2023,"9,428,123.29",Energy,Non-Renewable Electricity Purchased,,
BetaRubber Inc,13,2023,"137,725.11",Energy,Self-generated AND consumed electricity on-site,,
BetaRubber Inc,14,2023,"2,331,262.21",Energy,Purchased Steam,,
BetaRubber Inc,15,2023,0,Energy,Sold Electricity,,
BetaRubber Inc,16,2023,0,Energy,Sold Steam,,
BetaRubber Inc,17,2023,"10,811,689.44",Energy,Natural Gas,,
BetaRubber Inc,18,2023,"1,689.91",Energy,Coal,,
BetaRubber Inc,19,2023,"133,883.34",Energy,Propane,,
BetaRubber Inc,20,2023,"393,519.91",Energy,Fuel Oil,,
BetaRubber Inc,21,2023,"68,243.12",Energy,Diesel,,
BetaRubber Inc,22,2023,"51,894.76",Energy,Petrol,,
BetaRubber Inc,23,2023,0.00,Energy,Biomass,,
BetaRubber Inc,24,2023,0.00,Energy,Waste tires,,
BetaRubber Inc,25,2023,"1,708,891.58",Energy,LPG,,
BetaRubber Inc,26,2023,"1,998.39",Energy,Other,,
BetaRubber Inc,27,2023,,,,,
BetaRubber Inc,28,2023,"27,685,698.11",Energy,Total energy,,
BetaRubber Inc,29,2023,7.79,Energy,Total energy - KPI,,
BetaRubber Inc,30,2023,,,,,
BetaRubber Inc,31,2023,"606,535.78",CO2 emissions,Natural Gas,,
BetaRubber Inc,32,2023,160.54,CO2 emissions,Coal,,
BetaRubber Inc,33,2023,"8,448.04",CO2 emissions,Propane,,
BetaRubber Inc,34,2023,"30,458.44",CO2 emissions,Fuel Oil,,
BetaRubber Inc,35,2023,"5,056.81",CO2 emissions,Diesel,,
BetaRubber Inc,36,2023,"3,596.31",CO2 emissions,Petrol,,
BetaRubber Inc,37,2023,0,CO2 emissions,Biomass,,
BetaRubber Inc,38,2023,0,CO2 emissions,Waste tires,,
BetaRubber Inc,39,2023,"95,868.82",CO2 emissions,LPG,,
BetaRubber Inc,40,2023,143.68,CO2 emissions,Other,,
BetaRubber Inc,41,2023,"750,268.42",CO2 emissions,Total CO2 - Scope 1,,
BetaRubber Inc,42,2023,,,,,
BetaRubber Inc,43,2023,"1,178,515.41",CO2 emissions,Total CO2 - Scope 2,,
BetaRubber Inc,44,2023,,,,,
BetaRubber Inc,45,2023,"1,928,783.83",CO2 emissions,Total CO2,,
BetaRubber Inc,46,2023,0.54,CO2 emissions,Total CO2 - KPI,,
GammaTire SA,1,2009,25,ISO 14001,Total no. of sites,,
GammaTire SA,2,2009,25,ISO 14001,ISO 14001 sites,,
GammaTire SA,3,2009,0.85,ISO 14001,% certified sites,,
GammaTire SA,4,2009,,,,,
GammaTire SA,5,2009,"2,212,407.96",Production,Production,,
GammaTire SA,6,2009,,,,,
GammaTire SA,7,2009,"17,658,954.87",Water,Water intake,,
GammaTire SA,8,2009,7.98,Water,Water intake - KPI,,
GammaTire SA,9,2009,,,,,
GammaTire SA,10,2009,"11,518,818.27",Energy,Total Electricity,,
GammaTire SA,11,2009,"1,112,593.72",Energy,Renewable Electricity Purchased,,
GammaTire SA,12,2009,"10,406,224.55",Energy,Non-Renewable Electricity Purchased,,
GammaTire SA,13,2009,"55,629.69",Energy,Self-generated AND consumed electricity on-site,,
GammaTire SA,14,2009,"945,130.53",Energy,Purchased Steam,,
GammaTire SA,15,2009,0,Energy,Sold Electricity,,
GammaTire SA,16,2009,0,Energy,Sold Steam,,
GammaTire SA,17,2009,"6,634,101.88",Energy,Natural Gas,,
GammaTire SA,18,2009,"385,056.96",Energy,Coal,,
GammaTire SA,19,2009,"383,667.62",Energy,Propane,,
GammaTire SA,20,2009,"2,374,228.33",Energy,Fuel Oil,,
GammaTire SA,21,2009,"72,144.48",Energy,Diesel,,
GammaTire SA,22,2009,"56,082.19",Energy,Petrol,,
GammaTire SA,23,2009,0.00,Energy,Biomass,,
GammaTire SA,24,2009,0.00,Energy,Waste tires,,
GammaTire SA,25,2009,"1,393,032.04",Energy,LPG,,
GammaTire SA,26,2009,"3,759.69",Energy,Other,,
GammaTire SA,27,2009,,,,,
GammaTire SA,28,2009,"23,766,021.99",Energy,Total energy,,
GammaTire SA,29,2009,10.74,Energy,Total energy - KPI,,
GammaTire SA,30,2009,,,,,
GammaTire SA,31,2009,"372,173.12",CO2 emissions,Natural Gas,,
GammaTire SA,32,2009,"36,580.41",CO2 emissions,Coal,,
GammaTire SA,33,2009,"24,209.43",CO2 emissions,Propane,,
GammaTire SA,34,2009,"183,765.27",CO2 emissions,Fuel Oil,,
GammaTire SA,35,2009,"5,345.91",CO2 emissions,Diesel,,
GammaTire SA,36,2009,"3,886.50",CO2 emissions,Petrol,,
GammaTire SA,37,2009,0,CO2 emissions,Biomass,,
GammaTire SA,38,2009,0,CO2 emissions,Waste tires,,
GammaTire SA,39,2009,"78,149.10",CO2 emissions,LPG,,
GammaTire SA,40,2009,270.32,CO2 emissions,Other,,
GammaTire SA,41,2009,"704,380.05",CO2 emissions,Total CO2 - Scope 1,,
GammaTire SA,42,2009,,,,,
GammaTire SA,43,2009,"1,300,778.07",CO2 emissions,Total CO2 - Scope 2,,
GammaTire SA,44,2009,,,,,
GammaTire SA,45,2009,"2,005,158.12",CO2 emissions,Total CO2,,
GammaTire SA,46,2009,0.91,CO2 emissions,Total CO2 - KPI,,
GammaTire SA,1,2010,25,ISO 14001,Total no. of sites,,
GammaTire SA,2,2010,25,ISO 14001,ISO 14001 sites,,
GammaTire SA,3,2010,0.92,ISO 14001,% certified sites,,
GammaTire SA,4,2010,,,,,
GammaTire SA,5,2010,"2,393,919.30",Production,Production,,
GammaTire SA,6,2010,,,,,
GammaTire SA,7,2010,"18,839,145.19",Water,Water intake,,
GammaTire SA,8,2010,7.87,Water,Water intake - KPI,,
GammaTire SA,9,2010,,,,,
GammaTire SA,10,2010,"12,819,448.19",Energy,Total Electricity,,
GammaTire SA,11,2010,"1,340,776.14",Energy,Renewable Electricity Purchased,,
GammaTire SA,12,2010,"11,478,672.05",Energy,Non-Renewable Electricity Purchased,,
GammaTire SA,13,2010,"67,038.81",Energy,Self-generated AND consumed electricity on-site,,
GammaTire SA,14,2010,"1,039,242.31",Energy,Purchased Steam,,
GammaTire SA,15,2010,0,Energy,Sold Electricity,,
GammaTire SA,16,2010,0,Energy,Sold Steam,,
GammaTire SA,17,2010,"6,481,122.05",Energy,Natural Gas,,
GammaTire SA,18,2010,"384,714.83",Energy,Coal,,
GammaTire SA,19,2010,"346,564.74",Energy,Propane,,
GammaTire SA,20,2010,"2,087,839.56",Energy,Fuel Oil,,
GammaTire SA,21,2010,"79,046.91",Energy,Diesel,,
GammaTire SA,22,2010,"58,964.65",Energy,Petrol,,
GammaTire SA,23,2010,0.00,Energy,Biomass,,
GammaTire SA,24,2010,0.00,Energy,Waste tires,,
GammaTire SA,25,2010,"1,349,727.81",Energy,LPG,,
GammaTire SA,26,2010,"4,009.44",Energy,Other,,
GammaTire SA,27,2010,,,,,
GammaTire SA,28,2010,"24,650,680.49",Energy,Total energy,,
GammaTire SA,29,2010,10.30,Energy,Total energy - KPI,,
GammaTire SA,30,2010,,,,,
GammaTire SA,31,2010,"363,590.95",CO2 emissions,Natural Gas,,
GammaTire SA,32,2010,"36,547.91",CO2 emissions,Coal,,
GammaTire SA,33,2010,"21,868.24",CO2 emissions,Propane,,
GammaTire SA,34,2010,"161,598.78",CO2 emissions,Fuel Oil,,
GammaTire SA,35,2010,"5,857.38",CO2 emissions,Diesel,,
GammaTire SA,36,2010,"4,086.25",CO2 emissions,Petrol,,
GammaTire SA,37,2010,0,CO2 emissions,Biomass,,
GammaTire SA,38,2010,0,CO2 emissions,Waste tires,,
GammaTire SA,39,2010,"75,719.73",CO2 emissions,LPG,,
GammaTire SA,40,2010,288.28,CO2 emissions,Other,,
GammaTire SA,41,2010,"669,557.51",CO2 emissions,Total CO2 - Scope 1,,
GammaTire SA,42,2010,,,,,
GammaTire SA,43,2010,"1,434,834.01",CO2 emissions,Total CO2 - Scope 2,,
GammaTire SA,44,2010,,,,,
GammaTire SA,45,2010,"2,104,391.51",CO2 emissions,Total CO2,,
GammaTire SA,46,2010,0.88,CO2 emissions,Total CO2 - KPI,,
GammaTire SA,1,2011,25,ISO 14001,Total no. of sites,,
GammaTire SA,2,2011,25,ISO 14001,ISO 14001 sites,,
GammaTire SA,3,2011,0.91,ISO 14001,% certified sites,,
GammaTire SA,4,2011,,,,,
GammaTire SA,5,2011,"2,380,614.33",Production,Production,,
GammaTire SA,6,2011,,,,,
GammaTire SA,7,2011,"18,699,237.50",Water,Water intake,,
GammaTire SA,8,2011,7.85,Water,Water intake - KPI,,
GammaTire SA,9,2011,,,,,
GammaTire SA,10,2011,"12,398,464.58",Energy,Total Electricity,,
GammaTire SA,11,2011,"1,395,933.51",Energy,Renewable Electricity Purchased,,
GammaTire SA,12,2011,"11,002,531.07",Energy,Non-Renewable Electricity Purchased,,
GammaTire SA,13,2011,"69,796.68",Energy,Self-generated AND consumed electricity on-site,,
GammaTire SA,14,2011,"1,074,069.28",Energy,Purchased Steam,,
GammaTire SA,15,2011,0,Energy,Sold Electricity,,
GammaTire SA,16,2011,0,Energy,Sold Steam,,
GammaTire SA,17,2011,"6,405,255.87",Energy,Natural Gas,,
GammaTire SA,18,2011,"326,313.33",Energy,Coal,,
GammaTire SA,19,2011,"356,694.64",Energy,Propane,,
GammaTire SA,20,2011,"1,968,343.68",Energy,Fuel Oil,,
GammaTire SA,21,2011,"73,781.78",Energy,Diesel,,
GammaTire SA,22,2011,"61,200.65",Energy,Petrol,,
GammaTire SA,23,2011,0.00,Energy,Biomass,,
GammaTire SA,24,2011,0.00,Energy,Waste tires,,
GammaTire SA,25,2011,"1,422,093.80",Energy,LPG,,
GammaTire SA,26,2011,"3,823.82",Energy,Other,,
GammaTire SA,27,2011,,,,,
GammaTire SA,28,2011,"24,090,041.41",Energy,Total energy,,
GammaTire SA,29,2011,10.12,Energy,Total energy - KPI,,
GammaTire SA,30,2011,,,,,
GammaTire SA,31,2011,"359,334.85",CO2 emissions,Natural Gas,,
GammaTire SA,32,2011,"30,999.77",CO2 emissions,Coal,,
GammaTire SA,33,2011,"22,507.43",CO2 emissions,Propane,,
GammaTire SA,34,2011,"152,349.80",CO2 emissions,Fuel Oil,,
GammaTire SA,35,2011,"5,467.23",CO2 emissions,Diesel,,
GammaTire SA,36,2011,"4,241.21",CO2 emissions,Petrol,,
GammaTire SA,37,2011,0,CO2 emissions,Biomass,,
GammaTire SA,38,2011,0,CO2 emissions,Waste tires,,
GammaTire SA,39,2011,"79,779.46",CO2 emissions,LPG,,
GammaTire SA,40,2011,274.93,CO2 emissions,Other,,
GammaTire SA,41,2011,"654,954.68",CO2 emissions,Total CO2 - Scope 1,,
GammaTire SA,42,2011,,,,,
GammaTire SA,43,2011,"1,375,316.38",CO2 emissions,Total CO2 - Scope 2,,
GammaTire SA,44,2011,,,,,
GammaTire SA,45,2011,"2,030,271.07",CO2 emissions,Total CO2,,
GammaTire SA,46,2011,0.85,CO2 emissions,Total CO2 - KPI,,
GammaTire SA,1,2012,26,ISO 14001,Total no. of sites,,
GammaTire SA,2,2012,26,ISO 14001,ISO 14001 sites,,
GammaTire SA,3,2012,0.92,ISO 14001,% certified sites,,
GammaTire SA,4,2012,,,,,
GammaTire SA,5,2012,"2,315,240.23",Production,Production,,
GammaTire SA,6,2012,,,,,
GammaTire SA,7,2012,"18,125,965.64",Water,Water intake,,
GammaTire SA,8,2012,7.83,Water,Water intake - KPI,,
GammaTire SA,9,2012,,,,,
GammaTire SA,10,2012,"14,041,807.96",Energy,Total Electricity,,
GammaTire SA,11,2012,"1,693,290.73",Energy,Renewable Electricity Purchased,,
GammaTire SA,12,2012,"12,348,517.24",Energy,Non-Renewable Electricity Purchased,,
GammaTire SA,13,2012,"84,664.54",Energy,Self-generated AND consumed electricity on-site,,
GammaTire SA,14,2012,"1,069,271.90",Energy,Purchased Steam,,
GammaTire SA,15,2012,0,Energy,Sold Electricity,,
GammaTire SA,16,2012,0,Energy,Sold Steam,,
GammaTire SA,17,2012,"6,570,921.53",Energy,Natural Gas,,
GammaTire SA,18,2012,"292,217.04",Energy,Coal,,
GammaTire SA,19,2012,"369,757.09",Energy,Propane,,
GammaTire SA,20,2012,"1,869,908.51",Energy,Fuel Oil,,
GammaTire SA,21,2012,"76,309.20",Energy,Diesel,,
GammaTire SA,22,2012,"56,121.11",Energy,Petrol,,
GammaTire SA,23,2012,0.00,Energy,Biomass,,
GammaTire SA,24,2012,0.00,Energy,Waste tires,,
GammaTire SA,25,2012,"1,404,966.22",Energy,LPG,,
GammaTire SA,26,2012,"3,881.26",Energy,Other,,
GammaTire SA,27,2012,,,,,
GammaTire SA,28,2012,"25,755,161.82",Energy,Total energy,,
GammaTire SA,29,2012,11.12,Energy,Total energy - KPI,,
GammaTire SA,30,2012,,,,,
GammaTire SA,31,2012,"368,628.70",CO2 emissions,Natural Gas,,
GammaTire SA,32,2012,"27,760.62",CO2 emissions,Coal,,
GammaTire SA,33,2012,"23,331.67",CO2 emissions,Propane,,
GammaTire SA,34,2012,"144,730.92",CO2 emissions,Fuel Oil,,
GammaTire SA,35,2012,"5,654.51",CO2 emissions,Diesel,,
GammaTire SA,36,2012,"3,889.19",CO2 emissions,Petrol,,
GammaTire SA,37,2012,0,CO2 emissions,Biomass,,
GammaTire SA,38,2012,0,CO2 emissions,Waste tires,,
GammaTire SA,39,2012,"78,818.60",CO2 emissions,LPG,,
GammaTire SA,40,2012,279.06,CO2 emissions,Other,,
GammaTire SA,41,2012,"653,093.28",CO2 emissions,Total CO2 - Scope 1,,
GammaTire SA,42,2012,,,,,
GammaTire SA,43,2012,"1,543,564.65",CO2 emissions,Total CO2 - Scope 2,,
GammaTire SA,44,2012,,,,,
GammaTire SA,45,2012,"2,196,657.93",CO2 emissions,Total CO2,,
GammaTire SA,46,2012,0.95,CO2 emissions,Total CO2 - KPI,,
GammaTire SA,1,2013,26,ISO 14001,Total no. of sites,,
GammaTire SA,2,2013,26,ISO 14001,ISO 14001 sites,,
GammaTire SA,3,2013,0.93,ISO 14001,% certified sites,,
GammaTire SA,4,2013,,,,,
GammaTire SA,5,2013,"2,670,027.83",Production,Production,,
GammaTire SA,6,2013,,,,,
GammaTire SA,7,2013,"20,815,877.75",Water,Water intake,,
GammaTire SA,8,2013,7.80,Water,Water intake - KPI,,
GammaTire SA,9,2013,,,,,
GammaTire SA,10,2013,"12,552,020.44",Energy,Total Electricity,,
GammaTire SA,11,2013,"1,614,054.57",Energy,Renewable Electricity Purchased,,
GammaTire SA,12,2013,"10,937,965.87",Energy,Non-Renewable Electricity Purchased,,
GammaTire SA,13,2013,"80,702.73",Energy,Self-generated AND consumed electricity on-site,,
GammaTire SA,14,2013,"1,154,092.99",Energy,Purchased Steam,,
GammaTire SA,15,2013,0,Energy,Sold Electricity,,
GammaTire SA,16,2013,0,Energy,Sold Steam,,
GammaTire SA,17,2013,"6,955,414.42",Energy,Natural Gas,,
GammaTire SA,18,2013,"301,475.75",Energy,Coal,,
GammaTire SA,19,2013,"402,540.53",Energy,Propane,,
GammaTire SA,20,2013,"1,831,139.09",Energy,Fuel Oil,,
GammaTire SA,21,2013,"81,521.26",Energy,Diesel,,
GammaTire SA,22,2013,"57,778.36",Energy,Petrol,,
GammaTire SA,23,2013,0.00,Energy,Biomass,,
GammaTire SA,24,2013,0.00,Energy,Waste tires,,
GammaTire SA,25,2013,"1,327,197.82",Energy,LPG,,
GammaTire SA,26,2013,"4,310.83",Energy,Other,,
GammaTire SA,27,2013,,,,,
GammaTire SA,28,2013,"24,667,491.49",Energy,Total energy,,
GammaTire SA,29,2013,9.24,Energy,Total energy - KPI,,
GammaTire SA,30,2013,,,,,
GammaTire SA,31,2013,"390,198.75",CO2 emissions,Natural Gas,,
GammaTire SA,32,2013,"28,640.20",CO2 emissions,Coal,,
GammaTire SA,33,2013,"25,400.31",CO2 emissions,Propane,,
GammaTire SA,34,2013,"141,730.17",CO2 emissions,Fuel Oil,,
GammaTire SA,35,2013,"6,040.73",CO2 emissions,Diesel,,
GammaTire SA,36,2013,"4,004.04",CO2 emissions,Petrol,,
GammaTire SA,37,2013,0,CO2 emissions,Biomass,,
GammaTire SA,38,2013,0,CO2 emissions,Waste tires,,
GammaTire SA,39,2013,"74,455.80",CO2 emissions,LPG,,
GammaTire SA,40,2013,309.95,CO2 emissions,Other,,
GammaTire SA,41,2013,"670,779.93",CO2 emissions,Total CO2 - Scope 1,,
GammaTire SA,42,2013,,,,,
GammaTire SA,43,2013,"1,367,245.73",CO2 emissions,Total CO2 - Scope 2,,
GammaTire SA,44,2013,,,,,
GammaTire SA,45,2013,"2,038,025.66",CO2 emissions,Total CO2,,
GammaTire SA,46,2013,0.76,CO2 emissions,Total CO2 - KPI,,
GammaTire SA,1,2014,26,ISO 14001,Total no. of sites,,
GammaTire SA,2,2014,26,ISO 14001,ISO 14001 sites,,
GammaTire SA,3,2014,0.97,ISO 14001,% certified sites,,
GammaTire SA,4,2014,,,,,
GammaTire SA,5,2014,"2,529,056.84",Production,Production,,
GammaTire SA,6,2014,,,,,
GammaTire SA,7,2014,"18,809,481.12",Water,Water intake,,
GammaTire SA,8,2014,7.44,Water,Water intake - KPI,,
GammaTire SA,9,2014,,,,,
GammaTire SA,10,2014,"12,723,263.59",Energy,Total Electricity,,
GammaTire SA,11,2014,"1,737,860.70",Energy,Renewable Electricity Purchased,,
GammaTire SA,12,2014,"10,985,402.89",Energy,Non-Renewable Electricity Purchased,,
GammaTire SA,13,2014,"86,893.04",Energy,Self-generated AND consumed electricity on-site,,
GammaTire SA,14,2014,"1,137,696.86",Energy,Purchased Steam,,
GammaTire SA,15,2014,0,Energy,Sold Electricity,,
GammaTire SA,16,2014,0,Energy,Sold Steam,,
GammaTire SA,17,2014,"6,615,082.40",Energy,Natural Gas,,
GammaTire SA,18,2014,"242,431.93",Energy,Coal,,
GammaTire SA,19,2014,"410,958.47",Energy,Propane,,
GammaTire SA,20,2014,"1,670,994.23",Energy,Fuel Oil,,
GammaTire SA,21,2014,"90,827.94",Energy,Diesel,,
GammaTire SA,22,2014,"57,136.63",Energy,Petrol,,
GammaTire SA,23,2014,0.00,Energy,Biomass,,
GammaTire SA,24,2014,0.00,Energy,Waste tires,,
GammaTire SA,25,2014,"1,524,199.26",Energy,LPG,,
GammaTire SA,26,2014,"4,095.16",Energy,Other,,
GammaTire SA,27,2014,,,,,
GammaTire SA,28,2014,"24,476,686.47",Energy,Total energy,,
GammaTire SA,29,2014,9.68,Energy,Total energy - KPI,,
GammaTire SA,30,2014,,,,,
GammaTire SA,31,2014,"371,106.12",CO2 emissions,Natural Gas,,
GammaTire SA,32,2014,"23,031.03",CO2 emissions,Coal,,
GammaTire SA,33,2014,"25,931.48",CO2 emissions,Propane,,
GammaTire SA,34,2014,"129,334.95",CO2 emissions,Fuel Oil,,
GammaTire SA,35,2014,"6,730.35",CO2 emissions,Diesel,,
GammaTire SA,36,2014,"3,959.57",CO2 emissions,Petrol,,
GammaTire SA,37,2014,0,CO2 emissions,Biomass,,
GammaTire SA,38,2014,0,CO2 emissions,Waste tires,,
GammaTire SA,39,2014,"85,507.58",CO2 emissions,LPG,,
GammaTire SA,40,2014,294.44,CO2 emissions,Other,,
GammaTire SA,41,2014,"645,895.53",CO2 emissions,Total CO2 - Scope 1,,
GammaTire SA,42,2014,,,,,
GammaTire SA,43,2014,"1,373,175.36",CO2 emissions,Total CO2 - Scope 2,,
GammaTire SA,44,2014,,,,,
GammaTire SA,45,2014,"2,019,070.89",CO2 emissions,Total CO2,,
GammaTire SA,46,2014,0.80,CO2 emissions,Total CO2 - KPI,,
GammaTire SA,1,2015,27,ISO 14001,Total no. of sites,,
GammaTire SA,2,2015,27,ISO 14001,ISO 14001 sites,,
GammaTire SA,3,2015,1.00,ISO 14001,% certified sites,,
GammaTire SA,4,2015,,,,,
GammaTire SA,5,2015,"2,715,195.66",Production,Production,,
GammaTire SA,6,2015,,,,,
GammaTire SA,7,2015,"19,619,238.03",Water,Water intake,,
GammaTire SA,8,2015,7.23,Water,Water intake - KPI,,
GammaTire SA,9,2015,,,,,
GammaTire SA,10,2015,"14,007,545.48",Energy,Total Electricity,,
GammaTire SA,11,2015,"2,025,340.13",Energy,Renewable Electricity Purchased,,
GammaTire SA,12,2015,"11,982,205.35",Energy,Non-Renewable Electricity Purchased,,
GammaTire SA,13,2015,"101,267.01",Energy,Self-generated AND consumed electricity on-site,,
GammaTire SA,14,2015,"1,130,359.68",Energy,Purchased Steam,,
GammaTire SA,15,2015,0,Energy,Sold Electricity,,
GammaTire SA,16,2015,0,Energy,Sold Steam,,
GammaTire SA,17,2015,"7,215,458.61",Energy,Natural Gas,,
GammaTire SA,18,2015,"242,395.15",Energy,Coal,,
GammaTire SA,19,2015,"448,518.55",Energy,Propane,,
GammaTire SA,20,2015,"1,559,992.57",Energy,Fuel Oil,,
GammaTire SA,21,2015,"87,712.59",Energy,Diesel,,
GammaTire SA,22,2015,"61,918.86",Energy,Petrol,,
GammaTire SA,23,2015,0.00,Energy,Biomass,,
GammaTire SA,24,2015,0.00,Energy,Waste tires,,
GammaTire SA,25,2015,"1,552,245.54",Energy,LPG,,
GammaTire SA,26,2015,"4,315.03",Energy,Other,,
GammaTire SA,27,2015,,,,,
GammaTire SA,28,2015,"26,310,462.06",Energy,Total energy,,
GammaTire SA,29,2015,9.69,Energy,Total energy - KPI,,
GammaTire SA,30,2015,,,,,
GammaTire SA,31,2015,"404,787.23",CO2 emissions,Natural Gas,,
GammaTire SA,32,2015,"23,027.54",CO2 emissions,Coal,,
GammaTire SA,33,2015,"28,301.52",CO2 emissions,Propane,,
GammaTire SA,34,2015,"120,743.42",CO2 emissions,Fuel Oil,,
GammaTire SA,35,2015,"6,499.50",CO2 emissions,Diesel,,
GammaTire SA,36,2015,"4,290.98",CO2 emissions,Petrol,,
GammaTire SA,37,2015,0,CO2 emissions,Biomass,,
GammaTire SA,38,2015,0,CO2 emissions,Waste tires,,
GammaTire SA,39,2015,"87,080.97",CO2 emissions,LPG,,
GammaTire SA,40,2015,310.25,CO2 emissions,Other,,
GammaTire SA,41,2015,"675,041.42",CO2 emissions,Total CO2 - Scope 1,,
GammaTire SA,42,2015,,,,,
GammaTire SA,43,2015,"1,497,775.67",CO2 emissions,Total CO2 - Scope 2,,
GammaTire SA,44,2015,,,,,
GammaTire SA,45,2015,"2,172,817.09",CO2 emissions,Total CO2,,
GammaTire SA,46,2015,0.80,CO2 emissions,Total CO2 - KPI,,
GammaTire SA,1,2016,27,ISO 14001,Total no. of sites,,
GammaTire SA,2,2016,27,ISO 14001,ISO 14001 sites,,
GammaTire SA,3,2016,1.00,ISO 14001,% certified sites,,
GammaTire SA,4,2016,,,,,
GammaTire SA,5,2016,"2,526,965.16",Production,Production,,
GammaTire SA,6,2016,,,,,
GammaTire SA,7,2016,"18,214,336.93",Water,Water intake,,
GammaTire SA,8,2016,7.21,Water,Water intake - KPI,,
GammaTire SA,9,2016,,,,,
GammaTire SA,10,2016,"14,626,600.89",Energy,Total Electricity,,
GammaTire SA,11,2016,"2,231,861.68",Energy,Renewable Electricity Purchased,,
GammaTire SA,12,2016,"12,394,739.21",Energy,Non-Renewable Electricity Purchased,,
GammaTire SA,13,2016,"111,593.08",Energy,Self-generated AND consumed electricity on-site,,
GammaTire SA,14,2016,"1,100,272.17",Energy,Purchased Steam,,
GammaTire SA,15,2016,0,Energy,Sold Electricity,,
GammaTire SA,16,2016,0,Energy,Sold Steam,,
GammaTire SA,17,2016,"7,052,187.20",Energy,Natural Gas,,
GammaTire SA,18,2016,"187,825.46",Energy,Coal,,
GammaTire SA,19,2016,"391,136.57",Energy,Propane,,
GammaTire SA,20,2016,"1,483,280.88",Energy,Fuel Oil,,
GammaTire SA,21,2016,"89,236.55",Energy,Diesel,,
GammaTire SA,22,2016,"58,819.12",Energy,Petrol,,
GammaTire SA,23,2016,0.00,Energy,Biomass,,
GammaTire SA,24,2016,0.00,Energy,Waste tires,,
GammaTire SA,25,2016,"1,461,699.69",Energy,LPG,,
GammaTire SA,26,2016,"4,160.00",Energy,Other,,
GammaTire SA,27,2016,,,,,
GammaTire SA,28,2016,"26,455,218.52",Energy,Total energy,,
GammaTire SA,29,2016,10.47,Energy,Total energy - KPI,,
GammaTire SA,30,2016,,,,,
GammaTire SA,31,2016,"395,627.70",CO2 emissions,Natural Gas,,
GammaTire SA,32,2016,"17,843.42",CO2 emissions,Coal,,
GammaTire SA,33,2016,"24,680.72",CO2 emissions,Propane,,
GammaTire SA,34,2016,"114,805.94",CO2 emissions,Fuel Oil,,
GammaTire SA,35,2016,"6,612.43",CO2 emissions,Diesel,,
GammaTire SA,36,2016,"4,076.17",CO2 emissions,Petrol,,
GammaTire SA,37,2016,0,CO2 emissions,Biomass,,
GammaTire SA,38,2016,0,CO2 emissions,Waste tires,,
GammaTire SA,39,2016,"82,001.35",CO2 emissions,LPG,,
GammaTire SA,40,2016,299.10,CO2 emissions,Other,,
GammaTire SA,41,2016,"645,946.83",CO2 emissions,Total CO2 - Scope 1,,
GammaTire SA,42,2016,,,,,
GammaTire SA,43,2016,"1,549,342.40",CO2 emissions,Total CO2 - Scope 2,,
GammaTire SA,44,2016,,,,,
GammaTire SA,45,2016,"2,195,289.23",CO2 emissions,Total CO2,,
GammaTire SA,46,2016,0.87,CO2 emissions,Total CO2 - KPI,,
GammaTire SA,1,2017,27,ISO 14001,Total no. of sites,,
GammaTire SA,2,2017,27,ISO 14001,ISO 14001 sites,,
GammaTire SA,3,2017,1.00,ISO 14001,% certified sites,,
GammaTire SA,4,2017,,,,,
GammaTire SA,5,2017,"2,795,235.63",Production,Production,,
GammaTire SA,6,2017,,,,,
GammaTire SA,7,2017,"20,969,378.52",Water,Water intake,,
GammaTire SA,8,2017,7.50,Water,Water intake - KPI,,
GammaTire SA,9,2017,,,,,
GammaTire SA,10,2017,"15,000,620.81",Energy,Total Electricity,,
GammaTire SA,11,2017,"2,408,938.06",Energy,Renewable Electricity Purchased,,
GammaTire SA,12,2017,"12,591,682.76",Energy,Non-Renewable Electricity Purchased,,
GammaTire SA,13,2017,"120,446.90",Energy,Self-generated AND consumed electricity on-site,,
GammaTire SA,14,2017,"1,269,558.60",Energy,Purchased Steam,,
GammaTire SA,15,2017,0,Energy,Sold Electricity,,
GammaTire SA,16,2017,0,Energy,Sold Steam,,
GammaTire SA,17,2017,"7,948,758.89",Energy,Natural Gas,,
GammaTire SA,18,2017,"177,345.57",Energy,Coal,,
GammaTire SA,19,2017,"445,184.55",Energy,Propane,,
GammaTire SA,20,2017,"1,475,873.79",Energy,Fuel Oil,,
GammaTire SA,21,2017,"88,712.05",Energy,Diesel,,
GammaTire SA,22,2017,"61,285.34",Energy,Petrol,,
GammaTire SA,23,2017,0.00,Energy,Biomass,,
GammaTire SA,24,2017,0.00,Energy,Waste tires,,
GammaTire SA,25,2017,"1,596,660.54",Energy,LPG,,
GammaTire SA,26,2017,"4,289.79",Energy,Other,,
GammaTire SA,27,2017,,,,,
GammaTire SA,28,2017,"28,068,289.92",Energy,Total energy,,
GammaTire SA,29,2017,10.04,Energy,Total energy - KPI,,
GammaTire SA,30,2017,,,,,
GammaTire SA,31,2017,"445,925.37",CO2 emissions,Natural Gas,,
GammaTire SA,32,2017,"16,847.83",CO2 emissions,Coal,,
GammaTire SA,33,2017,"28,091.14",CO2 emissions,Propane,,
GammaTire SA,34,2017,"114,232.63",CO2 emissions,Fuel Oil,,
GammaTire SA,35,2017,"6,573.56",CO2 emissions,Diesel,,
GammaTire SA,36,2017,"4,247.07",CO2 emissions,Petrol,,
GammaTire SA,37,2017,0,CO2 emissions,Biomass,,
GammaTire SA,38,2017,0,CO2 emissions,Waste tires,,
GammaTire SA,39,2017,"89,572.66",CO2 emissions,LPG,,
GammaTire SA,40,2017,308.44,CO2 emissions,Other,,
GammaTire SA,41,2017,"705,798.71",CO2 emissions,Total CO2 - Scope 1,,
GammaTire SA,42,2017,,,,,
GammaTire SA,43,2017,"1,573,960.34",CO2 emissions,Total CO2 - Scope 2,,
GammaTire SA,44,2017,,,,,
GammaTire SA,45,2017,"2,279,759.05",CO2 emissions,Total CO2,,
GammaTire SA,46,2017,0.82,CO2 emissions,Total CO2 - KPI,,
GammaTire SA,1,2018,28,ISO 14001,Total no. of sites,,
GammaTire SA,2,2018,28,ISO 14001,ISO 14001 sites,,
GammaTire SA,3,2018,1.00,ISO 14001,% certified sites,,
GammaTire SA,4,2018,,,,,
GammaTire SA,5,2018,"2,908,144.11",Production,Production,,
GammaTire SA,6,2018,,,,,
GammaTire SA,7,2018,"20,470,914.92",Water,Water intake,,
GammaTire SA,8,2018,7.04,Water,Water intake - KPI,,
GammaTire SA,9,2018,,,,,
GammaTire SA,10,2018,"14,072,689.15",Energy,Total Electricity,,
GammaTire SA,11,2018,"2,372,503.74",Energy,Renewable Electricity Purchased,,
GammaTire SA,12,2018,"11,700,185.40",Energy,Non-Renewable Electricity Purchased,,
GammaTire SA,13,2018,"118,625.19",Energy,Self-generated AND consumed electricity on-site,,
GammaTire SA,14,2018,"1,176,328.50",Energy,Purchased Steam,,
GammaTire SA,15,2018,0,Energy,Sold Electricity,,
GammaTire SA,16,2018,0,Energy,Sold Steam,,
GammaTire SA,17,2018,"8,066,114.55",Energy,Natural Gas,,
GammaTire SA,18,2018,"147,824.98",Energy,Coal,,
GammaTire SA,19,2018,"428,049.28",Energy,Propane,,
GammaTire SA,20,2018,"1,189,065.69",Energy,Fuel Oil,,
GammaTire SA,21,2018,"94,425.10",Energy,Diesel,,
GammaTire SA,22,2018,"62,796.13",Energy,Petrol,,
GammaTire SA,23,2018,0.00,Energy,Biomass,,
GammaTire SA,24,2018,0.00,Energy,Waste tires,,
GammaTire SA,25,2018,"1,705,091.98",Energy,LPG,,
GammaTire SA,26,2018,"4,026.97",Energy,Other,,
GammaTire SA,27,2018,,,,,
GammaTire SA,28,2018,"26,946,412.32",Energy,Total energy,,
GammaTire SA,29,2018,9.27,Energy,Total energy - KPI,,
GammaTire SA,30,2018,,,,,
GammaTire SA,31,2018,"452,509.03",CO2 emissions,Natural Gas,,
GammaTire SA,32,2018,"14,043.37",CO2 emissions,Coal,,
GammaTire SA,33,2018,"27,009.91",CO2 emissions,Propane,,
GammaTire SA,34,2018,"92,033.68",CO2 emissions,Fuel Oil,,
GammaTire SA,35,2018,"6,996.90",CO2 emissions,Diesel,,
GammaTire SA,36,2018,"4,351.77",CO2 emissions,Petrol,,
GammaTire SA,37,2018,0,CO2 emissions,Biomass,,
GammaTire SA,38,2018,0,CO2 emissions,Waste tires,,
GammaTire SA,39,2018,"95,655.66",CO2 emissions,LPG,,
GammaTire SA,40,2018,289.54,CO2 emissions,Other,,
GammaTire SA,41,2018,"692,889.86",CO2 emissions,Total CO2 - Scope 1,,
GammaTire SA,42,2018,,,,,
GammaTire SA,43,2018,"1,462,523.18",CO2 emissions,Total CO2 - Scope 2,,
GammaTire SA,44,2018,,,,,
GammaTire SA,45,2018,"2,155,413.04",CO2 emissions,Total CO2,,
GammaTire SA,46,2018,0.74,CO2 emissions,Total CO2 - KPI,,
GammaTire SA,1,2019,28,ISO 14001,Total no. of sites,,
GammaTire SA,2,2019,28,ISO 14001,ISO 14001 sites,,
GammaTire SA,3,2019,1.00,ISO 14001,% certified sites,,
GammaTire SA,4,2019,,,,,
GammaTire SA,5,2019,"2,817,312.44",Production,Production,,
GammaTire SA,6,2019,,,,,
GammaTire SA,7,2019,"19,862,304.50",Water,Water intake,,
GammaTire SA,8,2019,7.05,Water,Water intake - KPI,,
GammaTire SA,9,2019,,,,,
GammaTire SA,10,2019,"14,053,893.01",Energy,Total Electricity,,
GammaTire SA,11,2019,"2,481,766.06",Energy,Renewable Electricity Purchased,,
GammaTire SA,12,2019,"11,572,126.95",Energy,Non-Renewable Electricity Purchased,,
GammaTire SA,13,2019,"124,088.30",Energy,Self-generated AND consumed electricity on-site,,
GammaTire SA,14,2019,"1,224,988.80",Energy,Purchased Steam,,
GammaTire SA,15,2019,0,Energy,Sold Electricity,,
GammaTire SA,16,2019,0,Energy,Sold Steam,,
GammaTire SA,17,2019,"7,690,407.65",Energy,Natural Gas,,
GammaTire SA,18,2019,"113,810.58",Energy,Coal,,
GammaTire SA,19,2019,"422,515.05",Energy,Propane,,
GammaTire SA,20,2019,"1,235,091.89",Energy,Fuel Oil,,
GammaTire SA,21,2019,"98,556.13",Energy,Diesel,,
GammaTire SA,22,2019,"61,583.63",Energy,Petrol,,
GammaTire SA,23,2019,0.00,Energy,Biomass,,
GammaTire SA,24,2019,0.00,Energy,Waste tires,,
GammaTire SA,25,2019,"1,741,998.13",Energy,LPG,,
GammaTire SA,26,2019,"4,348.53",Energy,Other,,
GammaTire SA,27,2019,,,,,
GammaTire SA,28,2019,"26,647,193.40",Energy,Total energy,,
GammaTire SA,29,2019,9.46,Energy,Total energy - KPI,,
GammaTire SA,30,2019,,,,,
GammaTire SA,31,2019,"431,431.87",CO2 emissions,Natural Gas,,
GammaTire SA,32,2019,"10,812.01",CO2 emissions,Coal,,
GammaTire SA,33,2019,"26,660.70",CO2 emissions,Propane,,
GammaTire SA,34,2019,"95,596.11",CO2 emissions,Fuel Oil,,
GammaTire SA,35,2019,"7,303.01",CO2 emissions,Diesel,,
GammaTire SA,36,2019,"4,267.75",CO2 emissions,Petrol,,
GammaTire SA,37,2019,0,CO2 emissions,Biomass,,
GammaTire SA,38,2019,0,CO2 emissions,Waste tires,,
GammaTire SA,39,2019,"97,726.10",CO2 emissions,LPG,,
GammaTire SA,40,2019,312.66,CO2 emissions,Other,,
GammaTire SA,41,2019,"674,110.20",CO2 emissions,Total CO2 - Scope 1,,
GammaTire SA,42,2019,,,,,
GammaTire SA,43,2019,"1,446,515.87",CO2 emissions,Total CO2 - Scope 2,,
GammaTire SA,44,2019,,,,,
GammaTire SA,45,2019,"2,120,626.06",CO2 emissions,Total CO2,,
GammaTire SA,46,2019,0.75,CO2 emissions,Total CO2 - KPI,,
GammaTire SA,1,2020,28,ISO 14001,Total no. of sites,,
GammaTire SA,2,2020,28,ISO 14001,ISO 14001 sites,,
GammaTire SA,3,2020,1.00,ISO 14001,% certified sites,,
GammaTire SA,4,2020,,,,,
GammaTire SA,5,2020,"2,955,805.66",Production,Production,,
GammaTire SA,6,2020,,,,,
GammaTire SA,7,2020,"21,514,449.88",Water,Water intake,,
GammaTire SA,8,2020,7.28,Water,Water intake - KPI,,
GammaTire SA,9,2020,,,,,
GammaTire SA,10,2020,"14,335,889.14",Energy,Total Electricity,,
GammaTire SA,11,2020,"2,646,250.65",Energy,Renewable Electricity Purchased,,
GammaTire SA,12,2020,"11,689,638.49",Energy,Non-Renewable Electricity Purchased,,
GammaTire SA,13,2020,"132,312.53",Energy,Self-generated AND consumed electricity on-site,,
GammaTire SA,14,2020,"1,315,022.79",Energy,Purchased Steam,,
GammaTire SA,15,2020,0,Energy,Sold Electricity,,
GammaTire SA,16,2020,0,Energy,Sold Steam,,
GammaTire SA,17,2020,"8,035,633.52",Energy,Natural Gas,,
GammaTire SA,18,2020,"93,088.01",Energy,Coal,,
GammaTire SA,19,2020,"491,814.01",Energy,Propane,,
GammaTire SA,20,2020,"982,334.33",Energy,Fuel Oil,,
GammaTire SA,21,2020,"96,701.69",Energy,Diesel,,
GammaTire SA,22,2020,"62,163.77",Energy,Petrol,,
GammaTire SA,23,2020,0.00,Energy,Biomass,,
GammaTire SA,24,2020,0.00,Energy,Waste tires,,
GammaTire SA,25,2020,"1,655,109.67",Energy,LPG,,
GammaTire SA,26,2020,"3,763.32",Energy,Other,,
GammaTire SA,27,2020,,,,,
GammaTire SA,28,2020,"27,071,520.25",Energy,Total energy,,
GammaTire SA,29,2020,9.16,Energy,Total energy - KPI,,
GammaTire SA,30,2020,,,,,
GammaTire SA,31,2020,"450,799.04",CO2 emissions,Natural Gas,,
GammaTire SA,32,2020,"8,843.36",CO2 emissions,Coal,,
GammaTire SA,33,2020,"31,033.46",CO2 emissions,Propane,,
GammaTire SA,34,2020,"76,032.68",CO2 emissions,Fuel Oil,,
GammaTire SA,35,2020,"7,165.59",CO2 emissions,Diesel,,
GammaTire SA,36,2020,"4,307.95",CO2 emissions,Petrol,,
GammaTire SA,37,2020,0,CO2 emissions,Biomass,,
GammaTire SA,38,2020,0,CO2 emissions,Waste tires,,
GammaTire SA,39,2020,"92,851.65",CO2 emissions,LPG,,
GammaTire SA,40,2020,270.58,CO2 emissions,Other,,
GammaTire SA,41,2020,"671,304.32",CO2 emissions,Total CO2 - Scope 1,,
GammaTire SA,42,2020,,,,,
GammaTire SA,43,2020,"1,461,204.81",CO2 emissions,Total CO2 - Scope 2,,
GammaTire SA,44,2020,,,,,
GammaTire SA,45,2020,"2,132,509.13",CO2 emissions,Total CO2,,
GammaTire SA,46,2020,0.72,CO2 emissions,Total CO2 - KPI,,
GammaTire SA,1,2021,29,ISO 14001,Total no. of sites,,
GammaTire SA,2,2021,29,ISO 14001,ISO 14001 sites,,
GammaTire SA,3,2021,1.00,ISO 14001,% certified sites,,
GammaTire SA,4,2021,,,,,
GammaTire SA,5,2021,"2,861,569.83",Production,Production,,
GammaTire SA,6,2021,,,,,
GammaTire SA,7,2021,"21,049,284.39",Water,Water intake,,
GammaTire SA,8,2021,7.36,Water,Water intake - KPI,,
GammaTire SA,9,2021,,,,,
GammaTire SA,10,2021,"16,207,122.71",Energy,Total Electricity,,
GammaTire SA,11,2021,"3,121,317.19",Energy,Renewable Electricity Purchased,,
GammaTire SA,12,2021,"13,085,805.53",Energy,Non-Renewable Electricity Purchased,,
GammaTire SA,13,2021,"156,065.86",Energy,Self-generated AND consumed electricity on-site,,
GammaTire SA,14,2021,"1,361,717.24",Energy,Purchased Steam,,
GammaTire SA,15,2021,0,Energy,Sold Electricity,,
GammaTire SA,16,2021,0,Energy,Sold Steam,,
GammaTire SA,17,2021,"8,007,878.81",Energy,Natural Gas,,
GammaTire SA,18,2021,"65,183.40",Energy,Coal,,
GammaTire SA,19,2021,"454,226.83",Energy,Propane,,
GammaTire SA,20,2021,"985,612.49",Energy,Fuel Oil,,
GammaTire SA,21,2021,"102,149.88",Energy,Diesel,,
GammaTire SA,22,2021,"61,339.22",Energy,Petrol,,
GammaTire SA,23,2021,0.00,Energy,Biomass,,
GammaTire SA,24,2021,0.00,Energy,Waste tires,,
GammaTire SA,25,2021,"1,677,586.26",Energy,LPG,,
GammaTire SA,26,2021,"3,907.17",Energy,Other,,
GammaTire SA,27,2021,,,,,
GammaTire SA,28,2021,"28,926,724.01",Energy,Total energy,,
GammaTire SA,29,2021,10.11,Energy,Total energy - KPI,,
GammaTire SA,30,2021,,,,,
GammaTire SA,31,2021,"449,242.00",CO2 emissions,Natural Gas,,
GammaTire SA,32,2021,"6,192.42",CO2 emissions,Coal,,
GammaTire SA,33,2021,"28,661.71",CO2 emissions,Propane,,
GammaTire SA,34,2021,"76,286.41",CO2 emissions,Fuel Oil,,
GammaTire SA,35,2021,"7,569.31",CO2 emissions,Diesel,,
GammaTire SA,36,2021,"4,250.81",CO2 emissions,Petrol,,
GammaTire SA,37,2021,0,CO2 emissions,Biomass,,
GammaTire SA,38,2021,0,CO2 emissions,Waste tires,,
GammaTire SA,39,2021,"94,112.59",CO2 emissions,LPG,,
GammaTire SA,40,2021,280.93,CO2 emissions,Other,,
GammaTire SA,41,2021,"666,596.17",CO2 emissions,Total CO2 - Scope 1,,
GammaTire SA,42,2021,,,,,
GammaTire SA,43,2021,"1,635,725.69",CO2 emissions,Total CO2 - Scope 2,,
GammaTire SA,44,2021,,,,,
GammaTire SA,45,2021,"2,302,321.86",CO2 emissions,Total CO2,,
GammaTire SA,46,2021,0.80,CO2 emissions,Total CO2 - KPI,,
GammaTire SA,1,2022,29,ISO 14001,Total no. of sites,,
GammaTire SA,2,2022,29,ISO 14001,ISO 14001 sites,,
GammaTire SA,3,2022,1.00,ISO 14001,% certified sites,,
GammaTire SA,4,2022,,,,,
GammaTire SA,5,2022,"2,904,792.32",Production,Production,,
GammaTire SA,6,2022,,,,,
GammaTire SA,7,2022,"23,604,209.07",Water,Water intake,,
GammaTire SA,8,2022,8.13,Water,Water intake - KPI,,
GammaTire SA,9,2022,,,,,
GammaTire SA,10,2022,"15,834,495.56",Energy,Total Electricity,,
GammaTire SA,11,2022,"3,176,229.18",Energy,Renewable Electricity Purchased,,
GammaTire SA,12,2022,"12,658,266.38",Energy,Non-Renewable Electricity Purchased,,
GammaTire SA,13,2022,"158,811.46",Energy,Self-generated AND consumed electricity on-site,,
GammaTire SA,14,2022,"1,315,830.83",Energy,Purchased Steam,,
GammaTire SA,15,2022,0,Energy,Sold Electricity,,
GammaTire SA,16,2022,0,Energy,Sold Steam,,
GammaTire SA,17,2022,"9,045,636.96",Energy,Natural Gas,,
GammaTire SA,18,2022,"36,460.74",Energy,Coal,,
GammaTire SA,19,2022,"482,465.45",Energy,Propane,,
GammaTire SA,20,2022,"793,890.72",Energy,Fuel Oil,,
GammaTire SA,21,2022,"94,184.66",Energy,Diesel,,
GammaTire SA,22,2022,"59,505.72",Energy,Petrol,,
GammaTire SA,23,2022,0.00,Energy,Biomass,,
GammaTire SA,24,2022,0.00,Energy,Waste tires,,
GammaTire SA,25,2022,"1,792,963.40",Energy,LPG,,
GammaTire SA,26,2022,"4,107.46",Energy,Other,,
GammaTire SA,27,2022,,,,,
GammaTire SA,28,2022,"29,459,541.51",Energy,Total energy,,
GammaTire SA,29,2022,10.14,Energy,Total energy - KPI,,
GammaTire SA,30,2022,,,,,
GammaTire SA,31,2022,"507,460.23",CO2 emissions,Natural Gas,,
GammaTire SA,32,2022,"3,463.77",CO2 emissions,Coal,,
GammaTire SA,33,2022,"30,443.57",CO2 emissions,Propane,,
GammaTire SA,34,2022,"61,447.14",CO2 emissions,Fuel Oil,,
GammaTire SA,35,2022,"6,979.08",CO2 emissions,Diesel,,
GammaTire SA,36,2022,"4,123.75",CO2 emissions,Petrol,,
GammaTire SA,37,2022,0,CO2 emissions,Biomass,,
GammaTire SA,38,2022,0,CO2 emissions,Waste tires,,
GammaTire SA,39,2022,"100,585.25",CO2 emissions,LPG,,
GammaTire SA,40,2022,295.33,CO2 emissions,Other,,
GammaTire SA,41,2022,"714,798.12",CO2 emissions,Total CO2 - Scope 1,,
GammaTire SA,42,2022,,,,,
GammaTire SA,43,2022,"1,582,283.30",CO2 emissions,Total CO2 - Scope 2,,
GammaTire SA,44,2022,,,,,
GammaTire SA,45,2022,"2,297,081.42",CO2 emissions,Total CO2,,
GammaTire SA,46,2022,0.79,CO2 emissions,Total CO2 - KPI,,
GammaTire SA,1,2023,29,ISO 14001,Total no. of sites,,
GammaTire SA,2,2023,29,ISO 14001,ISO 14001 sites,,
GammaTire SA,3,2023,1.00,ISO 14001,% certified sites,,
GammaTire SA,4,2023,,,,,
GammaTire SA,5,2023,"3,172,418.51",Production,Production,,
GammaTire SA,6,2023,,,,,
GammaTire SA,7,2023,"22,838,113.94",Water,Water intake,,
GammaTire SA,8,2023,7.20,Water,Water intake - KPI,,
GammaTire SA,9,2023,,,,,
GammaTire SA,10,2023,"16,513,496.11",Energy,Total Electricity,,
GammaTire SA,11,2023,"3,444,537.34",Energy,Renewable Electricity Purchased,,
GammaTire SA,12,2023,"13,068,958.77",Energy,Non-Renewable Electricity Purchased,,
GammaTire SA,13,2023,"172,226.87",Energy,Self-generated AND consumed electricity on-site,,
GammaTire SA,14,2023,"1,429,058.45",Energy,Purchased Steam,,
GammaTire SA,15,2023,0,Energy,Sold Electricity,,
GammaTire SA,16,2023,0,Energy,Sold Steam,,
GammaTire SA,17,2023,"8,464,022.44",Energy,Natural Gas,,
GammaTire SA,18,2023,"8,153.71",Energy,Coal,,
GammaTire SA,19,2023,"458,667.56",Energy,Propane,,
GammaTire SA,20,2023,"742,295.66",Energy,Fuel Oil,,
GammaTire SA,21,2023,"102,770.50",Energy,Diesel,,
GammaTire SA,22,2023,"58,313.21",Energy,Petrol,,
GammaTire SA,23,2023,0.00,Energy,Biomass,,
GammaTire SA,24,2023,0.00,Energy,Waste tires,,
GammaTire SA,25,2023,"1,658,876.13",Energy,LPG,,
GammaTire SA,26,2023,"4,059.42",Energy,Other,,
GammaTire SA,27,2023,,,,,
GammaTire SA,28,2023,"29,439,713.21",Energy,Total energy,,
GammaTire SA,29,2023,9.28,Energy,Total energy - KPI,,
GammaTire SA,30,2023,,,,,
GammaTire SA,31,2023,"474,831.66",CO2 emissions,Natural Gas,,
GammaTire SA,32,2023,774.60,CO2 emissions,Coal,,
GammaTire SA,33,2023,"28,941.92",CO2 emissions,Propane,,
GammaTire SA,34,2023,"57,453.68",CO2 emissions,Fuel Oil,,
GammaTire SA,35,2023,"7,615.29",CO2 emissions,Diesel,,
GammaTire SA,36,2023,"4,041.11",CO2 emissions,Petrol,,
GammaTire SA,37,2023,0,CO2 emissions,Biomass,,
GammaTire SA,38,2023,0,CO2 emissions,Waste tires,,
GammaTire SA,39,2023,"93,062.95",CO2 emissions,LPG,,
GammaTire SA,40,2023,291.87,CO2 emissions,Other,,
GammaTire SA,41,2023,"667,013.09",CO2 emissions,Total CO2 - Scope 1,,
GammaTire SA,42,2023,,,,,
GammaTire SA,43,2023,"1,633,619.85",CO2 emissions,Total CO2 - Scope 2,,
GammaTire SA,44,2023,,,,,
GammaTire SA,45,2023,"2,300,632.94",CO2 emissions,Total CO2,,
GammaTire SA,46,2023,0.73,CO2 emissions,Total CO2 - KPI,,
DeltaGrip GmbH,1,2009,13,ISO 14001,Total no. of sites,,
DeltaGrip GmbH,2,2009,13,ISO 14001,ISO 14001 sites,,
DeltaGrip GmbH,3,2009,0.86,ISO 14001,% certified sites,,
DeltaGrip GmbH,4,2009,,,,,
DeltaGrip GmbH,5,2009,"1,452,696.53",Production,Production,,
DeltaGrip GmbH,6,2009,,,,,
DeltaGrip GmbH,7,2009,"12,590,168.57",Water,Water intake,,
DeltaGrip GmbH,8,2009,8.67,Water,Water intake - KPI,,
DeltaGrip GmbH,9,2009,,,,,
DeltaGrip GmbH,10,2009,"14,755,531.25",Energy,Total Electricity,,
DeltaGrip GmbH,11,2009,"1,452,179.27",Energy,Renewable Electricity Purchased,,
DeltaGrip GmbH,12,2009,"13,303,351.99",Energy,Non-Renewable Electricity Purchased,,
DeltaGrip GmbH,13,2009,"72,608.96",Energy,Self-generated AND consumed electricity on-site,,
DeltaGrip GmbH,14,2009,"950,320.10",Energy,Purchased Steam,,
DeltaGrip GmbH,15,2009,0,Energy,Sold Electricity,,
DeltaGrip GmbH,16,2009,0,Energy,Sold Steam,,
DeltaGrip GmbH,17,2009,"19,803,087.54",Energy,Natural Gas,,
DeltaGrip GmbH,18,2009,"878,520.67",Energy,Coal,,
DeltaGrip GmbH,19,2009,"398,093.04",Energy,Propane,,
DeltaGrip GmbH,20,2009,"1,723,950.96",Energy,Fuel Oil,,
DeltaGrip GmbH,21,2009,"235,949.40",Energy,Diesel,,
DeltaGrip GmbH,22,2009,"18,762.92",Energy,Petrol,,
DeltaGrip GmbH,23,2009,0.00,Energy,Biomass,,
DeltaGrip GmbH,24,2009,0.00,Energy,Waste tires,,
DeltaGrip GmbH,25,2009,"841,779.21",Energy,LPG,,
DeltaGrip GmbH,26,2009,"1,229.34",Energy,Other,,
DeltaGrip GmbH,27,2009,,,,,
DeltaGrip GmbH,28,2009,"39,607,224.43",Energy,Total energy,,
DeltaGrip GmbH,29,2009,27.26,Energy,Total energy - KPI,,
DeltaGrip GmbH,30,2009,,,,,
DeltaGrip GmbH,31,2009,"1,110,953.21",CO2 emissions,Natural Gas,,
DeltaGrip GmbH,32,2009,"83,459.46",CO2 emissions,Coal,,
DeltaGrip GmbH,33,2009,"25,119.67",CO2 emissions,Propane,,
DeltaGrip GmbH,34,2009,"133,433.80",CO2 emissions,Fuel Oil,,
DeltaGrip GmbH,35,2009,"17,483.85",CO2 emissions,Diesel,,
DeltaGrip GmbH,36,2009,"1,300.27",CO2 emissions,Petrol,,
DeltaGrip GmbH,37,2009,0,CO2 emissions,Biomass,,
DeltaGrip GmbH,38,2009,0,CO2 emissions,Waste tires,,
DeltaGrip GmbH,39,2009,"47,223.81",CO2 emissions,LPG,,
DeltaGrip GmbH,40,2009,88.39,CO2 emissions,Other,,
DeltaGrip GmbH,41,2009,"1,419,062.47",CO2 emissions,Total CO2 - Scope 1,,
DeltaGrip GmbH,42,2009,,,,,
DeltaGrip GmbH,43,2009,"1,662,919.00",CO2 emissions,Total CO2 - Scope 2,,
DeltaGrip GmbH,44,2009,,,,,
DeltaGrip GmbH,45,2009,"3,081,981.47",CO2 emissions,Total CO2,,
DeltaGrip GmbH,46,2009,2.12,CO2 emissions,Total CO2 - KPI,,
DeltaGrip GmbH,1,2010,13,ISO 14001,Total no. of sites,,
DeltaGrip GmbH,2,2010,13,ISO 14001,ISO 14001 sites,,
DeltaGrip GmbH,3,2010,0.93,ISO 14001,% certified sites,,
DeltaGrip GmbH,4,2010,,,,,
DeltaGrip GmbH,5,2010,"1,416,120.74",Production,Production,,
DeltaGrip GmbH,6,2010,,,,,
DeltaGrip GmbH,7,2010,"11,165,188.90",Water,Water intake,,
DeltaGrip GmbH,8,2010,7.88,Water,Water intake - KPI,,
DeltaGrip GmbH,9,2010,,,,,
DeltaGrip GmbH,10,2010,"15,144,708.83",Energy,Total Electricity,,
DeltaGrip GmbH,11,2010,"1,611,638.21",Energy,Renewable Electricity Purchased,,
DeltaGrip GmbH,12,2010,"13,533,070.62",Energy,Non-Renewable Electricity Purchased,,
DeltaGrip GmbH,13,2010,"80,581.91",Energy,Self-generated AND consumed electricity on-site,,
DeltaGrip GmbH,14,2010,"981,416.17",Energy,Purchased Steam,,
DeltaGrip GmbH,15,2010,0,Energy,Sold Electricity,,
DeltaGrip GmbH,16,2010,0,Energy,Sold Steam,,
DeltaGrip GmbH,17,2010,"22,933,776.34",Energy,Natural Gas,,
DeltaGrip GmbH,18,2010,"820,981.87",Energy,Coal,,
DeltaGrip GmbH,19,2010,"393,539.46",Energy,Propane,,
DeltaGrip GmbH,20,2010,"1,656,343.66",Energy,Fuel Oil,,
DeltaGrip GmbH,21,2010,"238,218.62",Energy,Diesel,,
DeltaGrip GmbH,22,2010,"20,821.38",Energy,Petrol,,
DeltaGrip GmbH,23,2010,0.00,Energy,Biomass,,
DeltaGrip GmbH,24,2010,0.00,Energy,Waste tires,,
DeltaGrip GmbH,25,2010,"819,977.33",Energy,LPG,,
DeltaGrip GmbH,26,2010,"1,200.17",Energy,Other,,
DeltaGrip GmbH,27,2010,,,,,
DeltaGrip GmbH,28,2010,"43,010,983.83",Energy,Total energy,,
DeltaGrip GmbH,29,2010,30.37,Energy,Total energy - KPI,,
DeltaGrip GmbH,30,2010,,,,,
DeltaGrip GmbH,31,2010,"1,286,584.85",CO2 emissions,Natural Gas,,
DeltaGrip GmbH,32,2010,"77,993.28",CO2 emissions,Coal,,
DeltaGrip GmbH,33,2010,"24,832.34",CO2 emissions,Propane,,
DeltaGrip GmbH,34,2010,"128,201.00",CO2 emissions,Fuel Oil,,
DeltaGrip GmbH,35,2010,"17,652.00",CO2 emissions,Diesel,,
DeltaGrip GmbH,36,2010,"1,442.92",CO2 emissions,Petrol,,
DeltaGrip GmbH,37,2010,0,CO2 emissions,Biomass,,
DeltaGrip GmbH,38,2010,0,CO2 emissions,Waste tires,,
DeltaGrip GmbH,39,2010,"46,000.73",CO2 emissions,LPG,,
DeltaGrip GmbH,40,2010,86.29,CO2 emissions,Other,,
DeltaGrip GmbH,41,2010,"1,582,793.41",CO2 emissions,Total CO2 - Scope 1,,
DeltaGrip GmbH,42,2010,,,,,
DeltaGrip GmbH,43,2010,"1,691,633.83",CO2 emissions,Total CO2 - Scope 2,,
DeltaGrip GmbH,44,2010,,,,,
DeltaGrip GmbH,45,2010,"3,274,427.24",CO2 emissions,Total CO2,,
DeltaGrip GmbH,46,2010,2.31,CO2 emissions,Total CO2 - KPI,,
DeltaGrip GmbH,1,2011,13,ISO 14001,Total no. of sites,,
DeltaGrip GmbH,2,2011,13,ISO 14001,ISO 14001 sites,,
DeltaGrip GmbH,3,2011,0.89,ISO 14001,% certified sites,,
DeltaGrip GmbH,4,2011,,,,,
DeltaGrip GmbH,5,2011,"1,460,125.58",Production,Production,,
DeltaGrip GmbH,6,2011,,,,,
DeltaGrip GmbH,7,2011,"11,893,809.58",Water,Water intake,,
DeltaGrip GmbH,8,2011,8.15,Water,Water intake - KPI,,
DeltaGrip GmbH,9,2011,,,,,
DeltaGrip GmbH,10,2011,"15,693,219.52",Energy,Total Electricity,,
DeltaGrip GmbH,11,2011,"1,795,554.24",Energy,Renewable Electricity Purchased,,
DeltaGrip GmbH,12,2011,"13,897,665.29",Energy,Non-Renewable Electricity Purchased,,
DeltaGrip GmbH,13,2011,"89,777.71",Energy,Self-generated AND consumed electricity on-site,,
DeltaGrip GmbH,14,2011,"1,002,365.07",Energy,Purchased Steam,,
DeltaGrip GmbH,15,2011,0,Energy,Sold Electricity,,
DeltaGrip GmbH,16,2011,0,Energy,Sold Steam,,
DeltaGrip GmbH,17,2011,"20,903,558.43",Energy,Natural Gas,,
DeltaGrip GmbH,18,2011,"721,831.35",Energy,Coal,,
DeltaGrip GmbH,19,2011,"407,745.62",Energy,Propane,,
DeltaGrip GmbH,20,2011,"1,512,042.17",Energy,Fuel Oil,,
DeltaGrip GmbH,21,2011,"249,114.79",Energy,Diesel,,
DeltaGrip GmbH,22,2011,"19,329.60",Energy,Petrol,,
DeltaGrip GmbH,23,2011,0.00,Energy,Biomass,,
DeltaGrip GmbH,24,2011,0.00,Energy,Waste tires,,
DeltaGrip GmbH,25,2011,"815,015.30",Energy,LPG,,
DeltaGrip GmbH,26,2011,"1,084.74",Energy,Other,,
DeltaGrip GmbH,27,2011,,,,,
DeltaGrip GmbH,28,2011,"41,325,306.61",Energy,Total energy,,
DeltaGrip GmbH,29,2011,28.30,Energy,Total energy - KPI,,
DeltaGrip GmbH,30,2011,,,,,
DeltaGrip GmbH,31,2011,"1,172,689.63",CO2 emissions,Natural Gas,,
DeltaGrip GmbH,32,2011,"68,573.98",CO2 emissions,Coal,,
DeltaGrip GmbH,33,2011,"25,728.75",CO2 emissions,Propane,,
DeltaGrip GmbH,34,2011,"117,032.06",CO2 emissions,Fuel Oil,,
DeltaGrip GmbH,35,2011,"18,459.41",CO2 emissions,Diesel,,
DeltaGrip GmbH,36,2011,"1,339.54",CO2 emissions,Petrol,,
DeltaGrip GmbH,37,2011,0,CO2 emissions,Biomass,,
DeltaGrip GmbH,38,2011,0,CO2 emissions,Waste tires,,
DeltaGrip GmbH,39,2011,"45,722.36",CO2 emissions,LPG,,
DeltaGrip GmbH,40,2011,77.99,CO2 emissions,Other,,
DeltaGrip GmbH,41,2011,"1,449,623.72",CO2 emissions,Total CO2 - Scope 1,,
DeltaGrip GmbH,42,2011,,,,,
DeltaGrip GmbH,43,2011,"1,737,208.16",CO2 emissions,Total CO2 - Scope 2,,
DeltaGrip GmbH,44,2011,,,,,
DeltaGrip GmbH,45,2011,"3,186,831.88",CO2 emissions,Total CO2,,
DeltaGrip GmbH,46,2011,2.18,CO2 emissions,Total CO2 - KPI,,
DeltaGrip GmbH,1,2012,14,ISO 14001,Total no. of sites,,
DeltaGrip GmbH,2,2012,14,ISO 14001,ISO 14001 sites,,
DeltaGrip GmbH,3,2012,0.94,ISO 14001,% certified sites,,
DeltaGrip GmbH,4,2012,,,,,
DeltaGrip GmbH,5,2012,"1,597,639.85",Production,Production,,
DeltaGrip GmbH,6,2012,,,,,
DeltaGrip GmbH,7,2012,"12,288,250.21",Water,Water intake,,
DeltaGrip GmbH,8,2012,7.69,Water,Water intake - KPI,,
DeltaGrip GmbH,9,2012,,,,,
DeltaGrip GmbH,10,2012,"15,535,127.64",Energy,Total Electricity,,
DeltaGrip GmbH,11,2012,"1,901,747.03",Energy,Renewable Electricity Purchased,,
DeltaGrip GmbH,12,2012,"13,633,380.61",Energy,Non-Renewable Electricity Purchased,,
DeltaGrip GmbH,13,2012,"95,087.35",Energy,Self-generated AND consumed electricity on-site,,
DeltaGrip GmbH,14,2012,"952,878.63",Energy,Purchased Steam,,
DeltaGrip GmbH,15,2012,0,Energy,Sold Electricity,,
DeltaGrip GmbH,16,2012,0,Energy,Sold Steam,,
DeltaGrip GmbH,17,2012,"23,564,065.34",Energy,Natural Gas,,
DeltaGrip GmbH,18,2012,"680,649.19",Energy,Coal,,
DeltaGrip GmbH,19,2012,"449,389.61",Energy,Propane,,
DeltaGrip GmbH,20,2012,"1,390,460.12",Energy,Fuel Oil,,
DeltaGrip GmbH,21,2012,"259,919.68",Energy,Diesel,,
DeltaGrip GmbH,22,2012,"20,467.83",Energy,Petrol,,
DeltaGrip GmbH,23,2012,0.00,Energy,Biomass,,
DeltaGrip GmbH,24,2012,0.00,Energy,Waste tires,,
DeltaGrip GmbH,25,2012,"924,989.80",Energy,LPG,,
DeltaGrip GmbH,26,2012,"1,140.76",Energy,Other,,
DeltaGrip GmbH,27,2012,,,,,
DeltaGrip GmbH,28,2012,"43,779,088.60",Energy,Total energy,,
DeltaGrip GmbH,29,2012,27.40,Energy,Total energy - KPI,,
DeltaGrip GmbH,30,2012,,,,,
DeltaGrip GmbH,31,2012,"1,321,944.07",CO2 emissions,Natural Gas,,
DeltaGrip GmbH,32,2012,"64,661.67",CO2 emissions,Coal,,
DeltaGrip GmbH,33,2012,"28,356.48",CO2 emissions,Propane,,
DeltaGrip GmbH,34,2012,"107,621.61",CO2 emissions,Fuel Oil,,
DeltaGrip GmbH,35,2012,"19,260.05",CO2 emissions,Diesel,,
DeltaGrip GmbH,36,2012,"1,418.42",CO2 emissions,Petrol,,
DeltaGrip GmbH,37,2012,0,CO2 emissions,Biomass,,
DeltaGrip GmbH,38,2012,0,CO2 emissions,Waste tires,,
DeltaGrip GmbH,39,2012,"51,891.93",CO2 emissions,LPG,,
DeltaGrip GmbH,40,2012,82.02,CO2 emissions,Other,,
DeltaGrip GmbH,41,2012,"1,595,236.25",CO2 emissions,Total CO2 - Scope 1,,
DeltaGrip GmbH,42,2012,,,,,
DeltaGrip GmbH,43,2012,"1,704,172.58",CO2 emissions,Total CO2 - Scope 2,,
DeltaGrip GmbH,44,2012,,,,,
DeltaGrip GmbH,45,2012,"3,299,408.83",CO2 emissions,Total CO2,,
DeltaGrip GmbH,46,2012,2.07,CO2 emissions,Total CO2 - KPI,,
DeltaGrip GmbH,1,2013,14,ISO 14001,Total no. of sites,,
DeltaGrip GmbH,2,2013,14,ISO 14001,ISO 14001 sites,,
DeltaGrip GmbH,3,2013,0.93,ISO 14001,% certified sites,,
DeltaGrip GmbH,4,2013,,,,,
DeltaGrip GmbH,5,2013,"1,467,326.68",Production,Production,,
DeltaGrip GmbH,6,2013,,,,,
DeltaGrip GmbH,7,2013,"11,958,584.19",Water,Water intake,,
DeltaGrip GmbH,8,2013,8.15,Water,Water intake - KPI,,
DeltaGrip GmbH,9,2013,,,,,
DeltaGrip GmbH,10,2013,"16,125,775.94",Energy,Total Electricity,,
DeltaGrip GmbH,11,2013,"2,103,058.00",Energy,Renewable Electricity Purchased,,
DeltaGrip GmbH,12,2013,"14,022,717.95",Energy,Non-Renewable Electricity Purchased,,
DeltaGrip GmbH,13,2013,"105,152.90",Energy,Self-generated AND consumed electricity on-site,,
DeltaGrip GmbH,14,2013,"1,114,814.37",Energy,Purchased Steam,,
DeltaGrip GmbH,15,2013,0,Energy,Sold Electricity,,
DeltaGrip GmbH,16,2013,0,Energy,Sold Steam,,
DeltaGrip GmbH,17,2013,"22,981,963.58",Energy,Natural Gas,,
DeltaGrip GmbH,18,2013,"603,110.25",Energy,Coal,,
DeltaGrip GmbH,19,2013,"434,997.60",Energy,Propane,,
DeltaGrip GmbH,20,2013,"1,380,406.39",Energy,Fuel Oil,,
DeltaGrip GmbH,21,2013,"255,443.41",Energy,Diesel,,
DeltaGrip GmbH,22,2013,"19,950.85",Energy,Petrol,,
DeltaGrip GmbH,23,2013,0.00,Energy,Biomass,,
DeltaGrip GmbH,24,2013,0.00,Energy,Waste tires,,
DeltaGrip GmbH,25,2013,"830,283.16",Energy,LPG,,
DeltaGrip GmbH,26,2013,"1,136.04",Energy,Other,,
DeltaGrip GmbH,27,2013,,,,,
DeltaGrip GmbH,28,2013,"43,747,881.59",Energy,Total energy,,
DeltaGrip GmbH,29,2013,29.81,Energy,Total energy - KPI,,
DeltaGrip GmbH,30,2013,,,,,
DeltaGrip GmbH,31,2013,"1,289,288.16",CO2 emissions,Natural Gas,,
DeltaGrip GmbH,32,2013,"57,295.47",CO2 emissions,Coal,,
DeltaGrip GmbH,33,2013,"27,448.35",CO2 emissions,Propane,,
DeltaGrip GmbH,34,2013,"106,843.45",CO2 emissions,Fuel Oil,,
DeltaGrip GmbH,35,2013,"18,928.36",CO2 emissions,Diesel,,
DeltaGrip GmbH,36,2013,"1,382.59",CO2 emissions,Petrol,,
DeltaGrip GmbH,37,2013,0,CO2 emissions,Biomass,,
DeltaGrip GmbH,38,2013,0,CO2 emissions,Waste tires,,
DeltaGrip GmbH,39,2013,"46,578.89",CO2 emissions,LPG,,
DeltaGrip GmbH,40,2013,81.68,CO2 emissions,Other,,
DeltaGrip GmbH,41,2013,"1,547,846.95",CO2 emissions,Total CO2 - Scope 1,,
DeltaGrip GmbH,42,2013,,,,,
DeltaGrip GmbH,43,2013,"1,752,839.74",CO2 emissions,Total CO2 - Scope 2,,
DeltaGrip GmbH,44,2013,,,,,
DeltaGrip GmbH,45,2013,"3,300,686.69",CO2 emissions,Total CO2,,
DeltaGrip GmbH,46,2013,2.25,CO2 emissions,Total CO2 - KPI,,
DeltaGrip GmbH,1,2014,14,ISO 14001,Total no. of sites,,
DeltaGrip GmbH,2,2014,14,ISO 14001,ISO 14001 sites,,
DeltaGrip GmbH,3,2014,0.90,ISO 14001,% certified sites,,
DeltaGrip GmbH,4,2014,,,,,
DeltaGrip GmbH,5,2014,"1,742,406.57",Production,Production,,
DeltaGrip GmbH,6,2014,,,,,
DeltaGrip GmbH,7,2014,"14,430,090.45",Water,Water intake,,
DeltaGrip GmbH,8,2014,8.28,Water,Water intake - KPI,,
DeltaGrip GmbH,9,2014,,,,,
DeltaGrip GmbH,10,2014,"15,944,504.20",Energy,Total Electricity,,
DeltaGrip GmbH,11,2014,"2,206,973.31",Energy,Renewable Electricity Purchased,,
DeltaGrip GmbH,12,2014,"13,737,530.89",Energy,Non-Renewable Electricity Purchased,,
DeltaGrip GmbH,13,2014,"110,348.67",Energy,Self-generated AND consumed electricity on-site,,
DeltaGrip GmbH,14,2014,"1,136,291.27",Energy,Purchased Steam,,
DeltaGrip GmbH,15,2014,0,Energy,Sold Electricity,,
DeltaGrip GmbH,16,2014,0,Energy,Sold Steam,,
DeltaGrip GmbH,17,2014,"25,068,757.56",Energy,Natural Gas,,
DeltaGrip GmbH,18,2014,"573,398.11",Energy,Coal,,
DeltaGrip GmbH,19,2014,"439,370.73",Energy,Propane,,
DeltaGrip GmbH,20,2014,"1,212,996.89",Energy,Fuel Oil,,
DeltaGrip GmbH,21,2014,"274,342.77",Energy,Diesel,,
DeltaGrip GmbH,22,2014,"20,276.74",Energy,Petrol,,
DeltaGrip GmbH,23,2014,0.00,Energy,Biomass,,
DeltaGrip GmbH,24,2014,0.00,Energy,Waste tires,,
DeltaGrip GmbH,25,2014,"952,417.67",Energy,LPG,,
DeltaGrip GmbH,26,2014,"1,056.84",Energy,Other,,
DeltaGrip GmbH,27,2014,,,,,
DeltaGrip GmbH,28,2014,"45,623,412.78",Energy,Total energy,,
DeltaGrip GmbH,29,2014,26.18,Energy,Total energy - KPI,,
DeltaGrip GmbH,30,2014,,,,,
DeltaGrip GmbH,31,2014,"1,406,357.30",CO2 emissions,Natural Gas,,
DeltaGrip GmbH,32,2014,"54,472.82",CO2 emissions,Coal,,
DeltaGrip GmbH,33,2014,"27,724.29",CO2 emissions,Propane,,
DeltaGrip GmbH,34,2014,"93,885.96",CO2 emissions,Fuel Oil,,
DeltaGrip GmbH,35,2014,"20,328.80",CO2 emissions,Diesel,,
DeltaGrip GmbH,36,2014,"1,405.18",CO2 emissions,Petrol,,
DeltaGrip GmbH,37,2014,0,CO2 emissions,Biomass,,
DeltaGrip GmbH,38,2014,0,CO2 emissions,Waste tires,,
DeltaGrip GmbH,39,2014,"53,430.63",CO2 emissions,LPG,,
DeltaGrip GmbH,40,2014,75.99,CO2 emissions,Other,,
DeltaGrip GmbH,41,2014,"1,657,680.97",CO2 emissions,Total CO2 - Scope 1,,
DeltaGrip GmbH,42,2014,,,,,
DeltaGrip GmbH,43,2014,"1,717,191.36",CO2 emissions,Total CO2 - Scope 2,,
DeltaGrip GmbH,44,2014,,,,,
DeltaGrip GmbH,45,2014,"3,374,872.33",CO2 emissions,Total CO2,,
DeltaGrip GmbH,46,2014,1.94,CO2 emissions,Total CO2 - KPI,,
DeltaGrip GmbH,1,2015,15,ISO 14001,Total no. of sites,,
DeltaGrip GmbH,2,2015,15,ISO 14001,ISO 14001 sites,,
DeltaGrip GmbH,3,2015,1.00,ISO 14001,% certified sites,,
DeltaGrip GmbH,4,2015,,,,,
DeltaGrip GmbH,5,2015,"1,542,347.16",Production,Production,,
DeltaGrip GmbH,6,2015,,,,,
DeltaGrip GmbH,7,2015,"12,651,242.37",Water,Water intake,,
DeltaGrip GmbH,8,2015,8.20,Water,Water intake - KPI,,
DeltaGrip GmbH,9,2015,,,,,
DeltaGrip GmbH,10,2015,"16,989,233.01",Energy,Total Electricity,,
DeltaGrip GmbH,11,2015,"2,487,494.28",Energy,Renewable Electricity Purchased,,
DeltaGrip GmbH,12,2015,"14,501,738.73",Energy,Non-Renewable Electricity Purchased,,
DeltaGrip GmbH,13,2015,"124,374.71",Energy,Self-generated AND consumed electricity on-site,,
DeltaGrip GmbH,14,2015,"1,187,170.33",Energy,Purchased Steam,,
DeltaGrip GmbH,15,2015,0,Energy,Sold Electricity,,
DeltaGrip GmbH,16,2015,0,Energy,Sold Steam,,
DeltaGrip GmbH,17,2015,"25,216,070.15",Energy,Natural Gas,,
DeltaGrip GmbH,18,2015,"478,718.41",Energy,Coal,,
DeltaGrip GmbH,19,2015,"428,504.68",Energy,Propane,,
DeltaGrip GmbH,20,2015,"1,191,303.58",Energy,Fuel Oil,,
DeltaGrip GmbH,21,2015,"287,109.67",Energy,Diesel,,
DeltaGrip GmbH,22,2015,"19,293.26",Energy,Petrol,,
DeltaGrip GmbH,23,2015,0.00,Energy,Biomass,,
DeltaGrip GmbH,24,2015,0.00,Energy,Waste tires,,
DeltaGrip GmbH,25,2015,"947,357.89",Energy,LPG,,
DeltaGrip GmbH,26,2015,"1,215.30",Energy,Other,,
DeltaGrip GmbH,27,2015,,,,,
DeltaGrip GmbH,28,2015,"46,745,976.29",Energy,Total energy,,
DeltaGrip GmbH,29,2015,30.31,Energy,Total energy - KPI,,
DeltaGrip GmbH,30,2015,,,,,
DeltaGrip GmbH,31,2015,"1,414,621.54",CO2 emissions,Natural Gas,,
DeltaGrip GmbH,32,2015,"45,478.25",CO2 emissions,Coal,,
DeltaGrip GmbH,33,2015,"27,038.65",CO2 emissions,Propane,,
DeltaGrip GmbH,34,2015,"92,206.90",CO2 emissions,Fuel Oil,,
DeltaGrip GmbH,35,2015,"21,274.83",CO2 emissions,Diesel,,
DeltaGrip GmbH,36,2015,"1,337.02",CO2 emissions,Petrol,,
DeltaGrip GmbH,37,2015,0,CO2 emissions,Biomass,,
DeltaGrip GmbH,38,2015,0,CO2 emissions,Waste tires,,
DeltaGrip GmbH,39,2015,"53,146.78",CO2 emissions,LPG,,
DeltaGrip GmbH,40,2015,87.38,CO2 emissions,Other,,
DeltaGrip GmbH,41,2015,"1,655,191.33",CO2 emissions,Total CO2 - Scope 1,,
DeltaGrip GmbH,42,2015,,,,,
DeltaGrip GmbH,43,2015,"1,812,717.34",CO2 emissions,Total CO2 - Scope 2,,
DeltaGrip GmbH,44,2015,,,,,
DeltaGrip GmbH,45,2015,"3,467,908.68",CO2 emissions,Total CO2,,
DeltaGrip GmbH,46,2015,2.25,CO2 emissions,Total CO2 - KPI,,
DeltaGrip GmbH,1,2016,15,ISO 14001,Total no. of sites,,
DeltaGrip GmbH,2,2016,15,ISO 14001,ISO 14001 sites,,
DeltaGrip GmbH,3,2016,1.00,ISO 14001,% certified sites,,
DeltaGrip GmbH,4,2016,,,,,
DeltaGrip GmbH,5,2016,"1,569,801.51",Production,Production,,
DeltaGrip GmbH,6,2016,,,,,
DeltaGrip GmbH,7,2016,"13,209,354.48",Water,Water intake,,
DeltaGrip GmbH,8,2016,8.41,Water,Water intake - KPI,,
DeltaGrip GmbH,9,2016,,,,,
DeltaGrip GmbH,10,2016,"15,725,573.71",Energy,Total Electricity,,
DeltaGrip GmbH,11,2016,"2,428,279.02",Energy,Renewable Electricity Purchased,,
DeltaGrip GmbH,12,2016,"13,297,294.69",Energy,Non-Renewable Electricity Purchased,,
DeltaGrip GmbH,13,2016,"121,413.95",Energy,Self-generated AND consumed electricity on-site,,
DeltaGrip GmbH,14,2016,"1,101,056.89",Energy,Purchased Steam,,
DeltaGrip GmbH,15,2016,0,Energy,Sold Electricity,,
DeltaGrip GmbH,16,2016,0,Energy,Sold Steam,,
DeltaGrip GmbH,17,2016,"23,380,078.57",Energy,Natural Gas,,
DeltaGrip GmbH,18,2016,"427,558.09",Energy,Coal,,
DeltaGrip GmbH,19,2016,"472,816.37",Energy,Propane,,
DeltaGrip GmbH,20,2016,"1,133,723.28",Energy,Fuel Oil,,
DeltaGrip GmbH,21,2016,"262,229.28",Energy,Diesel,,
DeltaGrip GmbH,22,2016,"18,157.19",Energy,Petrol,,
DeltaGrip GmbH,23,2016,0.00,Energy,Biomass,,
DeltaGrip GmbH,24,2016,0.00,Energy,Waste tires,,
DeltaGrip GmbH,25,2016,"994,515.50",Energy,LPG,,
DeltaGrip GmbH,26,2016,"1,163.48",Energy,Other,,
DeltaGrip GmbH,27,2016,,,,,
DeltaGrip GmbH,28,2016,"43,516,872.38",Energy,Total energy,,
DeltaGrip GmbH,29,2016,27.72,Energy,Total energy - KPI,,
DeltaGrip GmbH,30,2016,,,,,
DeltaGrip GmbH,31,2016,"1,311,622.41",CO2 emissions,Natural Gas,,
DeltaGrip GmbH,32,2016,"40,618.02",CO2 emissions,Coal,,
DeltaGrip GmbH,33,2016,"29,834.71",CO2 emissions,Propane,,
DeltaGrip GmbH,34,2016,"87,750.18",CO2 emissions,Fuel Oil,,
DeltaGrip GmbH,35,2016,"19,431.19",CO2 emissions,Diesel,,
DeltaGrip GmbH,36,2016,"1,258.29",CO2 emissions,Petrol,,
DeltaGrip GmbH,37,2016,0,CO2 emissions,Biomass,,
DeltaGrip GmbH,38,2016,0,CO2 emissions,Waste tires,,
DeltaGrip GmbH,39,2016,"55,792.32",CO2 emissions,LPG,,
DeltaGrip GmbH,40,2016,83.65,CO2 emissions,Other,,
DeltaGrip GmbH,41,2016,"1,546,390.78",CO2 emissions,Total CO2 - Scope 1,,
DeltaGrip GmbH,42,2016,,,,,
DeltaGrip GmbH,43,2016,"1,662,161.84",CO2 emissions,Total CO2 - Scope 2,,
DeltaGrip GmbH,44,2016,,,,,
DeltaGrip GmbH,45,2016,"3,208,552.62",CO2 emissions,Total CO2,,
DeltaGrip GmbH,46,2016,2.04,CO2 emissions,Total CO2 - KPI,,
DeltaGrip GmbH,1,2017,15,ISO 14001,Total no. of sites,,
DeltaGrip GmbH,2,2017,15,ISO 14001,ISO 14001 sites,,
DeltaGrip GmbH,3,2017,1.00,ISO 14001,% certified sites,,
DeltaGrip GmbH,4,2017,,,,,
DeltaGrip GmbH,5,2017,"1,657,094.98",Production,Production,,
DeltaGrip GmbH,6,2017,,,,,
DeltaGrip GmbH,7,2017,"14,192,451.02",Water,Water intake,,
DeltaGrip GmbH,8,2017,8.56,Water,Water intake - KPI,,
DeltaGrip GmbH,9,2017,,,,,
DeltaGrip GmbH,10,2017,"15,660,873.09",Energy,Total Electricity,,
DeltaGrip GmbH,11,2017,"2,543,575.20",Energy,Renewable Electricity Purchased,,
DeltaGrip GmbH,12,2017,"13,117,297.89",Energy,Non-Renewable Electricity Purchased,,
DeltaGrip GmbH,13,2017,"127,178.76",Energy,Self-generated AND consumed electricity on-site,,
DeltaGrip GmbH,14,2017,"1,140,329.41",Energy,Purchased Steam,,
DeltaGrip GmbH,15,2017,0,Energy,Sold Electricity,,
DeltaGrip GmbH,16,2017,0,Energy,Sold Steam,,
DeltaGrip GmbH,17,2017,"24,316,586.23",Energy,Natural Gas,,
DeltaGrip GmbH,18,2017,"352,674.43",Energy,Coal,,
DeltaGrip GmbH,19,2017,"440,327.44",Energy,Propane,,
DeltaGrip GmbH,20,2017,"1,048,451.44",Energy,Fuel Oil,,
DeltaGrip GmbH,21,2017,"300,887.87",Energy,Diesel,,
DeltaGrip GmbH,22,2017,"20,021.96",Energy,Petrol,,
DeltaGrip GmbH,23,2017,0.00,Energy,Biomass,,
DeltaGrip GmbH,24,2017,0.00,Energy,Waste tires,,
DeltaGrip GmbH,25,2017,"906,317.92",Energy,LPG,,
DeltaGrip GmbH,26,2017,"1,130.97",Energy,Other,,
DeltaGrip GmbH,27,2017,,,,,
DeltaGrip GmbH,28,2017,"44,187,600.77",Energy,Total energy,,
DeltaGrip GmbH,29,2017,26.67,Energy,Total energy - KPI,,
DeltaGrip GmbH,30,2017,,,,,
DeltaGrip GmbH,31,2017,"1,364,160.49",CO2 emissions,Natural Gas,,
DeltaGrip GmbH,32,2017,"33,504.07",CO2 emissions,Coal,,
DeltaGrip GmbH,33,2017,"27,784.66",CO2 emissions,Propane,,
DeltaGrip GmbH,34,2017,"81,150.14",CO2 emissions,Fuel Oil,,
DeltaGrip GmbH,35,2017,"22,295.79",CO2 emissions,Diesel,,
DeltaGrip GmbH,36,2017,"1,387.52",CO2 emissions,Petrol,,
DeltaGrip GmbH,37,2017,0,CO2 emissions,Biomass,,
DeltaGrip GmbH,38,2017,0,CO2 emissions,Waste tires,,
DeltaGrip GmbH,39,2017,"50,844.44",CO2 emissions,LPG,,
DeltaGrip GmbH,40,2017,81.32,CO2 emissions,Other,,
DeltaGrip GmbH,41,2017,"1,581,208.43",CO2 emissions,Total CO2 - Scope 1,,
DeltaGrip GmbH,42,2017,,,,,
DeltaGrip GmbH,43,2017,"1,639,662.24",CO2 emissions,Total CO2 - Scope 2,,
DeltaGrip GmbH,44,2017,,,,,
DeltaGrip GmbH,45,2017,"3,220,870.66",CO2 emissions,Total CO2,,
DeltaGrip GmbH,46,2017,1.94,CO2 emissions,Total CO2 - KPI,,
DeltaGrip GmbH,1,2018,16,ISO 14001,Total no. of sites,,
DeltaGrip GmbH,2,2018,16,ISO 14001,ISO 14001 sites,,
DeltaGrip GmbH,3,2018,1.00,ISO 14001,% certified sites,,
DeltaGrip GmbH,4,2018,,,,,
DeltaGrip GmbH,5,2018,"1,721,191.83",Production,Production,,
DeltaGrip GmbH,6,2018,,,,,
DeltaGrip GmbH,7,2018,"14,021,791.18",Water,Water intake,,
DeltaGrip GmbH,8,2018,8.15,Water,Water intake - KPI,,
DeltaGrip GmbH,9,2018,,,,,
DeltaGrip GmbH,10,2018,"17,332,228.97",Energy,Total Electricity,,
DeltaGrip GmbH,11,2018,"2,953,687.84",Energy,Renewable Electricity Purchased,,
DeltaGrip GmbH,12,2018,"14,378,541.12",Energy,Non-Renewable Electricity Purchased,,
DeltaGrip GmbH,13,2018,"147,684.39",Energy,Self-generated AND consumed electricity on-site,,
DeltaGrip GmbH,14,2018,"1,157,181.58",Energy,Purchased Steam,,
DeltaGrip GmbH,15,2018,0,Energy,Sold Electricity,,
DeltaGrip GmbH,16,2018,0,Energy,Sold Steam,,
DeltaGrip GmbH,17,2018,"24,807,143.75",Energy,Natural Gas,,
DeltaGrip GmbH,18,2018,"325,702.58",Energy,Coal,,
DeltaGrip GmbH,19,2018,"464,315.69",Energy,Propane,,
DeltaGrip GmbH,20,2018,"899,506.34",Energy,Fuel Oil,,
DeltaGrip GmbH,21,2018,"287,852.84",Energy,Diesel,,
DeltaGrip GmbH,22,2018,"18,650.10",Energy,Petrol,,
DeltaGrip GmbH,23,2018,0.00,Energy,Biomass,,
DeltaGrip GmbH,24,2018,0.00,Energy,Waste tires,,
DeltaGrip GmbH,25,2018,"990,024.39",Energy,LPG,,
DeltaGrip GmbH,26,2018,"1,155.28",Energy,Other,,
DeltaGrip GmbH,27,2018,,,,,
DeltaGrip GmbH,28,2018,"46,283,761.52",Energy,Total energy,,
DeltaGrip GmbH,29,2018,26.89,Energy,Total energy - KPI,,
DeltaGrip GmbH,30,2018,,,,,
DeltaGrip GmbH,31,2018,"1,391,680.76",CO2 emissions,Natural Gas,,
DeltaGrip GmbH,32,2018,"30,941.75",CO2 emissions,Coal,,
DeltaGrip GmbH,33,2018,"29,298.32",CO2 emissions,Propane,,
DeltaGrip GmbH,34,2018,"69,621.79",CO2 emissions,Fuel Oil,,
DeltaGrip GmbH,35,2018,"21,329.90",CO2 emissions,Diesel,,
DeltaGrip GmbH,36,2018,"1,292.45",CO2 emissions,Petrol,,
DeltaGrip GmbH,37,2018,0,CO2 emissions,Biomass,,
DeltaGrip GmbH,38,2018,0,CO2 emissions,Waste tires,,
DeltaGrip GmbH,39,2018,"55,540.37",CO2 emissions,LPG,,
DeltaGrip GmbH,40,2018,83.06,CO2 emissions,Other,,
DeltaGrip GmbH,41,2018,"1,599,788.40",CO2 emissions,Total CO2 - Scope 1,,
DeltaGrip GmbH,42,2018,,,,,
DeltaGrip GmbH,43,2018,"1,797,317.64",CO2 emissions,Total CO2 - Scope 2,,
DeltaGrip GmbH,44,2018,,,,,
DeltaGrip GmbH,45,2018,"3,397,106.04",CO2 emissions,Total CO2,,
DeltaGrip GmbH,46,2018,1.97,CO2 emissions,Total CO2 - KPI,,
DeltaGrip GmbH,1,2019,16,ISO 14001,Total no. of sites,,
DeltaGrip GmbH,2,2019,16,ISO 14001,ISO 14001 sites,,
DeltaGrip GmbH,3,2019,1.00,ISO 14001,% certified sites,,
DeltaGrip GmbH,4,2019,,,,,
DeltaGrip GmbH,5,2019,"1,942,775.03",Production,Production,,
DeltaGrip GmbH,6,2019,,,,,
DeltaGrip GmbH,7,2019,"15,096,863.55",Water,Water intake,,
DeltaGrip GmbH,8,2019,7.77,Water,Water intake - KPI,,
DeltaGrip GmbH,9,2019,,,,,
DeltaGrip GmbH,10,2019,"18,624,388.39",Energy,Total Electricity,,
DeltaGrip GmbH,11,2019,"3,322,887.49",Energy,Renewable Electricity Purchased,,
DeltaGrip GmbH,12,2019,"15,301,500.90",Energy,Non-Renewable Electricity Purchased,,
DeltaGrip GmbH,13,2019,"166,144.37",Energy,Self-generated AND consumed electricity on-site,,
DeltaGrip GmbH,14,2019,"1,225,533.42",Energy,Purchased Steam,,
DeltaGrip GmbH,15,2019,0,Energy,Sold Electricity,,
DeltaGrip GmbH,16,2019,0,Energy,Sold Steam,,
DeltaGrip GmbH,17,2019,"25,416,276.23",Energy,Natural Gas,,
DeltaGrip GmbH,18,2019,"252,896.70",Energy,Coal,,
DeltaGrip GmbH,19,2019,"512,542.61",Energy,Propane,,
DeltaGrip GmbH,20,2019,"865,716.51",Energy,Fuel Oil,,
DeltaGrip GmbH,21,2019,"273,268.29",Energy,Diesel,,
DeltaGrip GmbH,22,2019,"19,800.16",Energy,Petrol,,
DeltaGrip GmbH,23,2019,0.00,Energy,Biomass,,
DeltaGrip GmbH,24,2019,0.00,Energy,Waste tires,,
DeltaGrip GmbH,25,2019,"998,212.91",Energy,LPG,,
DeltaGrip GmbH,26,2019,"1,215.44",Energy,Other,,
DeltaGrip GmbH,27,2019,,,,,
DeltaGrip GmbH,28,2019,"48,189,850.67",Energy,Total energy,,
DeltaGrip GmbH,29,2019,24.80,Energy,Total energy - KPI,,
DeltaGrip GmbH,30,2019,,,,,
DeltaGrip GmbH,31,2019,"1,425,853.10",CO2 emissions,Natural Gas,,
DeltaGrip GmbH,32,2019,"24,025.19",CO2 emissions,Coal,,
DeltaGrip GmbH,33,2019,"32,341.44",CO2 emissions,Propane,,
DeltaGrip GmbH,34,2019,"67,006.46",CO2 emissions,Fuel Oil,,
DeltaGrip GmbH,35,2019,"20,249.18",CO2 emissions,Diesel,,
DeltaGrip GmbH,36,2019,"1,372.15",CO2 emissions,Petrol,,
DeltaGrip GmbH,37,2019,0,CO2 emissions,Biomass,,
DeltaGrip GmbH,38,2019,0,CO2 emissions,Waste tires,,
DeltaGrip GmbH,39,2019,"55,999.74",CO2 emissions,LPG,,
DeltaGrip GmbH,40,2019,87.39,CO2 emissions,Other,,
DeltaGrip GmbH,41,2019,"1,626,934.65",CO2 emissions,Total CO2 - Scope 1,,
DeltaGrip GmbH,42,2019,,,,,
DeltaGrip GmbH,43,2019,"1,912,687.61",CO2 emissions,Total CO2 - Scope 2,,
DeltaGrip GmbH,44,2019,,,,,
DeltaGrip GmbH,45,2019,"3,539,622.26",CO2 emissions,Total CO2,,
DeltaGrip GmbH,46,2019,1.82,CO2 emissions,Total CO2 - KPI,,
DeltaGrip GmbH,1,2020,16,ISO 14001,Total no. of sites,,
DeltaGrip GmbH,2,2020,16,ISO 14001,ISO 14001 sites,,
DeltaGrip GmbH,3,2020,1.00,ISO 14001,% certified sites,,
DeltaGrip GmbH,4,2020,,,,,
DeltaGrip GmbH,5,2020,"1,773,995.69",Production,Production,,
DeltaGrip GmbH,6,2020,,,,,
DeltaGrip GmbH,7,2020,"14,933,775.15",Water,Water intake,,
DeltaGrip GmbH,8,2020,8.42,Water,Water intake - KPI,,
DeltaGrip GmbH,9,2020,,,,,
DeltaGrip GmbH,10,2020,"17,949,668.99",Energy,Total Electricity,,
DeltaGrip GmbH,11,2020,"3,346,104.16",Energy,Renewable Electricity Purchased,,
DeltaGrip GmbH,12,2020,"14,603,564.83",Energy,Non-Renewable Electricity Purchased,,
DeltaGrip GmbH,13,2020,"167,305.21",Energy,Self-generated AND consumed electricity on-site,,
DeltaGrip GmbH,14,2020,"1,190,370.89",Energy,Purchased Steam,,
DeltaGrip GmbH,15,2020,0,Energy,Sold Electricity,,
DeltaGrip GmbH,16,2020,0,Energy,Sold Steam,,
DeltaGrip GmbH,17,2020,"27,482,955.31",Energy,Natural Gas,,
DeltaGrip GmbH,18,2020,"195,574.70",Energy,Coal,,
DeltaGrip GmbH,19,2020,"522,140.76",Energy,Propane,,
DeltaGrip GmbH,20,2020,"776,296.79",Energy,Fuel Oil,,
DeltaGrip GmbH,21,2020,"308,060.18",Energy,Diesel,,
DeltaGrip GmbH,22,2020,"20,522.62",Energy,Petrol,,
DeltaGrip GmbH,23,2020,0.00,Energy,Biomass,,
DeltaGrip GmbH,24,2020,0.00,Energy,Waste tires,,
DeltaGrip GmbH,25,2020,"1,039,614.24",Energy,LPG,,
DeltaGrip GmbH,26,2020,"1,215.30",Energy,Other,,
DeltaGrip GmbH,27,2020,,,,,
DeltaGrip GmbH,28,2020,"49,486,419.80",Energy,Total energy,,
DeltaGrip GmbH,29,2020,27.90,Energy,Total energy - KPI,,
DeltaGrip GmbH,30,2020,,,,,
DeltaGrip GmbH,31,2020,"1,541,793.79",CO2 emissions,Natural Gas,,
DeltaGrip GmbH,32,2020,"18,579.60",CO2 emissions,Coal,,
DeltaGrip GmbH,33,2020,"32,947.08",CO2 emissions,Propane,,
DeltaGrip GmbH,34,2020,"60,085.37",CO2 emissions,Fuel Oil,,
DeltaGrip GmbH,35,2020,"22,827.26",CO2 emissions,Diesel,,
DeltaGrip GmbH,36,2020,"1,422.22",CO2 emissions,Petrol,,
DeltaGrip GmbH,37,2020,0,CO2 emissions,Biomass,,
DeltaGrip GmbH,38,2020,0,CO2 emissions,Waste tires,,
DeltaGrip GmbH,39,2020,"58,322.36",CO2 emissions,LPG,,
DeltaGrip GmbH,40,2020,87.38,CO2 emissions,Other,,
DeltaGrip GmbH,41,2020,"1,736,065.06",CO2 emissions,Total CO2 - Scope 1,,
DeltaGrip GmbH,42,2020,,,,,
DeltaGrip GmbH,43,2020,"1,825,445.60",CO2 emissions,Total CO2 - Scope 2,,
DeltaGrip GmbH,44,2020,,,,,
DeltaGrip GmbH,45,2020,"3,561,510.66",CO2 emissions,Total CO2,,
DeltaGrip GmbH,46,2020,2.01,CO2 emissions,Total CO2 - KPI,,
DeltaGrip GmbH,1,2021,17,ISO 14001,Total no. of sites,,
DeltaGrip GmbH,2,2021,17,ISO 14001,ISO 14001 sites,,
DeltaGrip GmbH,3,2021,1.00,ISO 14001,% certified sites,,
DeltaGrip GmbH,4,2021,,,,,
DeltaGrip GmbH,5,2021,"1,916,699.86",Production,Production,,
DeltaGrip GmbH,6,2021,,,,,
DeltaGrip GmbH,7,2021,"14,927,998.58",Water,Water intake,,
DeltaGrip GmbH,8,2021,7.79,Water,Water intake - KPI,,
DeltaGrip GmbH,9,2021,,,,,
DeltaGrip GmbH,10,2021,"17,823,022.72",Energy,Total Electricity,,
DeltaGrip GmbH,11,2021,"3,465,079.46",Energy,Renewable Electricity Purchased,,
DeltaGrip GmbH,12,2021,"14,357,943.26",Energy,Non-Renewable Electricity Purchased,,
DeltaGrip GmbH,13,2021,"173,253.97",Energy,Self-generated AND consumed electricity on-site,,
DeltaGrip GmbH,14,2021,"1,258,910.60",Energy,Purchased Steam,,
DeltaGrip GmbH,15,2021,0,Energy,Sold Electricity,,
DeltaGrip GmbH,16,2021,0,Energy,Sold Steam,,
DeltaGrip GmbH,17,2021,"28,441,912.59",Energy,Natural Gas,,
DeltaGrip GmbH,18,2021,"124,717.50",Energy,Coal,,
DeltaGrip GmbH,19,2021,"500,685.54",Energy,Propane,,
DeltaGrip GmbH,20,2021,"692,873.08",Energy,Fuel Oil,,
DeltaGrip GmbH,21,2021,"290,403.22",Energy,Diesel,,
DeltaGrip GmbH,22,2021,"18,322.88",Energy,Petrol,,
DeltaGrip GmbH,23,2021,0.00,Energy,Biomass,,
DeltaGrip GmbH,24,2021,0.00,Energy,Waste tires,,
DeltaGrip GmbH,25,2021,"1,045,234.48",Energy,LPG,,
DeltaGrip GmbH,26,2021,"1,227.74",Energy,Other,,
DeltaGrip GmbH,27,2021,,,,,
DeltaGrip GmbH,28,2021,"50,197,310.35",Energy,Total energy,,
DeltaGrip GmbH,29,2021,26.19,Energy,Total energy - KPI,,
DeltaGrip GmbH,30,2021,,,,,
DeltaGrip GmbH,31,2021,"1,595,591.30",CO2 emissions,Natural Gas,,
DeltaGrip GmbH,32,2021,"11,848.16",CO2 emissions,Coal,,
DeltaGrip GmbH,33,2021,"31,593.26",CO2 emissions,Propane,,
DeltaGrip GmbH,34,2021,"53,628.38",CO2 emissions,Fuel Oil,,
DeltaGrip GmbH,35,2021,"21,518.88",CO2 emissions,Diesel,,
DeltaGrip GmbH,36,2021,"1,269.78",CO2 emissions,Petrol,,
DeltaGrip GmbH,37,2021,0,CO2 emissions,Biomass,,
DeltaGrip GmbH,38,2021,0,CO2 emissions,Waste tires,,
DeltaGrip GmbH,39,2021,"58,637.65",CO2 emissions,LPG,,
DeltaGrip GmbH,40,2021,88.27,CO2 emissions,Other,,
DeltaGrip GmbH,41,2021,"1,774,175.68",CO2 emissions,Total CO2 - Scope 1,,
DeltaGrip GmbH,42,2021,,,,,
DeltaGrip GmbH,43,2021,"1,794,742.91",CO2 emissions,Total CO2 - Scope 2,,
DeltaGrip GmbH,44,2021,,,,,
DeltaGrip GmbH,45,2021,"3,568,918.58",CO2 emissions,Total CO2,,
DeltaGrip GmbH,46,2021,1.86,CO2 emissions,Total CO2 - KPI,,
DeltaGrip GmbH,1,2022,17,ISO 14001,Total no. of sites,,
DeltaGrip GmbH,2,2022,17,ISO 14001,ISO 14001 sites,,
DeltaGrip GmbH,3,2022,1.00,ISO 14001,% certified sites,,
DeltaGrip GmbH,4,2022,,,,,
DeltaGrip GmbH,5,2022,"1,918,287.25",Production,Production,,
DeltaGrip GmbH,6,2022,,,,,
DeltaGrip GmbH,7,2022,"16,431,095.74",Water,Water intake,,
DeltaGrip GmbH,8,2022,8.57,Water,Water intake - KPI,,
DeltaGrip GmbH,9,2022,,,,,
DeltaGrip GmbH,10,2022,"19,309,124.03",Energy,Total Electricity,,
DeltaGrip GmbH,11,2022,"3,908,474.21",Energy,Renewable Electricity Purchased,,
DeltaGrip GmbH,12,2022,"15,400,649.82",Energy,Non-Renewable Electricity Purchased,,
DeltaGrip GmbH,13,2022,"195,423.71",Energy,Self-generated AND consumed electricity on-site,,
DeltaGrip GmbH,14,2022,"1,217,722.74",Energy,Purchased Steam,,
DeltaGrip GmbH,15,2022,0,Energy,Sold Electricity,,
DeltaGrip GmbH,16,2022,0,Energy,Sold Steam,,
DeltaGrip GmbH,17,2022,"29,401,768.98",Energy,Natural Gas,,
DeltaGrip GmbH,18,2022,"74,859.00",Energy,Coal,,
DeltaGrip GmbH,19,2022,"553,483.45",Energy,Propane,,
DeltaGrip GmbH,20,2022,"606,177.96",Energy,Fuel Oil,,
DeltaGrip GmbH,21,2022,"304,133.57",Energy,Diesel,,
DeltaGrip GmbH,22,2022,"18,269.96",Energy,Petrol,,
DeltaGrip GmbH,23,2022,0.00,Energy,Biomass,,
DeltaGrip GmbH,24,2022,0.00,Energy,Waste tires,,
DeltaGrip GmbH,25,2022,"1,137,067.50",Energy,LPG,,
DeltaGrip GmbH,26,2022,"1,076.00",Energy,Other,,
DeltaGrip GmbH,27,2022,,,,,
DeltaGrip GmbH,28,2022,"52,623,683.18",Energy,Total energy,,
DeltaGrip GmbH,29,2022,27.43,Energy,Total energy - KPI,,
DeltaGrip GmbH,30,2022,,,,,
DeltaGrip GmbH,31,2022,"1,649,439.24",CO2 emissions,Natural Gas,,
DeltaGrip GmbH,32,2022,"7,111.60",CO2 emissions,Coal,,
DeltaGrip GmbH,33,2022,"34,924.81",CO2 emissions,Propane,,
DeltaGrip GmbH,34,2022,"46,918.17",CO2 emissions,Fuel Oil,,
DeltaGrip GmbH,35,2022,"22,536.30",CO2 emissions,Diesel,,
DeltaGrip GmbH,36,2022,"1,266.11",CO2 emissions,Petrol,,
DeltaGrip GmbH,37,2022,0,CO2 emissions,Biomass,,
DeltaGrip GmbH,38,2022,0,CO2 emissions,Waste tires,,
DeltaGrip GmbH,39,2022,"63,789.49",CO2 emissions,LPG,,
DeltaGrip GmbH,40,2022,77.36,CO2 emissions,Other,,
DeltaGrip GmbH,41,2022,"1,826,063.08",CO2 emissions,Total CO2 - Scope 1,,
DeltaGrip GmbH,42,2022,,,,,
DeltaGrip GmbH,43,2022,"1,925,081.23",CO2 emissions,Total CO2 - Scope 2,,
DeltaGrip GmbH,44,2022,,,,,
DeltaGrip GmbH,45,2022,"3,751,144.31",CO2 emissions,Total CO2,,
DeltaGrip GmbH,46,2022,1.96,CO2 emissions,Total CO2 - KPI,,
DeltaGrip GmbH,1,2023,17,ISO 14001,Total no. of sites,,
DeltaGrip GmbH,2,2023,17,ISO 14001,ISO 14001 sites,,
DeltaGrip GmbH,3,2023,1.00,ISO 14001,% certified sites,,
DeltaGrip GmbH,4,2023,,,,,
DeltaGrip GmbH,5,2023,"2,090,046.64",Production,Production,,
DeltaGrip GmbH,6,2023,,,,,
DeltaGrip GmbH,7,2023,"17,758,979.55",Water,Water intake,,
DeltaGrip GmbH,8,2023,8.50,Water,Water intake - KPI,,
DeltaGrip GmbH,9,2023,,,,,
DeltaGrip GmbH,10,2023,"19,355,776.94",Energy,Total Electricity,,
DeltaGrip GmbH,11,2023,"4,072,763.72",Energy,Renewable Electricity Purchased,,
DeltaGrip GmbH,12,2023,"15,283,013.22",Energy,Non-Renewable Electricity Purchased,,
DeltaGrip GmbH,13,2023,"203,638.19",Energy,Self-generated AND consumed electricity on-site,,
DeltaGrip GmbH,14,2023,"1,390,023.60",Energy,Purchased Steam,,
DeltaGrip GmbH,15,2023,0,Energy,Sold Electricity,,
DeltaGrip GmbH,16,2023,0,Energy,Sold Steam,,
DeltaGrip GmbH,17,2023,"30,606,161.93",Energy,Natural Gas,,
DeltaGrip GmbH,18,2023,"17,496.86",Energy,Coal,,
DeltaGrip GmbH,19,2023,"526,020.57",Energy,Propane,,
DeltaGrip GmbH,20,2023,"523,109.94",Energy,Fuel Oil,,
DeltaGrip GmbH,21,2023,"293,342.12",Energy,Diesel,,
DeltaGrip GmbH,22,2023,"19,582.63",Energy,Petrol,,
DeltaGrip GmbH,23,2023,0.00,Energy,Biomass,,
DeltaGrip GmbH,24,2023,0.00,Energy,Waste tires,,
DeltaGrip GmbH,25,2023,"1,070,831.66",Energy,LPG,,
DeltaGrip GmbH,26,2023,"1,173.18",Energy,Other,,
DeltaGrip GmbH,27,2023,,,,,
DeltaGrip GmbH,28,2023,"53,803,519.43",Energy,Total energy,,
DeltaGrip GmbH,29,2023,25.74,Energy,Total energy - KPI,,
DeltaGrip GmbH,30,2023,,,,,
DeltaGrip GmbH,31,2023,"1,717,005.68",CO2 emissions,Natural Gas,,
DeltaGrip GmbH,32,2023,"1,662.20",CO2 emissions,Coal,,
DeltaGrip GmbH,33,2023,"33,191.90",CO2 emissions,Propane,,
DeltaGrip GmbH,34,2023,"40,488.71",CO2 emissions,Fuel Oil,,
DeltaGrip GmbH,35,2023,"21,736.65",CO2 emissions,Diesel,,
DeltaGrip GmbH,36,2023,"1,357.08",CO2 emissions,Petrol,,
DeltaGrip GmbH,37,2023,0,CO2 emissions,Biomass,,
DeltaGrip GmbH,38,2023,0,CO2 emissions,Waste tires,,
DeltaGrip GmbH,39,2023,"60,073.66",CO2 emissions,LPG,,
DeltaGrip GmbH,40,2023,84.35,CO2 emissions,Other,,
DeltaGrip GmbH,41,2023,"1,875,600.23",CO2 emissions,Total CO2 - Scope 1,,
DeltaGrip GmbH,42,2023,,,,,
DeltaGrip GmbH,43,2023,"1,910,376.65",CO2 emissions,Total CO2 - Scope 2,,
DeltaGrip GmbH,44,2023,,,,,
DeltaGrip GmbH,45,2023,"3,785,976.88",CO2 emissions,Total CO2,,
DeltaGrip GmbH,46,2023,1.81,CO2 emissions,Total CO2 - KPI,,
EpsilonWheel Co,1,2009,19,ISO 14001,Total no. of sites,,
EpsilonWheel Co,2,2009,19,ISO 14001,ISO 14001 sites,,
EpsilonWheel Co,3,2009,0.94,ISO 14001,% certified sites,,
EpsilonWheel Co,4,2009,,,,,
EpsilonWheel Co,5,2009,"3,922,884.47",Production,Production,,
EpsilonWheel Co,6,2009,,,,,
EpsilonWheel Co,7,2009,"24,703,414.20",Water,Water intake,,
EpsilonWheel Co,8,2009,6.30,Water,Water intake - KPI,,
EpsilonWheel Co,9,2009,,,,,
EpsilonWheel Co,10,2009,"15,221,251.84",Energy,Total Electricity,,
EpsilonWheel Co,11,2009,"1,587,933.14",Energy,Renewable Electricity Purchased,,
EpsilonWheel Co,12,2009,"13,633,318.70",Energy,Non-Renewable Electricity Purchased,,
EpsilonWheel Co,13,2009,"79,396.66",Energy,Self-generated AND consumed electricity on-site,,
EpsilonWheel Co,14,2009,"2,551,176.61",Energy,Purchased Steam,,
EpsilonWheel Co,15,2009,0,Energy,Sold Electricity,,
EpsilonWheel Co,16,2009,0,Energy,Sold Steam,,
EpsilonWheel Co,17,2009,"15,392,691.91",Energy,Natural Gas,,
EpsilonWheel Co,18,2009,"125,940.85",Energy,Coal,,
EpsilonWheel Co,19,2009,"352,765.88",Energy,Propane,,
EpsilonWheel Co,20,2009,"427,071.98",Energy,Fuel Oil,,
EpsilonWheel Co,21,2009,"289,887.56",Energy,Diesel,,
EpsilonWheel Co,22,2009,"26,789.00",Energy,Petrol,,
EpsilonWheel Co,23,2009,0.00,Energy,Biomass,,
EpsilonWheel Co,24,2009,0.00,Energy,Waste tires,,
EpsilonWheel Co,25,2009,"1,391,137.51",Energy,LPG,,
EpsilonWheel Co,26,2009,"5,002.04",Energy,Other,,
EpsilonWheel Co,27,2009,,,,,
EpsilonWheel Co,28,2009,"35,783,715.17",Energy,Total energy,,
EpsilonWheel Co,29,2009,9.12,Energy,Total energy - KPI,,
EpsilonWheel Co,30,2009,,,,,
EpsilonWheel Co,31,2009,"863,530.02",CO2 emissions,Natural Gas,,
EpsilonWheel Co,32,2009,"11,964.38",CO2 emissions,Coal,,
EpsilonWheel Co,33,2009,"22,259.53",CO2 emissions,Propane,,
EpsilonWheel Co,34,2009,"33,055.37",CO2 emissions,Fuel Oil,,
EpsilonWheel Co,35,2009,"21,480.67",CO2 emissions,Diesel,,
EpsilonWheel Co,36,2009,"1,856.48",CO2 emissions,Petrol,,
EpsilonWheel Co,37,2009,0,CO2 emissions,Biomass,,
EpsilonWheel Co,38,2009,0,CO2 emissions,Waste tires,,
EpsilonWheel Co,39,2009,"78,042.81",CO2 emissions,LPG,,
EpsilonWheel Co,40,2009,359.65,CO2 emissions,Other,,
EpsilonWheel Co,41,2009,"1,032,548.90",CO2 emissions,Total CO2 - Scope 1,,
EpsilonWheel Co,42,2009,,,,,
EpsilonWheel Co,43,2009,"1,704,164.84",CO2 emissions,Total CO2 - Scope 2,,
EpsilonWheel Co,44,2009,,,,,
EpsilonWheel Co,45,2009,"2,736,713.74",CO2 emissions,Total CO2,,
EpsilonWheel Co,46,2009,0.70,CO2 emissions,Total CO2 - KPI,,
EpsilonWheel Co,1,2010,19,ISO 14001,Total no. of sites,,
EpsilonWheel Co,2,2010,19,ISO 14001,ISO 14001 sites,,
EpsilonWheel Co,3,2010,0.90,ISO 14001,% certified sites,,
EpsilonWheel Co,4,2010,,,,,
EpsilonWheel Co,5,2010,"4,169,368.99",Production,Production,,
EpsilonWheel Co,6,2010,,,,,
EpsilonWheel Co,7,2010,"24,601,252.18",Water,Water intake,,
EpsilonWheel Co,8,2010,5.90,Water,Water intake - KPI,,
EpsilonWheel Co,9,2010,,,,,
EpsilonWheel Co,10,2010,"13,734,979.75",Energy,Total Electricity,,
EpsilonWheel Co,11,2010,"1,542,759.98",Energy,Renewable Electricity Purchased,,
EpsilonWheel Co,12,2010,"12,192,219.77",Energy,Non-Renewable Electricity Purchased,,
EpsilonWheel Co,13,2010,"77,138.00",Energy,Self-generated AND consumed electricity on-site,,
EpsilonWheel Co,14,2010,"2,988,971.48",Energy,Purchased Steam,,
EpsilonWheel Co,15,2010,0,Energy,Sold Electricity,,
EpsilonWheel Co,16,2010,0,Energy,Sold Steam,,
EpsilonWheel Co,17,2010,"15,963,508.69",Energy,Natural Gas,,
EpsilonWheel Co,18,2010,"126,608.53",Energy,Coal,,
EpsilonWheel Co,19,2010,"318,688.91",Energy,Propane,,
EpsilonWheel Co,20,2010,"426,665.23",Energy,Fuel Oil,,
EpsilonWheel Co,21,2010,"262,380.82",Energy,Diesel,,
EpsilonWheel Co,22,2010,"27,831.05",Energy,Petrol,,
EpsilonWheel Co,23,2010,0.00,Energy,Biomass,,
EpsilonWheel Co,24,2010,0.00,Energy,Waste tires,,
EpsilonWheel Co,25,2010,"1,574,872.16",Energy,LPG,,
EpsilonWheel Co,26,2010,"4,940.63",Energy,Other,,
EpsilonWheel Co,27,2010,,,,,
EpsilonWheel Co,28,2010,"35,429,447.25",Energy,Total energy,,
EpsilonWheel Co,29,2010,8.50,Energy,Total energy - KPI,,
EpsilonWheel Co,30,2010,,,,,
EpsilonWheel Co,31,2010,"895,552.84",CO2 emissions,Natural Gas,,
EpsilonWheel Co,32,2010,"12,027.81",CO2 emissions,Coal,,
EpsilonWheel Co,33,2010,"20,109.27",CO2 emissions,Propane,,
EpsilonWheel Co,34,2010,"33,023.89",CO2 emissions,Fuel Oil,,
EpsilonWheel Co,35,2010,"19,442.42",CO2 emissions,Diesel,,
EpsilonWheel Co,36,2010,"1,928.69",CO2 emissions,Petrol,,
EpsilonWheel Co,37,2010,0,CO2 emissions,Biomass,,
EpsilonWheel Co,38,2010,0,CO2 emissions,Waste tires,,
EpsilonWheel Co,39,2010,"88,350.33",CO2 emissions,LPG,,
EpsilonWheel Co,40,2010,355.23,CO2 emissions,Other,,
EpsilonWheel Co,41,2010,"1,070,790.48",CO2 emissions,Total CO2 - Scope 1,,
EpsilonWheel Co,42,2010,,,,,
EpsilonWheel Co,43,2010,"1,524,027.47",CO2 emissions,Total CO2 - Scope 2,,
EpsilonWheel Co,44,2010,,,,,
EpsilonWheel Co,45,2010,"2,594,817.95",CO2 emissions,Total CO2,,
EpsilonWheel Co,46,2010,0.62,CO2 emissions,Total CO2 - KPI,,
EpsilonWheel Co,1,2011,19,ISO 14001,Total no. of sites,,
EpsilonWheel Co,2,2011,19,ISO 14001,ISO 14001 sites,,
EpsilonWheel Co,3,2011,0.91,ISO 14001,% certified sites,,
EpsilonWheel Co,4,2011,,,,,
EpsilonWheel Co,5,2011,"4,294,525.98",Production,Production,,
EpsilonWheel Co,6,2011,,,,,
EpsilonWheel Co,7,2011,"26,713,947.79",Water,Water intake,,
EpsilonWheel Co,8,2011,6.22,Water,Water intake - KPI,,
EpsilonWheel Co,9,2011,,,,,
EpsilonWheel Co,10,2011,"14,105,205.44",Energy,Total Electricity,,
EpsilonWheel Co,11,2011,"1,697,186.64",Energy,Renewable Electricity Purchased,,
EpsilonWheel Co,12,2011,"12,408,018.79",Energy,Non-Renewable Electricity Purchased,,
EpsilonWheel Co,13,2011,"84,859.33",Energy,Self-generated AND consumed electricity on-site,,
EpsilonWheel Co,14,2011,"2,818,900.48",Energy,Purchased Steam,,
EpsilonWheel Co,15,2011,0,Energy,Sold Electricity,,
EpsilonWheel Co,16,2011,0,Energy,Sold Steam,,
EpsilonWheel Co,17,2011,"15,798,230.45",Energy,Natural Gas,,
EpsilonWheel Co,18,2011,"117,017.38",Energy,Coal,,
EpsilonWheel Co,19,2011,"343,821.39",Energy,Propane,,
EpsilonWheel Co,20,2011,"408,122.74",Energy,Fuel Oil,,
EpsilonWheel Co,21,2011,"264,079.04",Energy,Diesel,,
EpsilonWheel Co,22,2011,"27,458.18",Energy,Petrol,,
EpsilonWheel Co,23,2011,0.00,Energy,Biomass,,
EpsilonWheel Co,24,2011,0.00,Energy,Waste tires,,
EpsilonWheel Co,25,2011,"1,556,219.19",Energy,LPG,,
EpsilonWheel Co,26,2011,"5,098.45",Energy,Other,,
EpsilonWheel Co,27,2011,,,,,
EpsilonWheel Co,28,2011,"35,444,152.73",Energy,Total energy,,
EpsilonWheel Co,29,2011,8.25,Energy,Total energy - KPI,,
EpsilonWheel Co,30,2011,,,,,
EpsilonWheel Co,31,2011,"886,280.73",CO2 emissions,Natural Gas,,
EpsilonWheel Co,32,2011,"11,116.65",CO2 emissions,Coal,,
EpsilonWheel Co,33,2011,"21,695.13",CO2 emissions,Propane,,
EpsilonWheel Co,34,2011,"31,588.70",CO2 emissions,Fuel Oil,,
EpsilonWheel Co,35,2011,"19,568.26",CO2 emissions,Diesel,,
EpsilonWheel Co,36,2011,"1,902.85",CO2 emissions,Petrol,,
EpsilonWheel Co,37,2011,0,CO2 emissions,Biomass,,
EpsilonWheel Co,38,2011,0,CO2 emissions,Waste tires,,
EpsilonWheel Co,39,2011,"87,303.90",CO2 emissions,LPG,,
EpsilonWheel Co,40,2011,366.58,CO2 emissions,Other,,
EpsilonWheel Co,41,2011,"1,059,822.79",CO2 emissions,Total CO2 - Scope 1,,
EpsilonWheel Co,42,2011,,,,,
EpsilonWheel Co,43,2011,"1,551,002.35",CO2 emissions,Total CO2 - Scope 2,,
EpsilonWheel Co,44,2011,,,,,
EpsilonWheel Co,45,2011,"2,610,825.14",CO2 emissions,Total CO2,,
EpsilonWheel Co,46,2011,0.61,CO2 emissions,Total CO2 - KPI,,
EpsilonWheel Co,1,2012,20,ISO 14001,Total no. of sites,,
EpsilonWheel Co,2,2012,20,ISO 14001,ISO 14001 sites,,
EpsilonWheel Co,3,2012,0.86,ISO 14001,% certified sites,,
EpsilonWheel Co,4,2012,,,,,
EpsilonWheel Co,5,2012,"4,337,335.90",Production,Production,,
EpsilonWheel Co,6,2012,,,,,
EpsilonWheel Co,7,2012,"26,745,076.75",Water,Water intake,,
EpsilonWheel Co,8,2012,6.17,Water,Water intake - KPI,,
EpsilonWheel Co,9,2012,,,,,
EpsilonWheel Co,10,2012,"15,394,750.41",Energy,Total Electricity,,
EpsilonWheel Co,11,2012,"1,975,507.12",Energy,Renewable Electricity Purchased,,
EpsilonWheel Co,12,2012,"13,419,243.29",Energy,Non-Renewable Electricity Purchased,,
EpsilonWheel Co,13,2012,"98,775.36",Energy,Self-generated AND consumed electricity on-site,,
EpsilonWheel Co,14,2012,"3,149,559.23",Energy,Purchased Steam,,
EpsilonWheel Co,15,2012,0,Energy,Sold Electricity,,
EpsilonWheel Co,16,2012,0,Energy,Sold Steam,,
EpsilonWheel Co,17,2012,"16,892,398.56",Energy,Natural Gas,,
EpsilonWheel Co,18,2012,"105,921.37",Energy,Coal,,
EpsilonWheel Co,19,2012,"339,528.82",Energy,Propane,,
EpsilonWheel Co,20,2012,"337,747.12",Energy,Fuel Oil,,
EpsilonWheel Co,21,2012,"308,486.18",Energy,Diesel,,
EpsilonWheel Co,22,2012,"27,835.86",Energy,Petrol,,
EpsilonWheel Co,23,2012,0.00,Energy,Biomass,,
EpsilonWheel Co,24,2012,0.00,Energy,Waste tires,,
EpsilonWheel Co,25,2012,"1,649,709.84",Energy,LPG,,
EpsilonWheel Co,26,2012,"4,863.44",Energy,Other,,
EpsilonWheel Co,27,2012,,,,,
EpsilonWheel Co,28,2012,"38,210,800.83",Energy,Total energy,,
EpsilonWheel Co,29,2012,8.81,Energy,Total energy - KPI,,
EpsilonWheel Co,30,2012,,,,,
EpsilonWheel Co,31,2012,"947,663.56",CO2 emissions,Natural Gas,,
EpsilonWheel Co,32,2012,"10,062.53",CO2 emissions,Coal,,
EpsilonWheel Co,33,2012,"21,424.27",CO2 emissions,Propane,,
EpsilonWheel Co,34,2012,"26,141.63",CO2 emissions,Fuel Oil,,
EpsilonWheel Co,35,2012,"22,858.83",CO2 emissions,Diesel,,
EpsilonWheel Co,36,2012,"1,929.03",CO2 emissions,Petrol,,
EpsilonWheel Co,37,2012,0,CO2 emissions,Biomass,,
EpsilonWheel Co,38,2012,0,CO2 emissions,Waste tires,,
EpsilonWheel Co,39,2012,"92,548.72",CO2 emissions,LPG,,
EpsilonWheel Co,40,2012,349.68,CO2 emissions,Other,,
EpsilonWheel Co,41,2012,"1,122,978.24",CO2 emissions,Total CO2 - Scope 1,,
EpsilonWheel Co,42,2012,,,,,
EpsilonWheel Co,43,2012,"1,677,405.41",CO2 emissions,Total CO2 - Scope 2,,
EpsilonWheel Co,44,2012,,,,,
EpsilonWheel Co,45,2012,"2,800,383.65",CO2 emissions,Total CO2,,
EpsilonWheel Co,46,2012,0.65,CO2 emissions,Total CO2 - KPI,,
EpsilonWheel Co,1,2013,20,ISO 14001,Total no. of sites,,
EpsilonWheel Co,2,2013,20,ISO 14001,ISO 14001 sites,,
EpsilonWheel Co,3,2013,0.85,ISO 14001,% certified sites,,
EpsilonWheel Co,4,2013,,,,,
EpsilonWheel Co,5,2013,"4,264,649.48",Production,Production,,
EpsilonWheel Co,6,2013,,,,,
EpsilonWheel Co,7,2013,"26,710,038.33",Water,Water intake,,
EpsilonWheel Co,8,2013,6.26,Water,Water intake - KPI,,
EpsilonWheel Co,9,2013,,,,,
EpsilonWheel Co,10,2013,"14,999,731.76",Energy,Total Electricity,,
EpsilonWheel Co,11,2013,"2,044,814.82",Energy,Renewable Electricity Purchased,,
EpsilonWheel Co,12,2013,"12,954,916.93",Energy,Non-Renewable Electricity Purchased,,
EpsilonWheel Co,13,2013,"102,240.74",Energy,Self-generated AND consumed electricity on-site,,
EpsilonWheel Co,14,2013,"2,814,714.46",Energy,Purchased Steam,,
EpsilonWheel Co,15,2013,0,Energy,Sold Electricity,,
EpsilonWheel Co,16,2013,0,Energy,Sold Steam,,
EpsilonWheel Co,17,2013,"17,867,876.15",Energy,Natural Gas,,
EpsilonWheel Co,18,2013,"91,361.78",Energy,Coal,,
EpsilonWheel Co,19,2013,"381,077.52",Energy,Propane,,
EpsilonWheel Co,20,2013,"322,480.84",Energy,Fuel Oil,,
EpsilonWheel Co,21,2013,"285,420.49",Energy,Diesel,,
EpsilonWheel Co,22,2013,"29,697.56",Energy,Petrol,,
EpsilonWheel Co,23,2013,0.00,Energy,Biomass,,
EpsilonWheel Co,24,2013,0.00,Energy,Waste tires,,
EpsilonWheel Co,25,2013,"1,600,099.11",Energy,LPG,,
EpsilonWheel Co,26,2013,"4,487.45",Energy,Other,,
EpsilonWheel Co,27,2013,,,,,
EpsilonWheel Co,28,2013,"38,396,947.11",Energy,Total energy,,
EpsilonWheel Co,29,2013,9.00,Energy,Total energy - KPI,,
EpsilonWheel Co,30,2013,,,,,
EpsilonWheel Co,31,2013,"1,002,387.85",CO2 emissions,Natural Gas,,
EpsilonWheel Co,32,2013,"8,679.37",CO2 emissions,Coal,,
EpsilonWheel Co,33,2013,"24,045.99",CO2 emissions,Propane,,
EpsilonWheel Co,34,2013,"24,960.02",CO2 emissions,Fuel Oil,,
EpsilonWheel Co,35,2013,"21,149.66",CO2 emissions,Diesel,,
EpsilonWheel Co,36,2013,"2,058.04",CO2 emissions,Petrol,,
EpsilonWheel Co,37,2013,0,CO2 emissions,Biomass,,
EpsilonWheel Co,38,2013,0,CO2 emissions,Waste tires,,
EpsilonWheel Co,39,2013,"89,765.56",CO2 emissions,LPG,,
EpsilonWheel Co,40,2013,322.65,CO2 emissions,Other,,
EpsilonWheel Co,41,2013,"1,173,369.14",CO2 emissions,Total CO2 - Scope 1,,
EpsilonWheel Co,42,2013,,,,,
EpsilonWheel Co,43,2013,"1,619,364.62",CO2 emissions,Total CO2 - Scope 2,,
EpsilonWheel Co,44,2013,,,,,
EpsilonWheel Co,45,2013,"2,792,733.75",CO2 emissions,Total CO2,,
EpsilonWheel Co,46,2013,0.65,CO2 emissions,Total CO2 - KPI,,
EpsilonWheel Co,1,2014,20,ISO 14001,Total no. of sites,,
EpsilonWheel Co,2,2014,20,ISO 14001,ISO 14001 sites,,
EpsilonWheel Co,3,2014,0.85,ISO 14001,% certified sites,,
EpsilonWheel Co,4,2014,,,,,
EpsilonWheel Co,5,2014,"4,570,050.69",Production,Production,,
EpsilonWheel Co,6,2014,,,,,
EpsilonWheel Co,7,2014,"28,936,371.71",Water,Water intake,,
EpsilonWheel Co,8,2014,6.33,Water,Water intake - KPI,,
EpsilonWheel Co,9,2014,,,,,
EpsilonWheel Co,10,2014,"15,087,547.47",Energy,Total Electricity,,
EpsilonWheel Co,11,2014,"2,177,486.54",Energy,Renewable Electricity Purchased,,
EpsilonWheel Co,12,2014,"12,910,060.93",Energy,Non-Renewable Electricity Purchased,,
EpsilonWheel Co,13,2014,"108,874.33",Energy,Self-generated AND consumed electricity on-site,,
EpsilonWheel Co,14,2014,"2,880,678.33",Energy,Purchased Steam,,
EpsilonWheel Co,15,2014,0,Energy,Sold Electricity,,
EpsilonWheel Co,16,2014,0,Energy,Sold Steam,,
EpsilonWheel Co,17,2014,"17,365,489.92",Energy,Natural Gas,,
EpsilonWheel Co,18,2014,"83,980.34",Energy,Coal,,
EpsilonWheel Co,19,2014,"383,511.10",Energy,Propane,,
EpsilonWheel Co,20,2014,"293,120.90",Energy,Fuel Oil,,
EpsilonWheel Co,21,2014,"282,068.16",Energy,Diesel,,
EpsilonWheel Co,22,2014,"29,339.96",Energy,Petrol,,
EpsilonWheel Co,23,2014,0.00,Energy,Biomass,,
EpsilonWheel Co,24,2014,0.00,Energy,Waste tires,,
EpsilonWheel Co,25,2014,"1,612,066.22",Energy,LPG,,
EpsilonWheel Co,26,2014,"4,621.53",Energy,Other,,
EpsilonWheel Co,27,2014,,,,,
EpsilonWheel Co,28,2014,"38,022,423.92",Energy,Total energy,,
EpsilonWheel Co,29,2014,8.32,Energy,Total energy - KPI,,
EpsilonWheel Co,30,2014,,,,,
EpsilonWheel Co,31,2014,"974,203.98",CO2 emissions,Natural Gas,,
EpsilonWheel Co,32,2014,"7,978.13",CO2 emissions,Coal,,
EpsilonWheel Co,33,2014,"24,199.55",CO2 emissions,Propane,,
EpsilonWheel Co,34,2014,"22,687.56",CO2 emissions,Fuel Oil,,
EpsilonWheel Co,35,2014,"20,901.25",CO2 emissions,Diesel,,
EpsilonWheel Co,36,2014,"2,033.26",CO2 emissions,Petrol,,
EpsilonWheel Co,37,2014,0,CO2 emissions,Biomass,,
EpsilonWheel Co,38,2014,0,CO2 emissions,Waste tires,,
EpsilonWheel Co,39,2014,"90,436.91",CO2 emissions,LPG,,
EpsilonWheel Co,40,2014,332.29,CO2 emissions,Other,,
EpsilonWheel Co,41,2014,"1,142,772.94",CO2 emissions,Total CO2 - Scope 1,,
EpsilonWheel Co,42,2014,,,,,
EpsilonWheel Co,43,2014,"1,613,757.62",CO2 emissions,Total CO2 - Scope 2,,
EpsilonWheel Co,44,2014,,,,,
EpsilonWheel Co,45,2014,"2,756,530.55",CO2 emissions,Total CO2,,
EpsilonWheel Co,46,2014,0.60,CO2 emissions,Total CO2 - KPI,,
EpsilonWheel Co,1,2015,21,ISO 14001,Total no. of sites,,
EpsilonWheel Co,2,2015,21,ISO 14001,ISO 14001 sites,,
EpsilonWheel Co,3,2015,1.00,ISO 14001,% certified sites,,
EpsilonWheel Co,4,2015,,,,,
EpsilonWheel Co,5,2015,"4,161,434.94",Production,Production,,
EpsilonWheel Co,6,2015,,,,,
EpsilonWheel Co,7,2015,"23,135,401.06",Water,Water intake,,
EpsilonWheel Co,8,2015,5.56,Water,Water intake - KPI,,
EpsilonWheel Co,9,2015,,,,,
EpsilonWheel Co,10,2015,"16,984,892.22",Energy,Total Electricity,,
EpsilonWheel Co,11,2015,"2,587,196.98",Energy,Renewable Electricity Purchased,,
EpsilonWheel Co,12,2015,"14,397,695.25",Energy,Non-Renewable Electricity Purchased,,
EpsilonWheel Co,13,2015,"129,359.85",Energy,Self-generated AND consumed electricity on-site,,
EpsilonWheel Co,14,2015,"3,143,056.53",Energy,Purchased Steam,,
EpsilonWheel Co,15,2015,0,Energy,Sold Electricity,,
EpsilonWheel Co,16,2015,0,Energy,Sold Steam,,
EpsilonWheel Co,17,2015,"19,215,752.46",Energy,Natural Gas,,
EpsilonWheel Co,18,2015,"78,752.99",Energy,Coal,,
EpsilonWheel Co,19,2015,"399,185.59",Energy,Propane,,
EpsilonWheel Co,20,2015,"296,668.76",Energy,Fuel Oil,,
EpsilonWheel Co,21,2015,"293,047.55",Energy,Diesel,,
EpsilonWheel Co,22,2015,"28,056.24",Energy,Petrol,,
EpsilonWheel Co,23,2015,0.00,Energy,Biomass,,
EpsilonWheel Co,24,2015,0.00,Energy,Waste tires,,
EpsilonWheel Co,25,2015,"1,842,590.83",Energy,LPG,,
EpsilonWheel Co,26,2015,"4,408.17",Energy,Other,,
EpsilonWheel Co,27,2015,,,,,
EpsilonWheel Co,28,2015,"42,286,411.33",Energy,Total energy,,
EpsilonWheel Co,29,2015,10.16,Energy,Total energy - KPI,,
EpsilonWheel Co,30,2015,,,,,
EpsilonWheel Co,31,2015,"1,078,003.71",CO2 emissions,Natural Gas,,
EpsilonWheel Co,32,2015,"7,481.53",CO2 emissions,Coal,,
EpsilonWheel Co,33,2015,"25,188.61",CO2 emissions,Propane,,
EpsilonWheel Co,34,2015,"22,962.16",CO2 emissions,Fuel Oil,,
EpsilonWheel Co,35,2015,"21,714.82",CO2 emissions,Diesel,,
EpsilonWheel Co,36,2015,"1,944.30",CO2 emissions,Petrol,,
EpsilonWheel Co,37,2015,0,CO2 emissions,Biomass,,
EpsilonWheel Co,38,2015,0,CO2 emissions,Waste tires,,
EpsilonWheel Co,39,2015,"103,369.35",CO2 emissions,LPG,,
EpsilonWheel Co,40,2015,316.95,CO2 emissions,Other,,
EpsilonWheel Co,41,2015,"1,260,981.43",CO2 emissions,Total CO2 - Scope 1,,
EpsilonWheel Co,42,2015,,,,,
EpsilonWheel Co,43,2015,"1,799,711.91",CO2 emissions,Total CO2 - Scope 2,,
EpsilonWheel Co,44,2015,,,,,
EpsilonWheel Co,45,2015,"3,060,693.34",CO2 emissions,Total CO2,,
EpsilonWheel Co,46,2015,0.74,CO2 emissions,Total CO2 - KPI,,
EpsilonWheel Co,1,2016,21,ISO 14001,Total no. of sites,,
EpsilonWheel Co,2,2016,21,ISO 14001,ISO 14001 sites,,
EpsilonWheel Co,3,2016,1.00,ISO 14001,% certified sites,,
EpsilonWheel Co,4,2016,,,,,
EpsilonWheel Co,5,2016,"4,688,973.57",Production,Production,,
EpsilonWheel Co,6,2016,,,,,
EpsilonWheel Co,7,2016,"29,727,884.07",Water,Water intake,,
EpsilonWheel Co,8,2016,6.34,Water,Water intake - KPI,,
EpsilonWheel Co,9,2016,,,,,
EpsilonWheel Co,10,2016,"16,765,295.80",Energy,Total Electricity,,
EpsilonWheel Co,11,2016,"2,687,869.66",Energy,Renewable Electricity Purchased,,
EpsilonWheel Co,12,2016,"14,077,426.13",Energy,Non-Renewable Electricity Purchased,,
EpsilonWheel Co,13,2016,"134,393.48",Energy,Self-generated AND consumed electricity on-site,,
EpsilonWheel Co,14,2016,"3,176,567.20",Energy,Purchased Steam,,
EpsilonWheel Co,15,2016,0,Energy,Sold Electricity,,
EpsilonWheel Co,16,2016,0,Energy,Sold Steam,,
EpsilonWheel Co,17,2016,"20,293,493.42",Energy,Natural Gas,,
EpsilonWheel Co,18,2016,"64,628.01",Energy,Coal,,
EpsilonWheel Co,19,2016,"389,180.14",Energy,Propane,,
EpsilonWheel Co,20,2016,"270,568.68",Energy,Fuel Oil,,
EpsilonWheel Co,21,2016,"328,907.09",Energy,Diesel,,
EpsilonWheel Co,22,2016,"27,995.36",Energy,Petrol,,
EpsilonWheel Co,23,2016,0.00,Energy,Biomass,,
EpsilonWheel Co,24,2016,0.00,Energy,Waste tires,,
EpsilonWheel Co,25,2016,"1,872,604.70",Energy,LPG,,
EpsilonWheel Co,26,2016,"4,431.09",Energy,Other,,
EpsilonWheel Co,27,2016,,,,,
EpsilonWheel Co,28,2016,"43,193,671.48",Energy,Total energy,,
EpsilonWheel Co,29,2016,9.21,Energy,Total energy - KPI,,
EpsilonWheel Co,30,2016,,,,,
EpsilonWheel Co,31,2016,"1,138,464.98",CO2 emissions,Natural Gas,,
EpsilonWheel Co,32,2016,"6,139.66",CO2 emissions,Coal,,
EpsilonWheel Co,33,2016,"24,557.27",CO2 emissions,Propane,,
EpsilonWheel Co,34,2016,"20,942.02",CO2 emissions,Fuel Oil,,
EpsilonWheel Co,35,2016,"24,372.02",CO2 emissions,Diesel,,
EpsilonWheel Co,36,2016,"1,940.08",CO2 emissions,Petrol,,
EpsilonWheel Co,37,2016,0,CO2 emissions,Biomass,,
EpsilonWheel Co,38,2016,0,CO2 emissions,Waste tires,,
EpsilonWheel Co,39,2016,"105,053.12",CO2 emissions,LPG,,
EpsilonWheel Co,40,2016,318.60,CO2 emissions,Other,,
EpsilonWheel Co,41,2016,"1,321,787.74",CO2 emissions,Total CO2 - Scope 1,,
EpsilonWheel Co,42,2016,,,,,
EpsilonWheel Co,43,2016,"1,759,678.27",CO2 emissions,Total CO2 - Scope 2,,
EpsilonWheel Co,44,2016,,,,,
EpsilonWheel Co,45,2016,"3,081,466.00",CO2 emissions,Total CO2,,
EpsilonWheel Co,46,2016,0.66,CO2 emissions,Total CO2 - KPI,,
EpsilonWheel Co,1,2017,21,ISO 14001,Total no. of sites,,
EpsilonWheel Co,2,2017,21,ISO 14001,ISO 14001 sites,,
EpsilonWheel Co,3,2017,1.00,ISO 14001,% certified sites,,
EpsilonWheel Co,4,2017,,,,,
EpsilonWheel Co,5,2017,"4,273,865.52",Production,Production,,
EpsilonWheel Co,6,2017,,,,,
EpsilonWheel Co,7,2017,"26,036,824.97",Water,Water intake,,
EpsilonWheel Co,8,2017,6.09,Water,Water intake - KPI,,
EpsilonWheel Co,9,2017,,,,,
EpsilonWheel Co,10,2017,"15,877,686.41",Energy,Total Electricity,,
EpsilonWheel Co,11,2017,"2,672,586.58",Energy,Renewable Electricity Purchased,,
EpsilonWheel Co,12,2017,"13,205,099.84",Energy,Non-Renewable Electricity Purchased,,
EpsilonWheel Co,13,2017,"133,629.33",Energy,Self-generated AND consumed electricity on-site,,
EpsilonWheel Co,14,2017,"3,148,509.07",Energy,Purchased Steam,,
EpsilonWheel Co,15,2017,0,Energy,Sold Electricity,,
EpsilonWheel Co,16,2017,0,Energy,Sold Steam,,
EpsilonWheel Co,17,2017,"19,703,674.68",Energy,Natural Gas,,
EpsilonWheel Co,18,2017,"60,435.58",Energy,Coal,,
EpsilonWheel Co,19,2017,"387,647.08",Energy,Propane,,
EpsilonWheel Co,20,2017,"273,831.94",Energy,Fuel Oil,,
EpsilonWheel Co,21,2017,"327,787.32",Energy,Diesel,,
EpsilonWheel Co,22,2017,"27,831.37",Energy,Petrol,,
EpsilonWheel Co,23,2017,0.00,Energy,Biomass,,
EpsilonWheel Co,24,2017,0.00,Energy,Waste tires,,
EpsilonWheel Co,25,2017,"1,825,069.85",Energy,LPG,,
EpsilonWheel Co,26,2017,"4,450.64",Energy,Other,,
EpsilonWheel Co,27,2017,,,,,
EpsilonWheel Co,28,2017,"41,636,923.93",Energy,Total energy,,
EpsilonWheel Co,29,2017,9.74,Energy,Total energy - KPI,,
EpsilonWheel Co,30,2017,,,,,
EpsilonWheel Co,31,2017,"1,105,376.15",CO2 emissions,Natural Gas,,
EpsilonWheel Co,32,2017,"5,741.38",CO2 emissions,Coal,,
EpsilonWheel Co,33,2017,"24,460.53",CO2 emissions,Propane,,
EpsilonWheel Co,34,2017,"21,194.59",CO2 emissions,Fuel Oil,,
EpsilonWheel Co,35,2017,"24,289.04",CO2 emissions,Diesel,,
EpsilonWheel Co,36,2017,"1,928.71",CO2 emissions,Petrol,,
EpsilonWheel Co,37,2017,0,CO2 emissions,Biomass,,
EpsilonWheel Co,38,2017,0,CO2 emissions,Waste tires,,
EpsilonWheel Co,39,2017,"102,386.42",CO2 emissions,LPG,,
EpsilonWheel Co,40,2017,320.00,CO2 emissions,Other,,
EpsilonWheel Co,41,2017,"1,285,696.83",CO2 emissions,Total CO2 - Scope 1,,
EpsilonWheel Co,42,2017,,,,,
EpsilonWheel Co,43,2017,"1,650,637.48",CO2 emissions,Total CO2 - Scope 2,,
EpsilonWheel Co,44,2017,,,,,
EpsilonWheel Co,45,2017,"2,936,334.31",CO2 emissions,Total CO2,,
EpsilonWheel Co,46,2017,0.69,CO2 emissions,Total CO2 - KPI,,
EpsilonWheel Co,1,2018,22,ISO 14001,Total no. of sites,,
EpsilonWheel Co,2,2018,22,ISO 14001,ISO 14001 sites,,
EpsilonWheel Co,3,2018,1.00,ISO 14001,% certified sites,,
EpsilonWheel Co,4,2018,,,,,
EpsilonWheel Co,5,2018,"4,827,561.00",Production,Production,,
EpsilonWheel Co,6,2018,,,,,
EpsilonWheel Co,7,2018,"30,540,895.49",Water,Water intake,,
EpsilonWheel Co,8,2018,6.33,Water,Water intake - KPI,,
EpsilonWheel Co,9,2018,,,,,
EpsilonWheel Co,10,2018,"17,839,536.53",Energy,Total Electricity,,
EpsilonWheel Co,11,2018,"3,145,528.20",Energy,Renewable Electricity Purchased,,
EpsilonWheel Co,12,2018,"14,694,008.32",Energy,Non-Renewable Electricity Purchased,,
EpsilonWheel Co,13,2018,"157,276.41",Energy,Self-generated AND consumed electricity on-site,,
EpsilonWheel Co,14,2018,"3,477,603.67",Energy,Purchased Steam,,
EpsilonWheel Co,15,2018,0,Energy,Sold Electricity,,
EpsilonWheel Co,16,2018,0,Energy,Sold Steam,,
EpsilonWheel Co,17,2018,"20,390,724.75",Energy,Natural Gas,,
EpsilonWheel Co,18,2018,"48,131.19",Energy,Coal,,
EpsilonWheel Co,19,2018,"403,954.47",Energy,Propane,,
EpsilonWheel Co,20,2018,"222,499.64",Energy,Fuel Oil,,
EpsilonWheel Co,21,2018,"324,406.79",Energy,Diesel,,
EpsilonWheel Co,22,2018,"27,830.40",Energy,Petrol,,
EpsilonWheel Co,23,2018,0.00,Energy,Biomass,,
EpsilonWheel Co,24,2018,0.00,Energy,Waste tires,,
EpsilonWheel Co,25,2018,"1,807,558.67",Energy,LPG,,
EpsilonWheel Co,26,2018,"4,447.52",Energy,Other,,
EpsilonWheel Co,27,2018,,,,,
EpsilonWheel Co,28,2018,"44,546,693.63",Energy,Total energy,,
EpsilonWheel Co,29,2018,9.23,Energy,Total energy - KPI,,
EpsilonWheel Co,30,2018,,,,,
EpsilonWheel Co,31,2018,"1,143,919.66",CO2 emissions,Natural Gas,,
EpsilonWheel Co,32,2018,"4,572.46",CO2 emissions,Coal,,
EpsilonWheel Co,33,2018,"25,489.53",CO2 emissions,Propane,,
EpsilonWheel Co,34,2018,"17,221.47",CO2 emissions,Fuel Oil,,
EpsilonWheel Co,35,2018,"24,038.54",CO2 emissions,Diesel,,
EpsilonWheel Co,36,2018,"1,928.65",CO2 emissions,Petrol,,
EpsilonWheel Co,37,2018,0,CO2 emissions,Biomass,,
EpsilonWheel Co,38,2018,0,CO2 emissions,Waste tires,,
EpsilonWheel Co,39,2018,"101,404.04",CO2 emissions,LPG,,
EpsilonWheel Co,40,2018,319.78,CO2 emissions,Other,,
EpsilonWheel Co,41,2018,"1,318,894.13",CO2 emissions,Total CO2 - Scope 1,,
EpsilonWheel Co,42,2018,,,,,
EpsilonWheel Co,43,2018,"1,836,751.04",CO2 emissions,Total CO2 - Scope 2,,
EpsilonWheel Co,44,2018,,,,,
EpsilonWheel Co,45,2018,"3,155,645.17",CO2 emissions,Total CO2,,
EpsilonWheel Co,46,2018,0.65,CO2 emissions,Total CO2 - KPI,,
EpsilonWheel Co,1,2019,22,ISO 14001,Total no. of sites,,
EpsilonWheel Co,2,2019,22,ISO 14001,ISO 14001 sites,,
EpsilonWheel Co,3,2019,1.00,ISO 14001,% certified sites,,
EpsilonWheel Co,4,2019,,,,,
EpsilonWheel Co,5,2019,"4,716,102.03",Production,Production,,
EpsilonWheel Co,6,2019,,,,,
EpsilonWheel Co,7,2019,"28,987,681.92",Water,Water intake,,
EpsilonWheel Co,8,2019,6.15,Water,Water intake - KPI,,
EpsilonWheel Co,9,2019,,,,,
EpsilonWheel Co,10,2019,"17,416,939.67",Energy,Total Electricity,,
EpsilonWheel Co,11,2019,"3,210,349.99",Energy,Renewable Electricity Purchased,,
EpsilonWheel Co,12,2019,"14,206,589.68",Energy,Non-Renewable Electricity Purchased,,
EpsilonWheel Co,13,2019,"160,517.50",Energy,Self-generated AND consumed electricity on-site,,
EpsilonWheel Co,14,2019,"3,213,081.40",Energy,Purchased Steam,,
EpsilonWheel Co,15,2019,0,Energy,Sold Electricity,,
EpsilonWheel Co,16,2019,0,Energy,Sold Steam,,
EpsilonWheel Co,17,2019,"21,456,855.76",Energy,Natural Gas,,
EpsilonWheel Co,18,2019,"38,057.75",Energy,Coal,,
EpsilonWheel Co,19,2019,"437,470.30",Energy,Propane,,
EpsilonWheel Co,20,2019,"197,695.99",Energy,Fuel Oil,,
EpsilonWheel Co,21,2019,"317,850.94",Energy,Diesel,,
EpsilonWheel Co,22,2019,"29,110.31",Energy,Petrol,,
EpsilonWheel Co,23,2019,0.00,Energy,Biomass,,
EpsilonWheel Co,24,2019,0.00,Energy,Waste tires,,
EpsilonWheel Co,25,2019,"1,962,838.16",Energy,LPG,,
EpsilonWheel Co,26,2019,"4,798.51",Energy,Other,,
EpsilonWheel Co,27,2019,,,,,
EpsilonWheel Co,28,2019,"45,074,698.79",Energy,Total energy,,
EpsilonWheel Co,29,2019,9.56,Energy,Total energy - KPI,,
EpsilonWheel Co,30,2019,,,,,
EpsilonWheel Co,31,2019,"1,203,729.61",CO2 emissions,Natural Gas,,
EpsilonWheel Co,32,2019,"3,615.49",CO2 emissions,Coal,,
EpsilonWheel Co,33,2019,"27,604.38",CO2 emissions,Propane,,
EpsilonWheel Co,34,2019,"15,301.67",CO2 emissions,Fuel Oil,,
EpsilonWheel Co,35,2019,"23,552.75",CO2 emissions,Diesel,,
EpsilonWheel Co,36,2019,"2,017.34",CO2 emissions,Petrol,,
EpsilonWheel Co,37,2019,0,CO2 emissions,Biomass,,
EpsilonWheel Co,38,2019,0,CO2 emissions,Waste tires,,
EpsilonWheel Co,39,2019,"110,115.22",CO2 emissions,LPG,,
EpsilonWheel Co,40,2019,345.01,CO2 emissions,Other,,
EpsilonWheel Co,41,2019,"1,386,281.47",CO2 emissions,Total CO2 - Scope 1,,
EpsilonWheel Co,42,2019,,,,,
EpsilonWheel Co,43,2019,"1,775,823.71",CO2 emissions,Total CO2 - Scope 2,,
EpsilonWheel Co,44,2019,,,,,
EpsilonWheel Co,45,2019,"3,162,105.18",CO2 emissions,Total CO2,,
EpsilonWheel Co,46,2019,0.67,CO2 emissions,Total CO2 - KPI,,
EpsilonWheel Co,1,2020,22,ISO 14001,Total no. of sites,,
EpsilonWheel Co,2,2020,22,ISO 14001,ISO 14001 sites,,
EpsilonWheel Co,3,2020,1.00,ISO 14001,% certified sites,,
EpsilonWheel Co,4,2020,,,,,
EpsilonWheel Co,5,2020,"4,934,798.24",Production,Production,,
EpsilonWheel Co,6,2020,,,,,
EpsilonWheel Co,7,2020,"29,842,435.64",Water,Water intake,,
EpsilonWheel Co,8,2020,6.05,Water,Water intake - KPI,,
EpsilonWheel Co,9,2020,,,,,
EpsilonWheel Co,10,2020,"17,635,743.80",Energy,Total Electricity,,
EpsilonWheel Co,11,2020,"3,391,766.67",Energy,Renewable Electricity Purchased,,
EpsilonWheel Co,12,2020,"14,243,977.13",Energy,Non-Renewable Electricity Purchased,,
EpsilonWheel Co,13,2020,"169,588.33",Energy,Self-generated AND consumed electricity on-site,,
EpsilonWheel Co,14,2020,"3,260,459.69",Energy,Purchased Steam,,
EpsilonWheel Co,15,2020,0,Energy,Sold Electricity,,
EpsilonWheel Co,16,2020,0,Energy,Sold Steam,,
EpsilonWheel Co,17,2020,"20,018,522.95",Energy,Natural Gas,,
EpsilonWheel Co,18,2020,"32,178.10",Energy,Coal,,
EpsilonWheel Co,19,2020,"440,695.14",Energy,Propane,,
EpsilonWheel Co,20,2020,"201,520.94",Energy,Fuel Oil,,
EpsilonWheel Co,21,2020,"358,837.98",Energy,Diesel,,
EpsilonWheel Co,22,2020,"30,140.36",Energy,Petrol,,
EpsilonWheel Co,23,2020,0.00,Energy,Biomass,,
EpsilonWheel Co,24,2020,0.00,Energy,Waste tires,,
EpsilonWheel Co,25,2020,"1,937,606.04",Energy,LPG,,
EpsilonWheel Co,26,2020,"4,642.74",Energy,Other,,
EpsilonWheel Co,27,2020,,,,,
EpsilonWheel Co,28,2020,"43,920,347.75",Energy,Total energy,,
EpsilonWheel Co,29,2020,8.90,Energy,Total energy - KPI,,
EpsilonWheel Co,30,2020,,,,,
EpsilonWheel Co,31,2020,"1,123,039.14",CO2 emissions,Natural Gas,,
EpsilonWheel Co,32,2020,"3,056.92",CO2 emissions,Coal,,
EpsilonWheel Co,33,2020,"27,807.86",CO2 emissions,Propane,,
EpsilonWheel Co,34,2020,"15,597.72",CO2 emissions,Fuel Oil,,
EpsilonWheel Co,35,2020,"26,589.89",CO2 emissions,Diesel,,
EpsilonWheel Co,36,2020,"2,088.73",CO2 emissions,Petrol,,
EpsilonWheel Co,37,2020,0,CO2 emissions,Biomass,,
EpsilonWheel Co,38,2020,0,CO2 emissions,Waste tires,,
EpsilonWheel Co,39,2020,"108,699.70",CO2 emissions,LPG,,
EpsilonWheel Co,40,2020,333.81,CO2 emissions,Other,,
EpsilonWheel Co,41,2020,"1,307,213.77",CO2 emissions,Total CO2 - Scope 1,,
EpsilonWheel Co,42,2020,,,,,
EpsilonWheel Co,43,2020,"1,780,497.14",CO2 emissions,Total CO2 - Scope 2,,
EpsilonWheel Co,44,2020,,,,,
EpsilonWheel Co,45,2020,"3,087,710.92",CO2 emissions,Total CO2,,
EpsilonWheel Co,46,2020,0.63,CO2 emissions,Total CO2 - KPI,,
EpsilonWheel Co,1,2021,23,ISO 14001,Total no. of sites,,
EpsilonWheel Co,2,2021,23,ISO 14001,ISO 14001 sites,,
EpsilonWheel Co,3,2021,1.00,ISO 14001,% certified sites,,
EpsilonWheel Co,4,2021,,,,,
EpsilonWheel Co,5,2021,"5,024,772.47",Production,Production,,
EpsilonWheel Co,6,2021,,,,,
EpsilonWheel Co,7,2021,"28,707,046.90",Water,Water intake,,
EpsilonWheel Co,8,2021,5.71,Water,Water intake - KPI,,
EpsilonWheel Co,9,2021,,,,,
EpsilonWheel Co,10,2021,"18,948,965.57",Energy,Total Electricity,,
EpsilonWheel Co,11,2021,"3,795,921.71",Energy,Renewable Electricity Purchased,,
EpsilonWheel Co,12,2021,"15,153,043.87",Energy,Non-Renewable Electricity Purchased,,
EpsilonWheel Co,13,2021,"189,796.09",Energy,Self-generated AND consumed electricity on-site,,
EpsilonWheel Co,14,2021,"3,382,142.25",Energy,Purchased Steam,,
EpsilonWheel Co,15,2021,0,Energy,Sold Electricity,,
EpsilonWheel Co,16,2021,0,Energy,Sold Steam,,
EpsilonWheel Co,17,2021,"19,590,468.73",Energy,Natural Gas,,
EpsilonWheel Co,18,2021,"23,012.94",Energy,Coal,,
EpsilonWheel Co,19,2021,"422,880.24",Energy,Propane,,
EpsilonWheel Co,20,2021,"176,274.56",Energy,Fuel Oil,,
EpsilonWheel Co,21,2021,"357,564.86",Energy,Diesel,,
EpsilonWheel Co,22,2021,"29,417.28",Energy,Petrol,,
EpsilonWheel Co,23,2021,0.00,Energy,Biomass,,
EpsilonWheel Co,24,2021,0.00,Energy,Waste tires,,
EpsilonWheel Co,25,2021,"2,051,737.96",Energy,LPG,,
EpsilonWheel Co,26,2021,"5,116.70",Energy,Other,,
EpsilonWheel Co,27,2021,,,,,
EpsilonWheel Co,28,2021,"44,987,581.10",Energy,Total energy,,
EpsilonWheel Co,29,2021,8.95,Energy,Total energy - KPI,,
EpsilonWheel Co,30,2021,,,,,
EpsilonWheel Co,31,2021,"1,099,025.30",CO2 emissions,Natural Gas,,
EpsilonWheel Co,32,2021,"2,186.23",CO2 emissions,Coal,,
EpsilonWheel Co,33,2021,"26,683.74",CO2 emissions,Propane,,
EpsilonWheel Co,34,2021,"13,643.65",CO2 emissions,Fuel Oil,,
EpsilonWheel Co,35,2021,"26,495.56",CO2 emissions,Diesel,,
EpsilonWheel Co,36,2021,"2,038.62",CO2 emissions,Petrol,,
EpsilonWheel Co,37,2021,0,CO2 emissions,Biomass,,
EpsilonWheel Co,38,2021,0,CO2 emissions,Waste tires,,
EpsilonWheel Co,39,2021,"115,102.50",CO2 emissions,LPG,,
EpsilonWheel Co,40,2021,367.89,CO2 emissions,Other,,
EpsilonWheel Co,41,2021,"1,285,543.48",CO2 emissions,Total CO2 - Scope 1,,
EpsilonWheel Co,42,2021,,,,,
EpsilonWheel Co,43,2021,"1,894,130.48",CO2 emissions,Total CO2 - Scope 2,,
EpsilonWheel Co,44,2021,,,,,
EpsilonWheel Co,45,2021,"3,179,673.97",CO2 emissions,Total CO2,,
EpsilonWheel Co,46,2021,0.63,CO2 emissions,Total CO2 - KPI,,
EpsilonWheel Co,1,2022,23,ISO 14001,Total no. of sites,,
EpsilonWheel Co,2,2022,23,ISO 14001,ISO 14001 sites,,
EpsilonWheel Co,3,2022,1.00,ISO 14001,% certified sites,,
EpsilonWheel Co,4,2022,,,,,
EpsilonWheel Co,5,2022,"5,316,054.41",Production,Production,,
EpsilonWheel Co,6,2022,,,,,
EpsilonWheel Co,7,2022,"32,412,818.61",Water,Water intake,,
EpsilonWheel Co,8,2022,6.10,Water,Water intake - KPI,,
EpsilonWheel Co,9,2022,,,,,
EpsilonWheel Co,10,2022,"19,271,053.23",Energy,Total Electricity,,
EpsilonWheel Co,11,2022,"4,014,611.83",Energy,Renewable Electricity Purchased,,
EpsilonWheel Co,12,2022,"15,256,441.39",Energy,Non-Renewable Electricity Purchased,,
EpsilonWheel Co,13,2022,"200,730.59",Energy,Self-generated AND consumed electricity on-site,,
EpsilonWheel Co,14,2022,"3,332,941.15",Energy,Purchased Steam,,
EpsilonWheel Co,15,2022,0,Energy,Sold Electricity,,
EpsilonWheel Co,16,2022,0,Energy,Sold Steam,,
EpsilonWheel Co,17,2022,"22,765,055.86",Energy,Natural Gas,,
EpsilonWheel Co,18,2022,"12,913.55",Energy,Coal,,
EpsilonWheel Co,19,2022,"423,959.07",Energy,Propane,,
EpsilonWheel Co,20,2022,"140,452.05",Energy,Fuel Oil,,
EpsilonWheel Co,21,2022,"371,851.91",Energy,Diesel,,
EpsilonWheel Co,22,2022,"27,182.07",Energy,Petrol,,
EpsilonWheel Co,23,2022,0.00,Energy,Biomass,,
EpsilonWheel Co,24,2022,0.00,Energy,Waste tires,,
EpsilonWheel Co,25,2022,"1,930,964.06",Energy,LPG,,
EpsilonWheel Co,26,2022,"4,379.82",Energy,Other,,
EpsilonWheel Co,27,2022,,,,,
EpsilonWheel Co,28,2022,"48,280,752.78",Energy,Total energy,,
EpsilonWheel Co,29,2022,9.08,Energy,Total energy - KPI,,
EpsilonWheel Co,30,2022,,,,,
EpsilonWheel Co,31,2022,"1,277,119.63",CO2 emissions,Natural Gas,,
EpsilonWheel Co,32,2022,"1,226.79",CO2 emissions,Coal,,
EpsilonWheel Co,33,2022,"26,751.82",CO2 emissions,Propane,,
EpsilonWheel Co,34,2022,"10,870.99",CO2 emissions,Fuel Oil,,
EpsilonWheel Co,35,2022,"27,554.23",CO2 emissions,Diesel,,
EpsilonWheel Co,36,2022,"1,883.72",CO2 emissions,Petrol,,
EpsilonWheel Co,37,2022,0,CO2 emissions,Biomass,,
EpsilonWheel Co,38,2022,0,CO2 emissions,Waste tires,,
EpsilonWheel Co,39,2022,"108,327.08",CO2 emissions,LPG,,
EpsilonWheel Co,40,2022,314.91,CO2 emissions,Other,,
EpsilonWheel Co,41,2022,"1,454,049.16",CO2 emissions,Total CO2 - Scope 1,,
EpsilonWheel Co,42,2022,,,,,
EpsilonWheel Co,43,2022,"1,907,055.17",CO2 emissions,Total CO2 - Scope 2,,
EpsilonWheel Co,44,2022,,,,,
EpsilonWheel Co,45,2022,"3,361,104.34",CO2 emissions,Total CO2,,
EpsilonWheel Co,46,2022,0.63,CO2 emissions,Total CO2 - KPI,,
EpsilonWheel Co,1,2023,23,ISO 14001,Total no. of sites,,
EpsilonWheel Co,2,2023,23,ISO 14001,ISO 14001 sites,,
EpsilonWheel Co,3,2023,1.00,ISO 14001,% certified sites,,
EpsilonWheel Co,4,2023,,,,,
EpsilonWheel Co,5,2023,"5,458,771.58",Production,Production,,
EpsilonWheel Co,6,2023,,,,,
EpsilonWheel Co,7,2023,"33,035,847.53",Water,Water intake,,
EpsilonWheel Co,8,2023,6.05,Water,Water intake - KPI,,
EpsilonWheel Co,9,2023,,,,,
EpsilonWheel Co,10,2023,"18,891,636.22",Energy,Total Electricity,,
EpsilonWheel Co,11,2023,"4,086,703.47",Energy,Renewable Electricity Purchased,,
EpsilonWheel Co,12,2023,"14,804,932.75",Energy,Non-Renewable Electricity Purchased,,
EpsilonWheel Co,13,2023,"204,335.17",Energy,Self-generated AND consumed electricity on-site,,
EpsilonWheel Co,14,2023,"3,463,799.66",Energy,Purchased Steam,,
EpsilonWheel Co,15,2023,0,Energy,Sold Electricity,,
EpsilonWheel Co,16,2023,0,Energy,Sold Steam,,
EpsilonWheel Co,17,2023,"22,166,964.93",Energy,Natural Gas,,
EpsilonWheel Co,18,2023,"2,521.27",Energy,Coal,,
EpsilonWheel Co,19,2023,"466,318.87",Energy,Propane,,
EpsilonWheel Co,20,2023,"121,092.22",Energy,Fuel Oil,,
EpsilonWheel Co,21,2023,"362,259.59",Energy,Diesel,,
EpsilonWheel Co,22,2023,"27,325.23",Energy,Petrol,,
EpsilonWheel Co,23,2023,0.00,Energy,Biomass,,
EpsilonWheel Co,24,2023,0.00,Energy,Waste tires,,
EpsilonWheel Co,25,2023,"1,977,163.03",Energy,LPG,,
EpsilonWheel Co,26,2023,"4,924.23",Energy,Other,,
EpsilonWheel Co,27,2023,,,,,
EpsilonWheel Co,28,2023,"47,484,005.26",Energy,Total energy,,
EpsilonWheel Co,29,2023,8.70,Energy,Total energy - KPI,,
EpsilonWheel Co,30,2023,,,,,
EpsilonWheel Co,31,2023,"1,243,566.73",CO2 emissions,Natural Gas,,
EpsilonWheel Co,32,2023,239.52,CO2 emissions,Coal,,
EpsilonWheel Co,33,2023,"29,424.72",CO2 emissions,Propane,,
EpsilonWheel Co,34,2023,"9,372.54",CO2 emissions,Fuel Oil,,
EpsilonWheel Co,35,2023,"26,843.44",CO2 emissions,Diesel,,
EpsilonWheel Co,36,2023,"1,893.64",CO2 emissions,Petrol,,
EpsilonWheel Co,37,2023,0,CO2 emissions,Biomass,,
EpsilonWheel Co,38,2023,0,CO2 emissions,Waste tires,,
EpsilonWheel Co,39,2023,"110,918.85",CO2 emissions,LPG,,
EpsilonWheel Co,40,2023,354.05,CO2 emissions,Other,,
EpsilonWheel Co,41,2023,"1,422,613.48",CO2 emissions,Total CO2 - Scope 1,,
EpsilonWheel Co,42,2023,,,,,
EpsilonWheel Co,43,2023,"1,850,616.59",CO2 emissions,Total CO2 - Scope 2,,
EpsilonWheel Co,44,2023,,,,,
EpsilonWheel Co,45,2023,"3,273,230.08",CO2 emissions,Total CO2,,
EpsilonWheel Co,46,2023,0.60,CO2 emissions,Total CO2 - KPI,,
ZetaTrac LLC,1,2009,45,ISO 14001,Total no. of sites,,
ZetaTrac LLC,2,2009,45,ISO 14001,ISO 14001 sites,,
ZetaTrac LLC,3,2009,0.94,ISO 14001,% certified sites,,
ZetaTrac LLC,4,2009,,,,,
ZetaTrac LLC,5,2009,"3,974,798.51",Production,Production,,
ZetaTrac LLC,6,2009,,,,,
ZetaTrac LLC,7,2009,"30,315,513.26",Water,Water intake,,
ZetaTrac LLC,8,2009,7.63,Water,Water intake - KPI,,
ZetaTrac LLC,9,2009,,,,,
ZetaTrac LLC,10,2009,"17,800,908.91",Energy,Total Electricity,,
ZetaTrac LLC,11,2009,"1,217,458.50",Energy,Renewable Electricity Purchased,,
ZetaTrac LLC,12,2009,"16,583,450.41",Energy,Non-Renewable Electricity Purchased,,
ZetaTrac LLC,13,2009,"60,872.93",Energy,Self-generated AND consumed electricity on-site,,
ZetaTrac LLC,14,2009,"1,803,320.41",Energy,Purchased Steam,,
ZetaTrac LLC,15,2009,0,Energy,Sold Electricity,,
ZetaTrac LLC,16,2009,0,Energy,Sold Steam,,
ZetaTrac LLC,17,2009,"23,344,260.27",Energy,Natural Gas,,
ZetaTrac LLC,18,2009,"1,193,103.49",Energy,Coal,,
ZetaTrac LLC,19,2009,"329,053.29",Energy,Propane,,
ZetaTrac LLC,20,2009,"594,731.92",Energy,Fuel Oil,,
ZetaTrac LLC,21,2009,"171,829.80",Energy,Diesel,,
ZetaTrac LLC,22,2009,"76,345.51",Energy,Petrol,,
ZetaTrac LLC,23,2009,0.00,Energy,Biomass,,
ZetaTrac LLC,24,2009,0.00,Energy,Waste tires,,
ZetaTrac LLC,25,2009,"1,575,257.28",Energy,LPG,,
ZetaTrac LLC,26,2009,"3,564.33",Energy,Other,,
ZetaTrac LLC,27,2009,,,,,
ZetaTrac LLC,28,2009,"46,892,375.22",Energy,Total energy,,
ZetaTrac LLC,29,2009,11.80,Energy,Total energy - KPI,,
ZetaTrac LLC,30,2009,,,,,
ZetaTrac LLC,31,2009,"1,309,613.00",CO2 emissions,Natural Gas,,
ZetaTrac LLC,32,2009,"113,344.83",CO2 emissions,Coal,,
ZetaTrac LLC,33,2009,"20,763.26",CO2 emissions,Propane,,
ZetaTrac LLC,34,2009,"46,032.25",CO2 emissions,Fuel Oil,,
ZetaTrac LLC,35,2009,"12,732.59",CO2 emissions,Diesel,,
ZetaTrac LLC,36,2009,"5,290.74",CO2 emissions,Petrol,,
ZetaTrac LLC,37,2009,0,CO2 emissions,Biomass,,
ZetaTrac LLC,38,2009,0,CO2 emissions,Waste tires,,
ZetaTrac LLC,39,2009,"88,371.93",CO2 emissions,LPG,,
ZetaTrac LLC,40,2009,256.28,CO2 emissions,Other,,
ZetaTrac LLC,41,2009,"1,596,404.89",CO2 emissions,Total CO2 - Scope 1,,
ZetaTrac LLC,42,2009,,,,,
ZetaTrac LLC,43,2009,"2,072,931.30",CO2 emissions,Total CO2 - Scope 2,,
ZetaTrac LLC,44,2009,,,,,
ZetaTrac LLC,45,2009,"3,669,336.19",CO2 emissions,Total CO2,,
ZetaTrac LLC,46,2009,0.92,CO2 emissions,Total CO2 - KPI,,
ZetaTrac LLC,1,2010,45,ISO 14001,Total no. of sites,,
ZetaTrac LLC,2,2010,45,ISO 14001,ISO 14001 sites,,
ZetaTrac LLC,3,2010,0.91,ISO 14001,% certified sites,,
ZetaTrac LLC,4,2010,,,,,
ZetaTrac LLC,5,2010,"3,660,300.61",Production,Production,,
ZetaTrac LLC,6,2010,,,,,
ZetaTrac LLC,7,2010,"28,865,558.60",Water,Water intake,,
ZetaTrac LLC,8,2010,7.89,Water,Water intake - KPI,,
ZetaTrac LLC,9,2010,,,,,
ZetaTrac LLC,10,2010,"20,213,963.11",Energy,Total Electricity,,
ZetaTrac LLC,11,2010,"1,544,206.35",Energy,Renewable Electricity Purchased,,
ZetaTrac LLC,12,2010,"18,669,756.76",Energy,Non-Renewable Electricity Purchased,,
ZetaTrac LLC,13,2010,"77,210.32",Energy,Self-generated AND consumed electricity on-site,,
ZetaTrac LLC,14,2010,"1,951,415.85",Energy,Purchased Steam,,
ZetaTrac LLC,15,2010,0,Energy,Sold Electricity,,
ZetaTrac LLC,16,2010,0,Energy,Sold Steam,,
ZetaTrac LLC,17,2010,"24,113,095.94",Energy,Natural Gas,,
ZetaTrac LLC,18,2010,"1,001,019.10",Energy,Coal,,
ZetaTrac LLC,19,2010,"344,177.47",Energy,Propane,,
ZetaTrac LLC,20,2010,"559,478.04",Energy,Fuel Oil,,
ZetaTrac LLC,21,2010,"162,625.20",Energy,Diesel,,
ZetaTrac LLC,22,2010,"74,611.66",Energy,Petrol,,
ZetaTrac LLC,23,2010,0.00,Energy,Biomass,,
ZetaTrac LLC,24,2010,0.00,Energy,Waste tires,,
ZetaTrac LLC,25,2010,"1,598,036.28",Energy,LPG,,
ZetaTrac LLC,26,2010,"3,225.87",Energy,Other,,
ZetaTrac LLC,27,2010,,,,,
ZetaTrac LLC,28,2010,"50,021,648.52",Energy,Total energy,,
ZetaTrac LLC,29,2010,13.67,Energy,Total energy - KPI,,
ZetaTrac LLC,30,2010,,,,,
ZetaTrac LLC,31,2010,"1,352,744.68",CO2 emissions,Natural Gas,,
ZetaTrac LLC,32,2010,"95,096.81",CO2 emissions,Coal,,
ZetaTrac LLC,33,2010,"21,717.60",CO2 emissions,Propane,,
ZetaTrac LLC,34,2010,"43,303.60",CO2 emissions,Fuel Oil,,
ZetaTrac LLC,35,2010,"12,050.53",CO2 emissions,Diesel,,
ZetaTrac LLC,36,2010,"5,170.59",CO2 emissions,Petrol,,
ZetaTrac LLC,37,2010,0,CO2 emissions,Biomass,,
ZetaTrac LLC,38,2010,0,CO2 emissions,Waste tires,,
ZetaTrac LLC,39,2010,"89,649.84",CO2 emissions,LPG,,
ZetaTrac LLC,40,2010,231.94,CO2 emissions,Other,,
ZetaTrac LLC,41,2010,"1,619,965.59",CO2 emissions,Total CO2 - Scope 1,,
ZetaTrac LLC,42,2010,,,,,
ZetaTrac LLC,43,2010,"2,333,719.59",CO2 emissions,Total CO2 - Scope 2,,
ZetaTrac LLC,44,2010,,,,,
ZetaTrac LLC,45,2010,"3,953,685.18",CO2 emissions,Total CO2,,
ZetaTrac LLC,46,2010,1.08,CO2 emissions,Total CO2 - KPI,,
ZetaTrac LLC,1,2011,45,ISO 14001,Total no. of sites,,
ZetaTrac LLC,2,2011,45,ISO 14001,ISO 14001 sites,,
ZetaTrac LLC,3,2011,0.90,ISO 14001,% certified sites,,
ZetaTrac LLC,4,2011,,,,,
ZetaTrac LLC,5,2011,"3,840,186.57",Production,Production,,
ZetaTrac LLC,6,2011,,,,,
ZetaTrac LLC,7,2011,"28,901,192.11",Water,Water intake,,
ZetaTrac LLC,8,2011,7.53,Water,Water intake - KPI,,
ZetaTrac LLC,9,2011,,,,,
ZetaTrac LLC,10,2011,"20,927,723.73",Energy,Total Electricity,,
ZetaTrac LLC,11,2011,"1,766,154.49",Energy,Renewable Electricity Purchased,,
ZetaTrac LLC,12,2011,"19,161,569.24",Energy,Non-Renewable Electricity Purchased,,
ZetaTrac LLC,13,2011,"88,307.72",Energy,Self-generated AND consumed electricity on-site,,
ZetaTrac LLC,14,2011,"1,899,347.24",Energy,Purchased Steam,,
ZetaTrac LLC,15,2011,0,Energy,Sold Electricity,,
ZetaTrac LLC,16,2011,0,Energy,Sold Steam,,
ZetaTrac LLC,17,2011,"23,596,770.48",Energy,Natural Gas,,
ZetaTrac LLC,18,2011,"1,030,813.24",Energy,Coal,,
ZetaTrac LLC,19,2011,"358,596.15",Energy,Propane,,
ZetaTrac LLC,20,2011,"549,568.23",Energy,Fuel Oil,,
ZetaTrac LLC,21,2011,"189,695.68",Energy,Diesel,,
ZetaTrac LLC,22,2011,"71,783.94",Energy,Petrol,,
ZetaTrac LLC,23,2011,0.00,Energy,Biomass,,
ZetaTrac LLC,24,2011,0.00,Energy,Waste tires,,
ZetaTrac LLC,25,2011,"1,815,654.74",Energy,LPG,,
ZetaTrac LLC,26,2011,"3,173.85",Energy,Other,,
ZetaTrac LLC,27,2011,,,,,
ZetaTrac LLC,28,2011,"50,443,127.28",Energy,Total energy,,
ZetaTrac LLC,29,2011,13.14,Energy,Total energy - KPI,,
ZetaTrac LLC,30,2011,,,,,
ZetaTrac LLC,31,2011,"1,323,778.82",CO2 emissions,Natural Gas,,
ZetaTrac LLC,32,2011,"97,927.26",CO2 emissions,Coal,,
ZetaTrac LLC,33,2011,"22,627.42",CO2 emissions,Propane,,
ZetaTrac LLC,34,2011,"42,536.58",CO2 emissions,Fuel Oil,,
ZetaTrac LLC,35,2011,"14,056.45",CO2 emissions,Diesel,,
ZetaTrac LLC,36,2011,"4,974.63",CO2 emissions,Petrol,,
ZetaTrac LLC,37,2011,0,CO2 emissions,Biomass,,
ZetaTrac LLC,38,2011,0,CO2 emissions,Waste tires,,
ZetaTrac LLC,39,2011,"101,858.23",CO2 emissions,LPG,,
ZetaTrac LLC,40,2011,228.20,CO2 emissions,Other,,
ZetaTrac LLC,41,2011,"1,607,987.59",CO2 emissions,Total CO2 - Scope 1,,
ZetaTrac LLC,42,2011,,,,,
ZetaTrac LLC,43,2011,"2,395,196.16",CO2 emissions,Total CO2 - Scope 2,,
ZetaTrac LLC,44,2011,,,,,
ZetaTrac LLC,45,2011,"4,003,183.74",CO2 emissions,Total CO2,,
ZetaTrac LLC,46,2011,1.04,CO2 emissions,Total CO2 - KPI,,
ZetaTrac LLC,1,2012,46,ISO 14001,Total no. of sites,,
ZetaTrac LLC,2,2012,46,ISO 14001,ISO 14001 sites,,
ZetaTrac LLC,3,2012,0.99,ISO 14001,% certified sites,,
ZetaTrac LLC,4,2012,,,,,
ZetaTrac LLC,5,2012,"3,776,608.70",Production,Production,,
ZetaTrac LLC,6,2012,,,,,
ZetaTrac LLC,7,2012,"32,640,304.67",Water,Water intake,,
ZetaTrac LLC,8,2012,8.64,Water,Water intake - KPI,,
ZetaTrac LLC,9,2012,,,,,
ZetaTrac LLC,10,2012,"20,861,234.31",Energy,Total Electricity,,
ZetaTrac LLC,11,2012,"1,927,433.12",Energy,Renewable Electricity Purchased,,
ZetaTrac LLC,12,2012,"18,933,801.19",Energy,Non-Renewable Electricity Purchased,,
ZetaTrac LLC,13,2012,"96,371.66",Energy,Self-generated AND consumed electricity on-site,,
ZetaTrac LLC,14,2012,"2,075,080.21",Energy,Purchased Steam,,
ZetaTrac LLC,15,2012,0,Energy,Sold Electricity,,
ZetaTrac LLC,16,2012,0,Energy,Sold Steam,,
ZetaTrac LLC,17,2012,"25,456,306.72",Energy,Natural Gas,,
ZetaTrac LLC,18,2012,"904,950.04",Energy,Coal,,
ZetaTrac LLC,19,2012,"344,514.41",Energy,Propane,,
ZetaTrac LLC,20,2012,"454,978.73",Energy,Fuel Oil,,
ZetaTrac LLC,21,2012,"179,950.93",Energy,Diesel,,
ZetaTrac LLC,22,2012,"80,775.27",Energy,Petrol,,
ZetaTrac LLC,23,2012,0.00,Energy,Biomass,,
ZetaTrac LLC,24,2012,0.00,Energy,Waste tires,,
ZetaTrac LLC,25,2012,"1,790,385.96",Energy,LPG,,
ZetaTrac LLC,26,2012,"3,606.57",Energy,Other,,
ZetaTrac LLC,27,2012,,,,,
ZetaTrac LLC,28,2012,"52,151,783.15",Energy,Total energy,,
ZetaTrac LLC,29,2012,13.81,Energy,Total energy - KPI,,
ZetaTrac LLC,30,2012,,,,,
ZetaTrac LLC,31,2012,"1,428,098.81",CO2 emissions,Natural Gas,,
ZetaTrac LLC,32,2012,"85,970.25",CO2 emissions,Coal,,
ZetaTrac LLC,33,2012,"21,738.86",CO2 emissions,Propane,,
ZetaTrac LLC,34,2012,"35,215.35",CO2 emissions,Fuel Oil,,
ZetaTrac LLC,35,2012,"13,334.36",CO2 emissions,Diesel,,
ZetaTrac LLC,36,2012,"5,597.73",CO2 emissions,Petrol,,
ZetaTrac LLC,37,2012,0,CO2 emissions,Biomass,,
ZetaTrac LLC,38,2012,0,CO2 emissions,Waste tires,,
ZetaTrac LLC,39,2012,"100,440.65",CO2 emissions,LPG,,
ZetaTrac LLC,40,2012,259.31,CO2 emissions,Other,,
ZetaTrac LLC,41,2012,"1,690,655.33",CO2 emissions,Total CO2 - Scope 1,,
ZetaTrac LLC,42,2012,,,,,
ZetaTrac LLC,43,2012,"2,366,725.15",CO2 emissions,Total CO2 - Scope 2,,
ZetaTrac LLC,44,2012,,,,,
ZetaTrac LLC,45,2012,"4,057,380.48",CO2 emissions,Total CO2,,
ZetaTrac LLC,46,2012,1.07,CO2 emissions,Total CO2 - KPI,,
ZetaTrac LLC,1,2013,46,ISO 14001,Total no. of sites,,
ZetaTrac LLC,2,2013,46,ISO 14001,ISO 14001 sites,,
ZetaTrac LLC,3,2013,0.86,ISO 14001,% certified sites,,
ZetaTrac LLC,4,2013,,,,,
ZetaTrac LLC,5,2013,"4,468,028.87",Production,Production,,
ZetaTrac LLC,6,2013,,,,,
ZetaTrac LLC,7,2013,"38,513,142.56",Water,Water intake,,
ZetaTrac LLC,8,2013,8.62,Water,Water intake - KPI,,
ZetaTrac LLC,9,2013,,,,,
ZetaTrac LLC,10,2013,"20,224,545.93",Energy,Total Electricity,,
ZetaTrac LLC,11,2013,"2,030,403.90",Energy,Renewable Electricity Purchased,,
ZetaTrac LLC,12,2013,"18,194,142.03",Energy,Non-Renewable Electricity Purchased,,
ZetaTrac LLC,13,2013,"101,520.20",Energy,Self-generated AND consumed electricity on-site,,
ZetaTrac LLC,14,2013,"2,128,533.11",Energy,Purchased Steam,,
ZetaTrac LLC,15,2013,0,Energy,Sold Electricity,,
ZetaTrac LLC,16,2013,0,Energy,Sold Steam,,
ZetaTrac LLC,17,2013,"25,300,127.20",Energy,Natural Gas,,
ZetaTrac LLC,18,2013,"821,832.41",Energy,Coal,,
ZetaTrac LLC,19,2013,"364,252.94",Energy,Propane,,
ZetaTrac LLC,20,2013,"451,860.58",Energy,Fuel Oil,,
ZetaTrac LLC,21,2013,"184,387.44",Energy,Diesel,,
ZetaTrac LLC,22,2013,"72,968.29",Energy,Petrol,,
ZetaTrac LLC,23,2013,0.00,Energy,Biomass,,
ZetaTrac LLC,24,2013,0.00,Energy,Waste tires,,
ZetaTrac LLC,25,2013,"1,801,055.72",Energy,LPG,,
ZetaTrac LLC,26,2013,"3,213.15",Energy,Other,,
ZetaTrac LLC,27,2013,,,,,
ZetaTrac LLC,28,2013,"51,352,776.76",Energy,Total energy,,
ZetaTrac LLC,29,2013,11.49,Energy,Total energy - KPI,,
ZetaTrac LLC,30,2013,,,,,
ZetaTrac LLC,31,2013,"1,419,337.14",CO2 emissions,Natural Gas,,
ZetaTrac LLC,32,2013,"78,074.08",CO2 emissions,Coal,,
ZetaTrac LLC,33,2013,"22,984.36",CO2 emissions,Propane,,
ZetaTrac LLC,34,2013,"34,974.01",CO2 emissions,Fuel Oil,,
ZetaTrac LLC,35,2013,"13,663.11",CO2 emissions,Diesel,,
ZetaTrac LLC,36,2013,"5,056.70",CO2 emissions,Petrol,,
ZetaTrac LLC,37,2013,0,CO2 emissions,Biomass,,
ZetaTrac LLC,38,2013,0,CO2 emissions,Waste tires,,
ZetaTrac LLC,39,2013,"101,039.23",CO2 emissions,LPG,,
ZetaTrac LLC,40,2013,231.03,CO2 emissions,Other,,
ZetaTrac LLC,41,2013,"1,675,359.65",CO2 emissions,Total CO2 - Scope 1,,
ZetaTrac LLC,42,2013,,,,,
ZetaTrac LLC,43,2013,"2,274,267.75",CO2 emissions,Total CO2 - Scope 2,,
ZetaTrac LLC,44,2013,,,,,
ZetaTrac LLC,45,2013,"3,949,627.40",CO2 emissions,Total CO2,,
ZetaTrac LLC,46,2013,0.88,CO2 emissions,Total CO2 - KPI,,
ZetaTrac LLC,1,2014,46,ISO 14001,Total no. of sites,,
ZetaTrac LLC,2,2014,46,ISO 14001,ISO 14001 sites,,
ZetaTrac LLC,3,2014,0.99,ISO 14001,% certified sites,,
ZetaTrac LLC,4,2014,,,,,
ZetaTrac LLC,5,2014,"4,288,801.77",Production,Production,,
ZetaTrac LLC,6,2014,,,,,
ZetaTrac LLC,7,2014,"34,192,705.98",Water,Water intake,,
ZetaTrac LLC,8,2014,7.97,Water,Water intake - KPI,,
ZetaTrac LLC,9,2014,,,,,
ZetaTrac LLC,10,2014,"22,354,796.57",Energy,Total Electricity,,
ZetaTrac LLC,11,2014,"2,423,104.64",Energy,Renewable Electricity Purchased,,
ZetaTrac LLC,12,2014,"19,931,691.93",Energy,Non-Renewable Electricity Purchased,,
ZetaTrac LLC,13,2014,"121,155.23",Energy,Self-generated AND consumed electricity on-site,,
ZetaTrac LLC,14,2014,"2,255,922.51",Energy,Purchased Steam,,
ZetaTrac LLC,15,2014,0,Energy,Sold Electricity,,
ZetaTrac LLC,16,2014,0,Energy,Sold Steam,,
ZetaTrac LLC,17,2014,"27,075,581.89",Energy,Natural Gas,,
ZetaTrac LLC,18,2014,"722,677.06",Energy,Coal,,
ZetaTrac LLC,19,2014,"362,460.59",Energy,Propane,,
ZetaTrac LLC,20,2014,"413,724.21",Energy,Fuel Oil,,
ZetaTrac LLC,21,2014,"196,927.43",Energy,Diesel,,
ZetaTrac LLC,22,2014,"80,268.43",Energy,Petrol,,
ZetaTrac LLC,23,2014,0.00,Energy,Biomass,,
ZetaTrac LLC,24,2014,0.00,Energy,Waste tires,,
ZetaTrac LLC,25,2014,"1,884,658.95",Energy,LPG,,
ZetaTrac LLC,26,2014,"3,247.73",Energy,Other,,
ZetaTrac LLC,27,2014,,,,,
ZetaTrac LLC,28,2014,"55,350,265.39",Energy,Total energy,,
ZetaTrac LLC,29,2014,12.91,Energy,Total energy - KPI,,
ZetaTrac LLC,30,2014,,,,,
ZetaTrac LLC,31,2014,"1,518,940.14",CO2 emissions,Natural Gas,,
ZetaTrac LLC,32,2014,"68,654.32",CO2 emissions,Coal,,
ZetaTrac LLC,33,2014,"22,871.26",CO2 emissions,Propane,,
ZetaTrac LLC,34,2014,"32,022.25",CO2 emissions,Fuel Oil,,
ZetaTrac LLC,35,2014,"14,592.32",CO2 emissions,Diesel,,
ZetaTrac LLC,36,2014,"5,562.60",CO2 emissions,Petrol,,
ZetaTrac LLC,37,2014,0,CO2 emissions,Biomass,,
ZetaTrac LLC,38,2014,0,CO2 emissions,Waste tires,,
ZetaTrac LLC,39,2014,"105,729.37",CO2 emissions,LPG,,
ZetaTrac LLC,40,2014,233.51,CO2 emissions,Other,,
ZetaTrac LLC,41,2014,"1,768,605.79",CO2 emissions,Total CO2 - Scope 1,,
ZetaTrac LLC,42,2014,,,,,
ZetaTrac LLC,43,2014,"2,491,461.49",CO2 emissions,Total CO2 - Scope 2,,
ZetaTrac LLC,44,2014,,,,,
ZetaTrac LLC,45,2014,"4,260,067.28",CO2 emissions,Total CO2,,
ZetaTrac LLC,46,2014,0.99,CO2 emissions,Total CO2 - KPI,,
ZetaTrac LLC,1,2015,47,ISO 14001,Total no. of sites,,
ZetaTrac LLC,2,2015,47,ISO 14001,ISO 14001 sites,,
ZetaTrac LLC,3,2015,1.00,ISO 14001,% certified sites,,
ZetaTrac LLC,4,2015,,,,,
ZetaTrac LLC,5,2015,"4,568,225.65",Production,Production,,
ZetaTrac LLC,6,2015,,,,,
ZetaTrac LLC,7,2015,"37,284,706.28",Water,Water intake,,
ZetaTrac LLC,8,2015,8.16,Water,Water intake - KPI,,
ZetaTrac LLC,9,2015,,,,,
ZetaTrac LLC,10,2015,"22,947,058.61",Energy,Total Electricity,,
ZetaTrac LLC,11,2015,"2,670,878.20",Energy,Renewable Electricity Purchased,,
ZetaTrac LLC,12,2015,"20,276,180.41",Energy,Non-Renewable Electricity Purchased,,
ZetaTrac LLC,13,2015,"133,543.91",Energy,Self-generated AND consumed electricity on-site,,
ZetaTrac LLC,14,2015,"2,285,316.87",Energy,Purchased Steam,,
ZetaTrac LLC,15,2015,0,Energy,Sold Electricity,,
ZetaTrac LLC,16,2015,0,Energy,Sold Steam,,
ZetaTrac LLC,17,2015,"26,133,702.15",Energy,Natural Gas,,
ZetaTrac LLC,18,2015,"718,950.40",Energy,Coal,,
ZetaTrac LLC,19,2015,"396,784.15",Energy,Propane,,
ZetaTrac LLC,20,2015,"414,582.64",Energy,Fuel Oil,,
ZetaTrac LLC,21,2015,"202,004.66",Energy,Diesel,,
ZetaTrac LLC,22,2015,"81,551.10",Energy,Petrol,,
ZetaTrac LLC,23,2015,0.00,Energy,Biomass,,
ZetaTrac LLC,24,2015,0.00,Energy,Waste tires,,
ZetaTrac LLC,25,2015,"1,918,031.19",Energy,LPG,,
ZetaTrac LLC,26,2015,"3,233.38",Energy,Other,,
ZetaTrac LLC,27,2015,,,,,
ZetaTrac LLC,28,2015,"55,101,215.16",Energy,Total energy,,
ZetaTrac LLC,29,2015,12.06,Energy,Total energy - KPI,,
ZetaTrac LLC,30,2015,,,,,
ZetaTrac LLC,31,2015,"1,466,100.69",CO2 emissions,Natural Gas,,
ZetaTrac LLC,32,2015,"68,300.29",CO2 emissions,Coal,,
ZetaTrac LLC,33,2015,"25,037.08",CO2 emissions,Propane,,
ZetaTrac LLC,34,2015,"32,088.70",CO2 emissions,Fuel Oil,,
ZetaTrac LLC,35,2015,"14,968.54",CO2 emissions,Diesel,,
ZetaTrac LLC,36,2015,"5,651.49",CO2 emissions,Petrol,,
ZetaTrac LLC,37,2015,0,CO2 emissions,Biomass,,
ZetaTrac LLC,38,2015,0,CO2 emissions,Waste tires,,
ZetaTrac LLC,39,2015,"107,601.55",CO2 emissions,LPG,,
ZetaTrac LLC,40,2015,232.48,CO2 emissions,Other,,
ZetaTrac LLC,41,2015,"1,719,980.82",CO2 emissions,Total CO2 - Scope 1,,
ZetaTrac LLC,42,2015,,,,,
ZetaTrac LLC,43,2015,"2,534,522.55",CO2 emissions,Total CO2 - Scope 2,,
ZetaTrac LLC,44,2015,,,,,
ZetaTrac LLC,45,2015,"4,254,503.37",CO2 emissions,Total CO2,,
ZetaTrac LLC,46,2015,0.93,CO2 emissions,Total CO2 - KPI,,
ZetaTrac LLC,1,2016,47,ISO 14001,Total no. of sites,,
ZetaTrac LLC,2,2016,47,ISO 14001,ISO 14001 sites,,
ZetaTrac LLC,3,2016,1.00,ISO 14001,% certified sites,,
ZetaTrac LLC,4,2016,,,,,
ZetaTrac LLC,5,2016,"4,163,373.70",Production,Production,,
ZetaTrac LLC,6,2016,,,,,
ZetaTrac LLC,7,2016,"33,697,918.80",Water,Water intake,,
ZetaTrac LLC,8,2016,8.09,Water,Water intake - KPI,,
ZetaTrac LLC,9,2016,,,,,
ZetaTrac LLC,10,2016,"21,817,980.06",Energy,Total Electricity,,
ZetaTrac LLC,11,2016,"2,714,005.14",Energy,Renewable Electricity Purchased,,
ZetaTrac LLC,12,2016,"19,103,974.92",Energy,Non-Renewable Electricity Purchased,,
ZetaTrac LLC,13,2016,"135,700.26",Energy,Self-generated AND consumed electricity on-site,,
ZetaTrac LLC,14,2016,"2,160,962.28",Energy,Purchased Steam,,
ZetaTrac LLC,15,2016,0,Energy,Sold Electricity,,
ZetaTrac LLC,16,2016,0,Energy,Sold Steam,,
ZetaTrac LLC,17,2016,"25,010,125.48",Energy,Natural Gas,,
ZetaTrac LLC,18,2016,"592,699.30",Energy,Coal,,
ZetaTrac LLC,19,2016,"389,096.92",Energy,Propane,,
ZetaTrac LLC,20,2016,"373,913.35",Energy,Fuel Oil,,
ZetaTrac LLC,21,2016,"188,017.12",Energy,Diesel,,
ZetaTrac LLC,22,2016,"81,149.77",Energy,Petrol,,
ZetaTrac LLC,23,2016,0.00,Energy,Biomass,,
ZetaTrac LLC,24,2016,0.00,Energy,Waste tires,,
ZetaTrac LLC,25,2016,"1,790,562.31",Energy,LPG,,
ZetaTrac LLC,26,2016,"3,624.23",Energy,Other,,
ZetaTrac LLC,27,2016,,,,,
ZetaTrac LLC,28,2016,"52,408,130.81",Energy,Total energy,,
ZetaTrac LLC,29,2016,12.59,Energy,Total energy - KPI,,
ZetaTrac LLC,30,2016,,,,,
ZetaTrac LLC,31,2016,"1,403,068.04",CO2 emissions,Natural Gas,,
ZetaTrac LLC,32,2016,"56,306.43",CO2 emissions,Coal,,
ZetaTrac LLC,33,2016,"24,552.02",CO2 emissions,Propane,,
ZetaTrac LLC,34,2016,"28,940.89",CO2 emissions,Fuel Oil,,
ZetaTrac LLC,35,2016,"13,932.07",CO2 emissions,Diesel,,
ZetaTrac LLC,36,2016,"5,623.68",CO2 emissions,Petrol,,
ZetaTrac LLC,37,2016,0,CO2 emissions,Biomass,,
ZetaTrac LLC,38,2016,0,CO2 emissions,Waste tires,,
ZetaTrac LLC,39,2016,"100,450.55",CO2 emissions,LPG,,
ZetaTrac LLC,40,2016,260.58,CO2 emissions,Other,,
ZetaTrac LLC,41,2016,"1,633,134.26",CO2 emissions,Total CO2 - Scope 1,,
ZetaTrac LLC,42,2016,,,,,
ZetaTrac LLC,43,2016,"2,387,996.86",CO2 emissions,Total CO2 - Scope 2,,
ZetaTrac LLC,44,2016,,,,,
ZetaTrac LLC,45,2016,"4,021,131.12",CO2 emissions,Total CO2,,
ZetaTrac LLC,46,2016,0.97,CO2 emissions,Total CO2 - KPI,,
ZetaTrac LLC,1,2017,47,ISO 14001,Total no. of sites,,
ZetaTrac LLC,2,2017,47,ISO 14001,ISO 14001 sites,,
ZetaTrac LLC,3,2017,1.00,ISO 14001,% certified sites,,
ZetaTrac LLC,4,2017,,,,,
ZetaTrac LLC,5,2017,"4,827,094.50",Production,Production,,
ZetaTrac LLC,6,2017,,,,,
ZetaTrac LLC,7,2017,"40,160,297.88",Water,Water intake,,
ZetaTrac LLC,8,2017,8.32,Water,Water intake - KPI,,
ZetaTrac LLC,9,2017,,,,,
ZetaTrac LLC,10,2017,"23,034,086.42",Energy,Total Electricity,,
ZetaTrac LLC,11,2017,"3,049,553.02",Energy,Renewable Electricity Purchased,,
ZetaTrac LLC,12,2017,"19,984,533.40",Energy,Non-Renewable Electricity Purchased,,
ZetaTrac LLC,13,2017,"152,477.65",Energy,Self-generated AND consumed electricity on-site,,
ZetaTrac LLC,14,2017,"2,275,821.71",Energy,Purchased Steam,,
ZetaTrac LLC,15,2017,0,Energy,Sold Electricity,,
ZetaTrac LLC,16,2017,0,Energy,Sold Steam,,
ZetaTrac LLC,17,2017,"27,733,669.99",Energy,Natural Gas,,
ZetaTrac LLC,18,2017,"534,596.14",Energy,Coal,,
ZetaTrac LLC,19,2017,"435,764.26",Energy,Propane,,
ZetaTrac LLC,20,2017,"345,029.45",Energy,Fuel Oil,,
ZetaTrac LLC,21,2017,"216,914.62",Energy,Diesel,,
ZetaTrac LLC,22,2017,"78,932.18",Energy,Petrol,,
ZetaTrac LLC,23,2017,0.00,Energy,Biomass,,
ZetaTrac LLC,24,2017,0.00,Energy,Waste tires,,
ZetaTrac LLC,25,2017,"1,905,486.00",Energy,LPG,,
ZetaTrac LLC,26,2017,"3,411.29",Energy,Other,,
ZetaTrac LLC,27,2017,,,,,
ZetaTrac LLC,28,2017,"56,563,712.05",Energy,Total energy,,
ZetaTrac LLC,29,2017,11.72,Energy,Total energy - KPI,,
ZetaTrac LLC,30,2017,,,,,
ZetaTrac LLC,31,2017,"1,555,858.89",CO2 emissions,Natural Gas,,
ZetaTrac LLC,32,2017,"50,786.63",CO2 emissions,Coal,,
ZetaTrac LLC,33,2017,"27,496.72",CO2 emissions,Propane,,
ZetaTrac LLC,34,2017,"26,705.28",CO2 emissions,Fuel Oil,,
ZetaTrac LLC,35,2017,"16,073.37",CO2 emissions,Diesel,,
ZetaTrac LLC,36,2017,"5,470.00",CO2 emissions,Petrol,,
ZetaTrac LLC,37,2017,0,CO2 emissions,Biomass,,
ZetaTrac LLC,38,2017,0,CO2 emissions,Waste tires,,
ZetaTrac LLC,39,2017,"106,897.76",CO2 emissions,LPG,,
ZetaTrac LLC,40,2017,245.27,CO2 emissions,Other,,
ZetaTrac LLC,41,2017,"1,789,533.93",CO2 emissions,Total CO2 - Scope 1,,
ZetaTrac LLC,42,2017,,,,,
ZetaTrac LLC,43,2017,"2,498,066.68",CO2 emissions,Total CO2 - Scope 2,,
ZetaTrac LLC,44,2017,,,,,
ZetaTrac LLC,45,2017,"4,287,600.61",CO2 emissions,Total CO2,,
ZetaTrac LLC,46,2017,0.89,CO2 emissions,Total CO2 - KPI,,
ZetaTrac LLC,1,2018,48,ISO 14001,Total no. of sites,,
ZetaTrac LLC,2,2018,48,ISO 14001,ISO 14001 sites,,
ZetaTrac LLC,3,2018,1.00,ISO 14001,% certified sites,,
ZetaTrac LLC,4,2018,,,,,
ZetaTrac LLC,5,2018,"4,402,140.73",Production,Production,,
ZetaTrac LLC,6,2018,,,,,
ZetaTrac LLC,7,2018,"33,441,999.38",Water,Water intake,,
ZetaTrac LLC,8,2018,7.60,Water,Water intake - KPI,,
ZetaTrac LLC,9,2018,,,,,
ZetaTrac LLC,10,2018,"21,997,368.71",Energy,Total Electricity,,
ZetaTrac LLC,11,2018,"3,088,277.74",Energy,Renewable Electricity Purchased,,
ZetaTrac LLC,12,2018,"18,909,090.97",Energy,Non-Renewable Electricity Purchased,,
ZetaTrac LLC,13,2018,"154,413.89",Energy,Self-generated AND consumed electricity on-site,,
ZetaTrac LLC,14,2018,"2,486,431.49",Energy,Purchased Steam,,
ZetaTrac LLC,15,2018,0,Energy,Sold Electricity,,
ZetaTrac LLC,16,2018,0,Energy,Sold Steam,,
ZetaTrac LLC,17,2018,"27,364,440.15",Energy,Natural Gas,,
ZetaTrac LLC,18,2018,"444,220.88",Energy,Coal,,
ZetaTrac LLC,19,2018,"418,649.10",Energy,Propane,,
ZetaTrac LLC,20,2018,"302,137.04",Energy,Fuel Oil,,
ZetaTrac LLC,21,2018,"202,460.32",Energy,Diesel,,
ZetaTrac LLC,22,2018,"76,292.66",Energy,Petrol,,
ZetaTrac LLC,23,2018,0.00,Energy,Biomass,,
ZetaTrac LLC,24,2018,0.00,Energy,Waste tires,,
ZetaTrac LLC,25,2018,"1,982,954.60",Energy,LPG,,
ZetaTrac LLC,26,2018,"3,437.10",Energy,Other,,
ZetaTrac LLC,27,2018,,,,,
ZetaTrac LLC,28,2018,"55,278,392.06",Energy,Total energy,,
ZetaTrac LLC,29,2018,12.56,Energy,Total energy - KPI,,
ZetaTrac LLC,30,2018,,,,,
ZetaTrac LLC,31,2018,"1,535,145.09",CO2 emissions,Natural Gas,,
ZetaTrac LLC,32,2018,"42,200.98",CO2 emissions,Coal,,
ZetaTrac LLC,33,2018,"26,416.76",CO2 emissions,Propane,,
ZetaTrac LLC,34,2018,"23,385.41",CO2 emissions,Fuel Oil,,
ZetaTrac LLC,35,2018,"15,002.31",CO2 emissions,Diesel,,
ZetaTrac LLC,36,2018,"5,287.08",CO2 emissions,Petrol,,
ZetaTrac LLC,37,2018,0,CO2 emissions,Biomass,,
ZetaTrac LLC,38,2018,0,CO2 emissions,Waste tires,,
ZetaTrac LLC,39,2018,"111,243.75",CO2 emissions,LPG,,
ZetaTrac LLC,40,2018,247.13,CO2 emissions,Other,,
ZetaTrac LLC,41,2018,"1,758,928.51",CO2 emissions,Total CO2 - Scope 1,,
ZetaTrac LLC,42,2018,,,,,
ZetaTrac LLC,43,2018,"2,363,636.37",CO2 emissions,Total CO2 - Scope 2,,
ZetaTrac LLC,44,2018,,,,,
ZetaTrac LLC,45,2018,"4,122,564.88",CO2 emissions,Total CO2,,
ZetaTrac LLC,46,2018,0.94,CO2 emissions,Total CO2 - KPI,,
ZetaTrac LLC,1,2019,48,ISO 14001,Total no. of sites,,
ZetaTrac LLC,2,2019,48,ISO 14001,ISO 14001 sites,,
ZetaTrac LLC,3,2019,1.00,ISO 14001,% certified sites,,
ZetaTrac LLC,4,2019,,,,,
ZetaTrac LLC,5,2019,"4,497,982.83",Production,Production,,
ZetaTrac LLC,6,2019,,,,,
ZetaTrac LLC,7,2019,"35,998,441.40",Water,Water intake,,
ZetaTrac LLC,8,2019,8.00,Water,Water intake - KPI,,
ZetaTrac LLC,9,2019,,,,,
ZetaTrac LLC,10,2019,"23,134,204.00",Energy,Total Electricity,,
ZetaTrac LLC,11,2019,"3,432,955.15",Energy,Renewable Electricity Purchased,,
ZetaTrac LLC,12,2019,"19,701,248.85",Energy,Non-Renewable Electricity Purchased,,
ZetaTrac LLC,13,2019,"171,647.76",Energy,Self-generated AND consumed electricity on-site,,
ZetaTrac LLC,14,2019,"2,350,064.31",Energy,Purchased Steam,,
ZetaTrac LLC,15,2019,0,Energy,Sold Electricity,,
ZetaTrac LLC,16,2019,0,Energy,Sold Steam,,
ZetaTrac LLC,17,2019,"27,899,662.19",Energy,Natural Gas,,
ZetaTrac LLC,18,2019,"353,691.86",Energy,Coal,,
ZetaTrac LLC,19,2019,"446,636.79",Energy,Propane,,
ZetaTrac LLC,20,2019,"296,687.31",Energy,Fuel Oil,,
ZetaTrac LLC,21,2019,"200,328.97",Energy,Diesel,,
ZetaTrac LLC,22,2019,"72,060.50",Energy,Petrol,,
ZetaTrac LLC,23,2019,0.00,Energy,Biomass,,
ZetaTrac LLC,24,2019,0.00,Energy,Waste tires,,
ZetaTrac LLC,25,2019,"2,101,542.19",Energy,LPG,,
ZetaTrac LLC,26,2019,"3,306.36",Energy,Other,,
ZetaTrac LLC,27,2019,,,,,
ZetaTrac LLC,28,2019,"56,858,184.49",Energy,Total energy,,
ZetaTrac LLC,29,2019,12.64,Energy,Total energy - KPI,,
ZetaTrac LLC,30,2019,,,,,
ZetaTrac LLC,31,2019,"1,565,171.05",CO2 emissions,Natural Gas,,
ZetaTrac LLC,32,2019,"33,600.73",CO2 emissions,Coal,,
ZetaTrac LLC,33,2019,"28,182.78",CO2 emissions,Propane,,
ZetaTrac LLC,34,2019,"22,963.60",CO2 emissions,Fuel Oil,,
ZetaTrac LLC,35,2019,"14,844.38",CO2 emissions,Diesel,,
ZetaTrac LLC,36,2019,"4,993.79",CO2 emissions,Petrol,,
ZetaTrac LLC,37,2019,0,CO2 emissions,Biomass,,
ZetaTrac LLC,38,2019,0,CO2 emissions,Waste tires,,
ZetaTrac LLC,39,2019,"117,896.52",CO2 emissions,LPG,,
ZetaTrac LLC,40,2019,237.73,CO2 emissions,Other,,
ZetaTrac LLC,41,2019,"1,787,890.57",CO2 emissions,Total CO2 - Scope 1,,
ZetaTrac LLC,42,2019,,,,,
ZetaTrac LLC,43,2019,"2,462,656.11",CO2 emissions,Total CO2 - Scope 2,,
ZetaTrac LLC,44,2019,,,,,
ZetaTrac LLC,45,2019,"4,250,546.67",CO2 emissions,Total CO2,,
ZetaTrac LLC,46,2019,0.94,CO2 emissions,Total CO2 - KPI,,
ZetaTrac LLC,1,2020,48,ISO 14001,Total no. of sites,,
ZetaTrac LLC,2,2020,48,ISO 14001,ISO 14001 sites,,
ZetaTrac LLC,3,2020,1.00,ISO 14001,% certified sites,,
ZetaTrac LLC,4,2020,,,,,
ZetaTrac LLC,5,2020,"5,026,636.21",Production,Production,,
ZetaTrac LLC,6,2020,,,,,
ZetaTrac LLC,7,2020,"42,093,474.48",Water,Water intake,,
ZetaTrac LLC,8,2020,8.37,Water,Water intake - KPI,,
ZetaTrac LLC,9,2020,,,,,
ZetaTrac LLC,10,2020,"26,035,429.21",Energy,Total Electricity,,
ZetaTrac LLC,11,2020,"4,071,760.25",Energy,Renewable Electricity Purchased,,
ZetaTrac LLC,12,2020,"21,963,668.96",Energy,Non-Renewable Electricity Purchased,,
ZetaTrac LLC,13,2020,"203,588.01",Energy,Self-generated AND consumed electricity on-site,,
ZetaTrac LLC,14,2020,"2,577,858.47",Energy,Purchased Steam,,
ZetaTrac LLC,15,2020,0,Energy,Sold Electricity,,
ZetaTrac LLC,16,2020,0,Energy,Sold Steam,,
ZetaTrac LLC,17,2020,"28,434,261.03",Energy,Natural Gas,,
ZetaTrac LLC,18,2020,"270,516.75",Energy,Coal,,
ZetaTrac LLC,19,2020,"410,439.23",Energy,Propane,,
ZetaTrac LLC,20,2020,"254,601.80",Energy,Fuel Oil,,
ZetaTrac LLC,21,2020,"236,018.74",Energy,Diesel,,
ZetaTrac LLC,22,2020,"79,507.26",Energy,Petrol,,
ZetaTrac LLC,23,2020,0.00,Energy,Biomass,,
ZetaTrac LLC,24,2020,0.00,Energy,Waste tires,,
ZetaTrac LLC,25,2020,"2,048,064.49",Energy,LPG,,
ZetaTrac LLC,26,2020,"3,476.72",Energy,Other,,
ZetaTrac LLC,27,2020,,,,,
ZetaTrac LLC,28,2020,"60,350,173.70",Energy,Total energy,,
ZetaTrac LLC,29,2020,12.01,Energy,Total energy - KPI,,
ZetaTrac LLC,30,2020,,,,,
ZetaTrac LLC,31,2020,"1,595,162.04",CO2 emissions,Natural Gas,,
ZetaTrac LLC,32,2020,"25,699.09",CO2 emissions,Coal,,
ZetaTrac LLC,33,2020,"25,898.72",CO2 emissions,Propane,,
ZetaTrac LLC,34,2020,"19,706.18",CO2 emissions,Fuel Oil,,
ZetaTrac LLC,35,2020,"17,488.99",CO2 emissions,Diesel,,
ZetaTrac LLC,36,2020,"5,509.85",CO2 emissions,Petrol,,
ZetaTrac LLC,37,2020,0,CO2 emissions,Biomass,,
ZetaTrac LLC,38,2020,0,CO2 emissions,Waste tires,,
ZetaTrac LLC,39,2020,"114,896.42",CO2 emissions,LPG,,
ZetaTrac LLC,40,2020,249.98,CO2 emissions,Other,,
ZetaTrac LLC,41,2020,"1,804,611.27",CO2 emissions,Total CO2 - Scope 1,,
ZetaTrac LLC,42,2020,,,,,
ZetaTrac LLC,43,2020,"2,745,458.62",CO2 emissions,Total CO2 - Scope 2,,
ZetaTrac LLC,44,2020,,,,,
ZetaTrac LLC,45,2020,"4,550,069.89",CO2 emissions,Total CO2,,
ZetaTrac LLC,46,2020,0.91,CO2 emissions,Total CO2 - KPI,,
ZetaTrac LLC,1,2021,49,ISO 14001,Total no. of sites,,
ZetaTrac LLC,2,2021,49,ISO 14001,ISO 14001 sites,,
ZetaTrac LLC,3,2021,1.00,ISO 14001,% certified sites,,
ZetaTrac LLC,4,2021,,,,,
ZetaTrac LLC,5,2021,"5,294,832.22",Production,Production,,
ZetaTrac LLC,6,2021,,,,,
ZetaTrac LLC,7,2021,"41,937,931.50",Water,Water intake,,
ZetaTrac LLC,8,2021,7.92,Water,Water intake - KPI,,
ZetaTrac LLC,9,2021,,,,,
ZetaTrac LLC,10,2021,"24,433,595.75",Energy,Total Electricity,,
ZetaTrac LLC,11,2021,"4,016,713.39",Energy,Renewable Electricity Purchased,,
ZetaTrac LLC,12,2021,"20,416,882.36",Energy,Non-Renewable Electricity Purchased,,
ZetaTrac LLC,13,2021,"200,835.67",Energy,Self-generated AND consumed electricity on-site,,
ZetaTrac LLC,14,2021,"2,596,015.27",Energy,Purchased Steam,,
ZetaTrac LLC,15,2021,0,Energy,Sold Electricity,,
ZetaTrac LLC,16,2021,0,Energy,Sold Steam,,
ZetaTrac LLC,17,2021,"31,278,511.84",Energy,Natural Gas,,
ZetaTrac LLC,18,2021,"190,782.08",Energy,Coal,,
ZetaTrac LLC,19,2021,"467,324.56",Energy,Propane,,
ZetaTrac LLC,20,2021,"240,743.50",Energy,Fuel Oil,,
ZetaTrac LLC,21,2021,"230,534.43",Energy,Diesel,,
ZetaTrac LLC,22,2021,"77,385.50",Energy,Petrol,,
ZetaTrac LLC,23,2021,0.00,Energy,Biomass,,
ZetaTrac LLC,24,2021,0.00,Energy,Waste tires,,
ZetaTrac LLC,25,2021,"2,174,603.56",Energy,LPG,,
ZetaTrac LLC,26,2021,"3,382.67",Energy,Other,,
ZetaTrac LLC,27,2021,,,,,
ZetaTrac LLC,28,2021,"61,692,879.16",Energy,Total energy,,
ZetaTrac LLC,29,2021,11.65,Energy,Total energy - KPI,,
ZetaTrac LLC,30,2021,,,,,
ZetaTrac LLC,31,2021,"1,754,724.51",CO2 emissions,Natural Gas,,
ZetaTrac LLC,32,2021,"18,124.30",CO2 emissions,Coal,,
ZetaTrac LLC,33,2021,"29,488.18",CO2 emissions,Propane,,
ZetaTrac LLC,34,2021,"18,633.55",CO2 emissions,Fuel Oil,,
ZetaTrac LLC,35,2021,"17,082.60",CO2 emissions,Diesel,,
ZetaTrac LLC,36,2021,"5,362.82",CO2 emissions,Petrol,,
ZetaTrac LLC,37,2021,0,CO2 emissions,Biomass,,
ZetaTrac LLC,38,2021,0,CO2 emissions,Waste tires,,
ZetaTrac LLC,39,2021,"121,995.26",CO2 emissions,LPG,,
ZetaTrac LLC,40,2021,243.21,CO2 emissions,Other,,
ZetaTrac LLC,41,2021,"1,965,654.43",CO2 emissions,Total CO2 - Scope 1,,
ZetaTrac LLC,42,2021,,,,,
ZetaTrac LLC,43,2021,"2,552,110.29",CO2 emissions,Total CO2 - Scope 2,,
ZetaTrac LLC,44,2021,,,,,
ZetaTrac LLC,45,2021,"4,517,764.72",CO2 emissions,Total CO2,,
ZetaTrac LLC,46,2021,0.85,CO2 emissions,Total CO2 - KPI,,
ZetaTrac LLC,1,2022,49,ISO 14001,Total no. of sites,,
ZetaTrac LLC,2,2022,49,ISO 14001,ISO 14001 sites,,
ZetaTrac LLC,3,2022,1.00,ISO 14001,% certified sites,,
ZetaTrac LLC,4,2022,,,,,
ZetaTrac LLC,5,2022,"4,931,731.82",Production,Production,,
ZetaTrac LLC,6,2022,,,,,
ZetaTrac LLC,7,2022,"39,403,736.66",Water,Water intake,,
ZetaTrac LLC,8,2022,7.99,Water,Water intake - KPI,,
ZetaTrac LLC,9,2022,,,,,
ZetaTrac LLC,10,2022,"24,105,087.40",Energy,Total Electricity,,
ZetaTrac LLC,11,2022,"4,155,549.60",Energy,Renewable Electricity Purchased,,
ZetaTrac LLC,12,2022,"19,949,537.80",Energy,Non-Renewable Electricity Purchased,,
ZetaTrac LLC,13,2022,"207,777.48",Energy,Self-generated AND consumed electricity on-site,,
ZetaTrac LLC,14,2022,"2,412,366.75",Energy,Purchased Steam,,
ZetaTrac LLC,15,2022,0,Energy,Sold Electricity,,
ZetaTrac LLC,16,2022,0,Energy,Sold Steam,,
ZetaTrac LLC,17,2022,"32,533,261.92",Energy,Natural Gas,,
ZetaTrac LLC,18,2022,"104,241.87",Energy,Coal,,
ZetaTrac LLC,19,2022,"432,697.12",Energy,Propane,,
ZetaTrac LLC,20,2022,"191,133.00",Energy,Fuel Oil,,
ZetaTrac LLC,21,2022,"212,759.58",Energy,Diesel,,
ZetaTrac LLC,22,2022,"81,306.75",Energy,Petrol,,
ZetaTrac LLC,23,2022,0.00,Energy,Biomass,,
ZetaTrac LLC,24,2022,0.00,Energy,Waste tires,,
ZetaTrac LLC,25,2022,"2,027,603.48",Energy,LPG,,
ZetaTrac LLC,26,2022,"3,573.06",Energy,Other,,
ZetaTrac LLC,27,2022,,,,,
ZetaTrac LLC,28,2022,"62,104,030.93",Energy,Total energy,,
ZetaTrac LLC,29,2022,12.59,Energy,Total energy - KPI,,
ZetaTrac LLC,30,2022,,,,,
ZetaTrac LLC,31,2022,"1,825,115.99",CO2 emissions,Natural Gas,,
ZetaTrac LLC,32,2022,"9,902.98",CO2 emissions,Coal,,
ZetaTrac LLC,33,2022,"27,303.19",CO2 emissions,Propane,,
ZetaTrac LLC,34,2022,"14,793.69",CO2 emissions,Fuel Oil,,
ZetaTrac LLC,35,2022,"15,765.49",CO2 emissions,Diesel,,
ZetaTrac LLC,36,2022,"5,634.56",CO2 emissions,Petrol,,
ZetaTrac LLC,37,2022,0,CO2 emissions,Biomass,,
ZetaTrac LLC,38,2022,0,CO2 emissions,Waste tires,,
ZetaTrac LLC,39,2022,"113,748.55",CO2 emissions,LPG,,
ZetaTrac LLC,40,2022,256.90,CO2 emissions,Other,,
ZetaTrac LLC,41,2022,"2,012,521.35",CO2 emissions,Total CO2 - Scope 1,,
ZetaTrac LLC,42,2022,,,,,
ZetaTrac LLC,43,2022,"2,493,692.23",CO2 emissions,Total CO2 - Scope 2,,
ZetaTrac LLC,44,2022,,,,,
ZetaTrac LLC,45,2022,"4,506,213.58",CO2 emissions,Total CO2,,
ZetaTrac LLC,46,2022,0.91,CO2 emissions,Total CO2 - KPI,,
ZetaTrac LLC,1,2023,49,ISO 14001,Total no. of sites,,
ZetaTrac LLC,2,2023,49,ISO 14001,ISO 14001 sites,,
ZetaTrac LLC,3,2023,1.00,ISO 14001,% certified sites,,
ZetaTrac LLC,4,2023,,,,,
ZetaTrac LLC,5,2023,"5,413,895.82",Production,Production,,
ZetaTrac LLC,6,2023,,,,,
ZetaTrac LLC,7,2023,"46,943,633.10",Water,Water intake,,
ZetaTrac LLC,8,2023,8.67,Water,Water intake - KPI,,
ZetaTrac LLC,9,2023,,,,,
ZetaTrac LLC,10,2023,"23,969,679.53",Energy,Total Electricity,,
ZetaTrac LLC,11,2023,"4,323,963.66",Energy,Renewable Electricity Purchased,,
ZetaTrac LLC,12,2023,"19,645,715.87",Energy,Non-Renewable Electricity Purchased,,
ZetaTrac LLC,13,2023,"216,198.18",Energy,Self-generated AND consumed electricity on-site,,
ZetaTrac LLC,14,2023,"2,508,395.71",Energy,Purchased Steam,,
ZetaTrac LLC,15,2023,0,Energy,Sold Electricity,,
ZetaTrac LLC,16,2023,0,Energy,Sold Steam,,
ZetaTrac LLC,17,2023,"32,249,534.01",Energy,Natural Gas,,
ZetaTrac LLC,18,2023,"21,845.37",Energy,Coal,,
ZetaTrac LLC,19,2023,"451,939.05",Energy,Propane,,
ZetaTrac LLC,20,2023,"164,515.08",Energy,Fuel Oil,,
ZetaTrac LLC,21,2023,"244,829.85",Energy,Diesel,,
ZetaTrac LLC,22,2023,"80,402.61",Energy,Petrol,,
ZetaTrac LLC,23,2023,0.00,Energy,Biomass,,
ZetaTrac LLC,24,2023,0.00,Energy,Waste tires,,
ZetaTrac LLC,25,2023,"2,315,799.18",Energy,LPG,,
ZetaTrac LLC,26,2023,"3,241.37",Energy,Other,,
ZetaTrac LLC,27,2023,,,,,
ZetaTrac LLC,28,2023,"62,010,181.78",Energy,Total energy,,
ZetaTrac LLC,29,2023,11.45,Energy,Total energy - KPI,,
ZetaTrac LLC,30,2023,,,,,
ZetaTrac LLC,31,2023,"1,809,198.86",CO2 emissions,Natural Gas,,
ZetaTrac LLC,32,2023,"2,075.31",CO2 emissions,Coal,,
ZetaTrac LLC,33,2023,"28,517.35",CO2 emissions,Propane,,
ZetaTrac LLC,34,2023,"12,733.47",CO2 emissions,Fuel Oil,,
ZetaTrac LLC,35,2023,"18,141.89",CO2 emissions,Diesel,,
ZetaTrac LLC,36,2023,"5,571.90",CO2 emissions,Petrol,,
ZetaTrac LLC,37,2023,0,CO2 emissions,Biomass,,
ZetaTrac LLC,38,2023,0,CO2 emissions,Waste tires,,
ZetaTrac LLC,39,2023,"129,916.33",CO2 emissions,LPG,,
ZetaTrac LLC,40,2023,233.05,CO2 emissions,Other,,
ZetaTrac LLC,41,2023,"2,006,388.17",CO2 emissions,Total CO2 - Scope 1,,
ZetaTrac LLC,42,2023,,,,,
ZetaTrac LLC,43,2023,"2,455,714.48",CO2 emissions,Total CO2 - Scope 2,,
ZetaTrac LLC,44,2023,,,,,
ZetaTrac LLC,45,2023,"4,462,102.66",CO2 emissions,Total CO2,,
ZetaTrac LLC,46,2023,0.82,CO2 emissions,Total CO2 - KPI,,
EtaRoad AG,1,2009,53,ISO 14001,Total no. of sites,,
EtaRoad AG,2,2009,53,ISO 14001,ISO 14001 sites,,
EtaRoad AG,3,2009,0.91,ISO 14001,% certified sites,,
EtaRoad AG,4,2009,,,,,
EtaRoad AG,5,2009,"3,447,658.78",Production,Production,,
EtaRoad AG,6,2009,,,,,
EtaRoad AG,7,2009,"31,892,931.41",Water,Water intake,,
EtaRoad AG,8,2009,9.25,Water,Water intake - KPI,,
EtaRoad AG,9,2009,,,,,
EtaRoad AG,10,2009,"23,241,507.76",Energy,Total Electricity,,
EtaRoad AG,11,2009,"1,959,321.26",Energy,Renewable Electricity Purchased,,
EtaRoad AG,12,2009,"21,282,186.50",Energy,Non-Renewable Electricity Purchased,,
EtaRoad AG,13,2009,"97,966.06",Energy,Self-generated AND consumed electricity on-site,,
EtaRoad AG,14,2009,"974,659.75",Energy,Purchased Steam,,
EtaRoad AG,15,2009,0,Energy,Sold Electricity,,
EtaRoad AG,16,2009,0,Energy,Sold Steam,,
EtaRoad AG,17,2009,"15,944,736.32",Energy,Natural Gas,,
EtaRoad AG,18,2009,"1,181,531.90",Energy,Coal,,
EtaRoad AG,19,2009,"537,945.36",Energy,Propane,,
EtaRoad AG,20,2009,"3,109,395.75",Energy,Fuel Oil,,
EtaRoad AG,21,2009,"211,879.06",Energy,Diesel,,
EtaRoad AG,22,2009,"41,158.09",Energy,Petrol,,
EtaRoad AG,23,2009,0.00,Energy,Biomass,,
EtaRoad AG,24,2009,0.00,Energy,Waste tires,,
EtaRoad AG,25,2009,"1,962,502.29",Energy,LPG,,
EtaRoad AG,26,2009,"5,063.33",Energy,Other,,
EtaRoad AG,27,2009,,,,,
EtaRoad AG,28,2009,"47,210,379.61",Energy,Total energy,,
EtaRoad AG,29,2009,13.69,Energy,Total energy - KPI,,
EtaRoad AG,30,2009,,,,,
EtaRoad AG,31,2009,"894,499.71",CO2 emissions,Natural Gas,,
EtaRoad AG,32,2009,"112,245.53",CO2 emissions,Coal,,
EtaRoad AG,33,2009,"33,944.35",CO2 emissions,Propane,,
EtaRoad AG,34,2009,"240,667.23",CO2 emissions,Fuel Oil,,
EtaRoad AG,35,2009,"15,700.24",CO2 emissions,Diesel,,
EtaRoad AG,36,2009,"2,852.26",CO2 emissions,Petrol,,
EtaRoad AG,37,2009,0,CO2 emissions,Biomass,,
EtaRoad AG,38,2009,0,CO2 emissions,Waste tires,,
EtaRoad AG,39,2009,"110,096.38",CO2 emissions,LPG,,
EtaRoad AG,40,2009,364.05,CO2 emissions,Other,,
EtaRoad AG,41,2009,"1,410,369.75",CO2 emissions,Total CO2 - Scope 1,,
EtaRoad AG,42,2009,,,,,
EtaRoad AG,43,2009,"2,660,273.31",CO2 emissions,Total CO2 - Scope 2,,
EtaRoad AG,44,2009,,,,,
EtaRoad AG,45,2009,"4,070,643.06",CO2 emissions,Total CO2,,
EtaRoad AG,46,2009,1.18,CO2 emissions,Total CO2 - KPI,,
EtaRoad AG,1,2010,53,ISO 14001,Total no. of sites,,
EtaRoad AG,2,2010,53,ISO 14001,ISO 14001 sites,,
EtaRoad AG,3,2010,0.99,ISO 14001,% certified sites,,
EtaRoad AG,4,2010,,,,,
EtaRoad AG,5,2010,"3,493,968.15",Production,Production,,
EtaRoad AG,6,2010,,,,,
EtaRoad AG,7,2010,"33,870,790.33",Water,Water intake,,
EtaRoad AG,8,2010,9.69,Water,Water intake - KPI,,
EtaRoad AG,9,2010,,,,,
EtaRoad AG,10,2010,"24,714,368.64",Energy,Total Electricity,,
EtaRoad AG,11,2010,"2,281,202.32",Energy,Renewable Electricity Purchased,,
EtaRoad AG,12,2010,"22,433,166.32",Energy,Non-Renewable Electricity Purchased,,
EtaRoad AG,13,2010,"114,060.12",Energy,Self-generated AND consumed electricity on-site,,
EtaRoad AG,14,2010,"972,829.34",Energy,Purchased Steam,,
EtaRoad AG,15,2010,0,Energy,Sold Electricity,,
EtaRoad AG,16,2010,0,Energy,Sold Steam,,
EtaRoad AG,17,2010,"16,605,892.80",Energy,Natural Gas,,
EtaRoad AG,18,2010,"1,061,443.24",Energy,Coal,,
EtaRoad AG,19,2010,"597,411.35",Energy,Propane,,
EtaRoad AG,20,2010,"3,086,899.45",Energy,Fuel Oil,,
EtaRoad AG,21,2010,"234,802.21",Energy,Diesel,,
EtaRoad AG,22,2010,"36,952.15",Energy,Petrol,,
EtaRoad AG,23,2010,0.00,Energy,Biomass,,
EtaRoad AG,24,2010,0.00,Energy,Waste tires,,
EtaRoad AG,25,2010,"1,940,724.44",Energy,LPG,,
EtaRoad AG,26,2010,"4,914.21",Energy,Other,,
EtaRoad AG,27,2010,,,,,
EtaRoad AG,28,2010,"49,256,237.83",Energy,Total energy,,
EtaRoad AG,29,2010,14.10,Energy,Total energy - KPI,,
EtaRoad AG,30,2010,,,,,
EtaRoad AG,31,2010,"931,590.59",CO2 emissions,Natural Gas,,
EtaRoad AG,32,2010,"100,837.11",CO2 emissions,Coal,,
EtaRoad AG,33,2010,"37,696.66",CO2 emissions,Propane,,
EtaRoad AG,34,2010,"238,926.02",CO2 emissions,Fuel Oil,,
EtaRoad AG,35,2010,"17,398.84",CO2 emissions,Diesel,,
EtaRoad AG,36,2010,"2,560.78",CO2 emissions,Petrol,,
EtaRoad AG,37,2010,0,CO2 emissions,Biomass,,
EtaRoad AG,38,2010,0,CO2 emissions,Waste tires,,
EtaRoad AG,39,2010,"108,874.64",CO2 emissions,LPG,,
EtaRoad AG,40,2010,353.33,CO2 emissions,Other,,
EtaRoad AG,41,2010,"1,438,237.97",CO2 emissions,Total CO2 - Scope 1,,
EtaRoad AG,42,2010,,,,,
EtaRoad AG,43,2010,"2,804,145.79",CO2 emissions,Total CO2 - Scope 2,,
EtaRoad AG,44,2010,,,,,
EtaRoad AG,45,2010,"4,242,383.76",CO2 emissions,Total CO2,,
EtaRoad AG,46,2010,1.21,CO2 emissions,Total CO2 - KPI,,
EtaRoad AG,1,2011,53,ISO 14001,Total no. of sites,,
EtaRoad AG,2,2011,53,ISO 14001,ISO 14001 sites,,
EtaRoad AG,3,2011,0.93,ISO 14001,% certified sites,,
EtaRoad AG,4,2011,,,,,
EtaRoad AG,5,2011,"3,875,379.01",Production,Production,,
EtaRoad AG,6,2011,,,,,
EtaRoad AG,7,2011,"32,648,796.64",Water,Water intake,,
EtaRoad AG,8,2011,8.42,Water,Water intake - KPI,,
EtaRoad AG,9,2011,,,,,
EtaRoad AG,10,2011,"26,883,105.42",Energy,Total Electricity,,
EtaRoad AG,11,2011,"2,696,447.37",Energy,Renewable Electricity Purchased,,
EtaRoad AG,12,2011,"24,186,658.06",Energy,Non-Renewable Electricity Purchased,,
EtaRoad AG,13,2011,"134,822.37",Energy,Self-generated AND consumed electricity on-site,,
EtaRoad AG,14,2011,"1,090,631.04",Energy,Purchased Steam,,
EtaRoad AG,15,2011,0,Energy,Sold Electricity,,
EtaRoad AG,16,2011,0,Energy,Sold Steam,,
EtaRoad AG,17,2011,"16,742,347.87",Energy,Natural Gas,,
EtaRoad AG,18,2011,"1,018,397.23",Energy,Coal,,
EtaRoad AG,19,2011,"548,793.16",Energy,Propane,,
EtaRoad AG,20,2011,"2,963,804.86",Energy,Fuel Oil,,
EtaRoad AG,21,2011,"216,520.81",Energy,Diesel,,
EtaRoad AG,22,2011,"38,828.96",Energy,Petrol,,
EtaRoad AG,23,2011,0.00,Energy,Biomass,,
EtaRoad AG,24,2011,0.00,Energy,Waste tires,,
EtaRoad AG,25,2011,"2,218,809.79",Energy,LPG,,
EtaRoad AG,26,2011,"4,591.93",Energy,Other,,
EtaRoad AG,27,2011,,,,,
EtaRoad AG,28,2011,"51,725,831.07",Energy,Total energy,,
EtaRoad AG,29,2011,13.35,Energy,Total energy - KPI,,
EtaRoad AG,30,2011,,,,,
EtaRoad AG,31,2011,"939,245.72",CO2 emissions,Natural Gas,,
EtaRoad AG,32,2011,"96,747.74",CO2 emissions,Coal,,
EtaRoad AG,33,2011,"34,628.85",CO2 emissions,Propane,,
EtaRoad AG,34,2011,"229,398.50",CO2 emissions,Fuel Oil,,
EtaRoad AG,35,2011,"16,044.19",CO2 emissions,Diesel,,
EtaRoad AG,36,2011,"2,690.85",CO2 emissions,Petrol,,
EtaRoad AG,37,2011,0,CO2 emissions,Biomass,,
EtaRoad AG,38,2011,0,CO2 emissions,Waste tires,,
EtaRoad AG,39,2011,"124,475.23",CO2 emissions,LPG,,
EtaRoad AG,40,2011,330.16,CO2 emissions,Other,,
EtaRoad AG,41,2011,"1,443,561.22",CO2 emissions,Total CO2 - Scope 1,,
EtaRoad AG,42,2011,,,,,
EtaRoad AG,43,2011,"3,023,332.26",CO2 emissions,Total CO2 - Scope 2,,
EtaRoad AG,44,2011,,,,,
EtaRoad AG,45,2011,"4,466,893.48",CO2 emissions,Total CO2,,
EtaRoad AG,46,2011,1.15,CO2 emissions,Total CO2 - KPI,,
EtaRoad AG,1,2012,54,ISO 14001,Total no. of sites,,
EtaRoad AG,2,2012,54,ISO 14001,ISO 14001 sites,,
EtaRoad AG,3,2012,0.90,ISO 14001,% certified sites,,
EtaRoad AG,4,2012,,,,,
EtaRoad AG,5,2012,"3,714,292.08",Production,Production,,
EtaRoad AG,6,2012,,,,,
EtaRoad AG,7,2012,"30,885,777.62",Water,Water intake,,
EtaRoad AG,8,2012,8.32,Water,Water intake - KPI,,
EtaRoad AG,9,2012,,,,,
EtaRoad AG,10,2012,"24,215,689.63",Energy,Total Electricity,,
EtaRoad AG,11,2012,"2,622,623.95",Energy,Renewable Electricity Purchased,,
EtaRoad AG,12,2012,"21,593,065.68",Energy,Non-Renewable Electricity Purchased,,
EtaRoad AG,13,2012,"131,131.20",Energy,Self-generated AND consumed electricity on-site,,
EtaRoad AG,14,2012,"1,057,537.62",Energy,Purchased Steam,,
EtaRoad AG,15,2012,0,Energy,Sold Electricity,,
EtaRoad AG,16,2012,0,Energy,Sold Steam,,
EtaRoad AG,17,2012,"17,000,994.57",Energy,Natural Gas,,
EtaRoad AG,18,2012,"968,742.54",Energy,Coal,,
EtaRoad AG,19,2012,"571,386.45",Energy,Propane,,
EtaRoad AG,20,2012,"2,430,242.51",Energy,Fuel Oil,,
EtaRoad AG,21,2012,"251,126.28",Energy,Diesel,,
EtaRoad AG,22,2012,"41,349.82",Energy,Petrol,,
EtaRoad AG,23,2012,0.00,Energy,Biomass,,
EtaRoad AG,24,2012,0.00,Energy,Waste tires,,
EtaRoad AG,25,2012,"2,171,072.35",Energy,LPG,,
EtaRoad AG,26,2012,"5,029.70",Energy,Other,,
EtaRoad AG,27,2012,,,,,
EtaRoad AG,28,2012,"48,713,171.47",Energy,Total energy,,
EtaRoad AG,29,2012,13.12,Energy,Total energy - KPI,,
EtaRoad AG,30,2012,,,,,
EtaRoad AG,31,2012,"953,755.80",CO2 emissions,Natural Gas,,
EtaRoad AG,32,2012,"92,030.54",CO2 emissions,Coal,,
EtaRoad AG,33,2012,"36,054.49",CO2 emissions,Propane,,
EtaRoad AG,34,2012,"188,100.77",CO2 emissions,Fuel Oil,,
EtaRoad AG,35,2012,"18,608.46",CO2 emissions,Diesel,,
EtaRoad AG,36,2012,"2,865.54",CO2 emissions,Petrol,,
EtaRoad AG,37,2012,0,CO2 emissions,Biomass,,
EtaRoad AG,38,2012,0,CO2 emissions,Waste tires,,
EtaRoad AG,39,2012,"121,797.16",CO2 emissions,LPG,,
EtaRoad AG,40,2012,361.64,CO2 emissions,Other,,
EtaRoad AG,41,2012,"1,413,574.39",CO2 emissions,Total CO2 - Scope 1,,
EtaRoad AG,42,2012,,,,,
EtaRoad AG,43,2012,"2,699,133.21",CO2 emissions,Total CO2 - Scope 2,,
EtaRoad AG,44,2012,,,,,
EtaRoad AG,45,2012,"4,112,707.60",CO2 emissions,Total CO2,,
EtaRoad AG,46,2012,1.11,CO2 emissions,Total CO2 - KPI,,
EtaRoad AG,1,2013,54,ISO 14001,Total no. of sites,,
EtaRoad AG,2,2013,54,ISO 14001,ISO 14001 sites,,
EtaRoad AG,3,2013,0.89,ISO 14001,% certified sites,,
EtaRoad AG,4,2013,,,,,
EtaRoad AG,5,2013,"3,608,509.43",Production,Production,,
EtaRoad AG,6,2013,,,,,
EtaRoad AG,7,2013,"34,177,706.53",Water,Water intake,,
EtaRoad AG,8,2013,9.47,Water,Water intake - KPI,,
EtaRoad AG,9,2013,,,,,
EtaRoad AG,10,2013,"27,523,548.08",Energy,Total Electricity,,
EtaRoad AG,11,2013,"3,201,062.25",Energy,Renewable Electricity Purchased,,
EtaRoad AG,12,2013,"24,322,485.83",Energy,Non-Renewable Electricity Purchased,,
EtaRoad AG,13,2013,"160,053.11",Energy,Self-generated AND consumed electricity on-site,,
EtaRoad AG,14,2013,"1,019,264.38",Energy,Purchased Steam,,
EtaRoad AG,15,2013,0,Energy,Sold Electricity,,
EtaRoad AG,16,2013,0,Energy,Sold Steam,,
EtaRoad AG,17,2013,"18,761,616.64",Energy,Natural Gas,,
EtaRoad AG,18,2013,"811,439.42",Energy,Coal,,
EtaRoad AG,19,2013,"549,387.21",Energy,Propane,,
EtaRoad AG,20,2013,"2,307,490.48",Energy,Fuel Oil,,
EtaRoad AG,21,2013,"231,007.49",Energy,Diesel,,
EtaRoad AG,22,2013,"41,323.38",Energy,Petrol,,
EtaRoad AG,23,2013,0.00,Energy,Biomass,,
EtaRoad AG,24,2013,0.00,Energy,Waste tires,,
EtaRoad AG,25,2013,"2,186,448.86",Energy,LPG,,
EtaRoad AG,26,2013,"4,980.38",Energy,Other,,
EtaRoad AG,27,2013,,,,,
EtaRoad AG,28,2013,"53,436,506.30",Energy,Total energy,,
EtaRoad AG,29,2013,14.81,Energy,Total energy - KPI,,
EtaRoad AG,30,2013,,,,,
EtaRoad AG,31,2013,"1,052,526.69",CO2 emissions,Natural Gas,,
EtaRoad AG,32,2013,"77,086.74",CO2 emissions,Coal,,
EtaRoad AG,33,2013,"34,666.33",CO2 emissions,Propane,,
EtaRoad AG,34,2013,"178,599.76",CO2 emissions,Fuel Oil,,
EtaRoad AG,35,2013,"17,117.65",CO2 emissions,Diesel,,
EtaRoad AG,36,2013,"2,863.71",CO2 emissions,Petrol,,
EtaRoad AG,37,2013,0,CO2 emissions,Biomass,,
EtaRoad AG,38,2013,0,CO2 emissions,Waste tires,,
EtaRoad AG,39,2013,"122,659.78",CO2 emissions,LPG,,
EtaRoad AG,40,2013,358.09,CO2 emissions,Other,,
EtaRoad AG,41,2013,"1,485,878.77",CO2 emissions,Total CO2 - Scope 1,,
EtaRoad AG,42,2013,,,,,
EtaRoad AG,43,2013,"3,040,310.73",CO2 emissions,Total CO2 - Scope 2,,
EtaRoad AG,44,2013,,,,,
EtaRoad AG,45,2013,"4,526,189.50",CO2 emissions,Total CO2,,
EtaRoad AG,46,2013,1.25,CO2 emissions,Total CO2 - KPI,,
EtaRoad AG,1,2014,54,ISO 14001,Total no. of sites,,
EtaRoad AG,2,2014,54,ISO 14001,ISO 14001 sites,,
EtaRoad AG,3,2014,0.87,ISO 14001,% certified sites,,
EtaRoad AG,4,2014,,,,,
EtaRoad AG,5,2014,"3,935,092.27",Production,Production,,
EtaRoad AG,6,2014,,,,,
EtaRoad AG,7,2014,"34,202,688.85",Water,Water intake,,
EtaRoad AG,8,2014,8.69,Water,Water intake - KPI,,
EtaRoad AG,9,2014,,,,,
EtaRoad AG,10,2014,"26,424,520.10",Energy,Total Electricity,,
EtaRoad AG,11,2014,"3,284,638.51",Energy,Renewable Electricity Purchased,,
EtaRoad AG,12,2014,"23,139,881.58",Energy,Non-Renewable Electricity Purchased,,
EtaRoad AG,13,2014,"164,231.93",Energy,Self-generated AND consumed electricity on-site,,
EtaRoad AG,14,2014,"1,026,313.08",Energy,Purchased Steam,,
EtaRoad AG,15,2014,0,Energy,Sold Electricity,,
EtaRoad AG,16,2014,0,Energy,Sold Steam,,
EtaRoad AG,17,2014,"18,338,789.27",Energy,Natural Gas,,
EtaRoad AG,18,2014,"773,356.68",Energy,Coal,,
EtaRoad AG,19,2014,"605,987.68",Energy,Propane,,
EtaRoad AG,20,2014,"2,175,011.26",Energy,Fuel Oil,,
EtaRoad AG,21,2014,"261,796.42",Energy,Diesel,,
EtaRoad AG,22,2014,"39,828.42",Energy,Petrol,,
EtaRoad AG,23,2014,0.00,Energy,Biomass,,
EtaRoad AG,24,2014,0.00,Energy,Waste tires,,
EtaRoad AG,25,2014,"2,047,144.39",Energy,LPG,,
EtaRoad AG,26,2014,"4,817.48",Energy,Other,,
EtaRoad AG,27,2014,,,,,
EtaRoad AG,28,2014,"51,697,564.77",Energy,Total energy,,
EtaRoad AG,29,2014,13.14,Energy,Total energy - KPI,,
EtaRoad AG,30,2014,,,,,
EtaRoad AG,31,2014,"1,028,806.08",CO2 emissions,Natural Gas,,
EtaRoad AG,32,2014,"73,468.88",CO2 emissions,Coal,,
EtaRoad AG,33,2014,"38,237.82",CO2 emissions,Propane,,
EtaRoad AG,34,2014,"168,345.87",CO2 emissions,Fuel Oil,,
EtaRoad AG,35,2014,"19,399.11",CO2 emissions,Diesel,,
EtaRoad AG,36,2014,"2,760.11",CO2 emissions,Petrol,,
EtaRoad AG,37,2014,0,CO2 emissions,Biomass,,
EtaRoad AG,38,2014,0,CO2 emissions,Waste tires,,
EtaRoad AG,39,2014,"114,844.80",CO2 emissions,LPG,,
EtaRoad AG,40,2014,346.38,CO2 emissions,Other,,
EtaRoad AG,41,2014,"1,446,209.06",CO2 emissions,Total CO2 - Scope 1,,
EtaRoad AG,42,2014,,,,,
EtaRoad AG,43,2014,"2,892,485.20",CO2 emissions,Total CO2 - Scope 2,,
EtaRoad AG,44,2014,,,,,
EtaRoad AG,45,2014,"4,338,694.26",CO2 emissions,Total CO2,,
EtaRoad AG,46,2014,1.10,CO2 emissions,Total CO2 - KPI,,
EtaRoad AG,1,2015,55,ISO 14001,Total no. of sites,,
EtaRoad AG,2,2015,55,ISO 14001,ISO 14001 sites,,
EtaRoad AG,3,2015,1.00,ISO 14001,% certified sites,,
EtaRoad AG,4,2015,,,,,
EtaRoad AG,5,2015,"3,839,388.45",Production,Production,,
EtaRoad AG,6,2015,,,,,
EtaRoad AG,7,2015,"32,572,111.97",Water,Water intake,,
EtaRoad AG,8,2015,8.48,Water,Water intake - KPI,,
EtaRoad AG,9,2015,,,,,
EtaRoad AG,10,2015,"27,583,502.29",Energy,Total Electricity,,
EtaRoad AG,11,2015,"3,649,371.12",Energy,Renewable Electricity Purchased,,
EtaRoad AG,12,2015,"23,934,131.17",Energy,Non-Renewable Electricity Purchased,,
EtaRoad AG,13,2015,"182,468.56",Energy,Self-generated AND consumed electricity on-site,,
EtaRoad AG,14,2015,"1,151,731.26",Energy,Purchased Steam,,
EtaRoad AG,15,2015,0,Energy,Sold Electricity,,
EtaRoad AG,16,2015,0,Energy,Sold Steam,,
EtaRoad AG,17,2015,"18,201,652.69",Energy,Natural Gas,,
EtaRoad AG,18,2015,"650,281.47",Energy,Coal,,
EtaRoad AG,19,2015,"640,137.86",Energy,Propane,,
EtaRoad AG,20,2015,"2,021,266.83",Energy,Fuel Oil,,
EtaRoad AG,21,2015,"270,409.13",Energy,Diesel,,
EtaRoad AG,22,2015,"36,508.35",Energy,Petrol,,
EtaRoad AG,23,2015,0.00,Energy,Biomass,,
EtaRoad AG,24,2015,0.00,Energy,Waste tires,,
EtaRoad AG,25,2015,"2,277,578.82",Energy,LPG,,
EtaRoad AG,26,2015,"4,811.29",Energy,Other,,
EtaRoad AG,27,2015,,,,,
EtaRoad AG,28,2015,"52,837,879.98",Energy,Total energy,,
EtaRoad AG,29,2015,13.76,Energy,Total energy - KPI,,
EtaRoad AG,30,2015,,,,,
EtaRoad AG,31,2015,"1,021,112.72",CO2 emissions,Natural Gas,,
EtaRoad AG,32,2015,"61,776.74",CO2 emissions,Coal,,
EtaRoad AG,33,2015,"40,392.70",CO2 emissions,Propane,,
EtaRoad AG,34,2015,"156,446.05",CO2 emissions,Fuel Oil,,
EtaRoad AG,35,2015,"20,037.32",CO2 emissions,Diesel,,
EtaRoad AG,36,2015,"2,530.03",CO2 emissions,Petrol,,
EtaRoad AG,37,2015,0,CO2 emissions,Biomass,,
EtaRoad AG,38,2015,0,CO2 emissions,Waste tires,,
EtaRoad AG,39,2015,"127,772.17",CO2 emissions,LPG,,
EtaRoad AG,40,2015,345.93,CO2 emissions,Other,,
EtaRoad AG,41,2015,"1,430,413.66",CO2 emissions,Total CO2 - Scope 1,,
EtaRoad AG,42,2015,,,,,
EtaRoad AG,43,2015,"2,991,766.40",CO2 emissions,Total CO2 - Scope 2,,
EtaRoad AG,44,2015,,,,,
EtaRoad AG,45,2015,"4,422,180.05",CO2 emissions,Total CO2,,
EtaRoad AG,46,2015,1.15,CO2 emissions,Total CO2 - KPI,,
EtaRoad AG,1,2016,55,ISO 14001,Total no. of sites,,
EtaRoad AG,2,2016,55,ISO 14001,ISO 14001 sites,,
EtaRoad AG,3,2016,1.00,ISO 14001,% certified sites,,
EtaRoad AG,4,2016,,,,,
EtaRoad AG,5,2016,"4,411,508.61",Production,Production,,
EtaRoad AG,6,2016,,,,,
EtaRoad AG,7,2016,"40,033,053.67",Water,Water intake,,
EtaRoad AG,8,2016,9.07,Water,Water intake - KPI,,
EtaRoad AG,9,2016,,,,,
EtaRoad AG,10,2016,"28,006,246.81",Energy,Total Electricity,,
EtaRoad AG,11,2016,"3,929,351.32",Energy,Renewable Electricity Purchased,,
EtaRoad AG,12,2016,"24,076,895.49",Energy,Non-Renewable Electricity Purchased,,
EtaRoad AG,13,2016,"196,467.57",Energy,Self-generated AND consumed electricity on-site,,
EtaRoad AG,14,2016,"1,150,020.50",Energy,Purchased Steam,,
EtaRoad AG,15,2016,0,Energy,Sold Electricity,,
EtaRoad AG,16,2016,0,Energy,Sold Steam,,
EtaRoad AG,17,2016,"19,823,924.96",Energy,Natural Gas,,
EtaRoad AG,18,2016,"624,140.26",Energy,Coal,,
EtaRoad AG,19,2016,"612,173.92",Energy,Propane,,
EtaRoad AG,20,2016,"1,854,578.81",Energy,Fuel Oil,,
EtaRoad AG,21,2016,"268,640.11",Energy,Diesel,,
EtaRoad AG,22,2016,"38,247.42",Energy,Petrol,,
EtaRoad AG,23,2016,0.00,Energy,Biomass,,
EtaRoad AG,24,2016,0.00,Energy,Waste tires,,
EtaRoad AG,25,2016,"2,403,800.73",Energy,LPG,,
EtaRoad AG,26,2016,"4,904.27",Energy,Other,,
EtaRoad AG,27,2016,,,,,
EtaRoad AG,28,2016,"54,786,677.80",Energy,Total energy,,
EtaRoad AG,29,2016,12.42,Energy,Total energy - KPI,,
EtaRoad AG,30,2016,,,,,
EtaRoad AG,31,2016,"1,112,122.19",CO2 emissions,Natural Gas,,
EtaRoad AG,32,2016,"59,293.32",CO2 emissions,Coal,,
EtaRoad AG,33,2016,"38,628.17",CO2 emissions,Propane,,
EtaRoad AG,34,2016,"143,544.40",CO2 emissions,Fuel Oil,,
EtaRoad AG,35,2016,"19,906.23",CO2 emissions,Diesel,,
EtaRoad AG,36,2016,"2,650.55",CO2 emissions,Petrol,,
EtaRoad AG,37,2016,0,CO2 emissions,Biomass,,
EtaRoad AG,38,2016,0,CO2 emissions,Waste tires,,
EtaRoad AG,39,2016,"134,853.22",CO2 emissions,LPG,,
EtaRoad AG,40,2016,352.62,CO2 emissions,Other,,
EtaRoad AG,41,2016,"1,511,350.71",CO2 emissions,Total CO2 - Scope 1,,
EtaRoad AG,42,2016,,,,,
EtaRoad AG,43,2016,"3,009,611.94",CO2 emissions,Total CO2 - Scope 2,,
EtaRoad AG,44,2016,,,,,
EtaRoad AG,45,2016,"4,520,962.64",CO2 emissions,Total CO2,,
EtaRoad AG,46,2016,1.02,CO2 emissions,Total CO2 - KPI,,
EtaRoad AG,1,2017,55,ISO 14001,Total no. of sites,,
EtaRoad AG,2,2017,55,ISO 14001,ISO 14001 sites,,
EtaRoad AG,3,2017,1.00,ISO 14001,% certified sites,,
EtaRoad AG,4,2017,,,,,
EtaRoad AG,5,2017,"4,360,393.96",Production,Production,,
EtaRoad AG,6,2017,,,,,
EtaRoad AG,7,2017,"40,705,504.93",Water,Water intake,,
EtaRoad AG,8,2017,9.34,Water,Water intake - KPI,,
EtaRoad AG,9,2017,,,,,
EtaRoad AG,10,2017,"28,332,263.63",Energy,Total Electricity,,
EtaRoad AG,11,2017,"4,201,750.46",Energy,Renewable Electricity Purchased,,
EtaRoad AG,12,2017,"24,130,513.16",Energy,Non-Renewable Electricity Purchased,,
EtaRoad AG,13,2017,"210,087.52",Energy,Self-generated AND consumed electricity on-site,,
EtaRoad AG,14,2017,"1,094,089.36",Energy,Purchased Steam,,
EtaRoad AG,15,2017,0,Energy,Sold Electricity,,
EtaRoad AG,16,2017,0,Energy,Sold Steam,,
EtaRoad AG,17,2017,"19,961,453.75",Energy,Natural Gas,,
EtaRoad AG,18,2017,"525,071.74",Energy,Coal,,
EtaRoad AG,19,2017,"617,017.82",Energy,Propane,,
EtaRoad AG,20,2017,"1,938,413.64",Energy,Fuel Oil,,
EtaRoad AG,21,2017,"260,765.16",Energy,Diesel,,
EtaRoad AG,22,2017,"40,447.49",Energy,Petrol,,
EtaRoad AG,23,2017,0.00,Energy,Biomass,,
EtaRoad AG,24,2017,0.00,Energy,Waste tires,,
EtaRoad AG,25,2017,"2,416,621.28",Energy,LPG,,
EtaRoad AG,26,2017,"5,045.17",Energy,Other,,
EtaRoad AG,27,2017,,,,,
EtaRoad AG,28,2017,"55,191,189.05",Energy,Total energy,,
EtaRoad AG,29,2017,12.66,Energy,Total energy - KPI,,
EtaRoad AG,30,2017,,,,,
EtaRoad AG,31,2017,"1,119,837.56",CO2 emissions,Natural Gas,,
EtaRoad AG,32,2017,"49,881.81",CO2 emissions,Coal,,
EtaRoad AG,33,2017,"38,933.82",CO2 emissions,Propane,,
EtaRoad AG,34,2017,"150,033.22",CO2 emissions,Fuel Oil,,
EtaRoad AG,35,2017,"19,322.70",CO2 emissions,Diesel,,
EtaRoad AG,36,2017,"2,803.01",CO2 emissions,Petrol,,
EtaRoad AG,37,2017,0,CO2 emissions,Biomass,,
EtaRoad AG,38,2017,0,CO2 emissions,Waste tires,,
EtaRoad AG,39,2017,"135,572.45",CO2 emissions,LPG,,
EtaRoad AG,40,2017,362.75,CO2 emissions,Other,,
EtaRoad AG,41,2017,"1,516,747.32",CO2 emissions,Total CO2 - Scope 1,,
EtaRoad AG,42,2017,,,,,
EtaRoad AG,43,2017,"3,016,314.15",CO2 emissions,Total CO2 - Scope 2,,
EtaRoad AG,44,2017,,,,,
EtaRoad AG,45,2017,"4,533,061.47",CO2 emissions,Total CO2,,
EtaRoad AG,46,2017,1.04,CO2 emissions,Total CO2 - KPI,,
EtaRoad AG,1,2018,56,ISO 14001,Total no. of sites,,
EtaRoad AG,2,2018,56,ISO 14001,ISO 14001 sites,,
EtaRoad AG,3,2018,1.00,ISO 14001,% certified sites,,
EtaRoad AG,4,2018,,,,,
EtaRoad AG,5,2018,"3,967,718.17",Production,Production,,
EtaRoad AG,6,2018,,,,,
EtaRoad AG,7,2018,"37,273,954.49",Water,Water intake,,
EtaRoad AG,8,2018,9.39,Water,Water intake - KPI,,
EtaRoad AG,9,2018,,,,,
EtaRoad AG,10,2018,"29,517,662.47",Energy,Total Electricity,,
EtaRoad AG,11,2018,"4,613,689.58",Energy,Renewable Electricity Purchased,,
EtaRoad AG,12,2018,"24,903,972.89",Energy,Non-Renewable Electricity Purchased,,
EtaRoad AG,13,2018,"230,684.48",Energy,Self-generated AND consumed electricity on-site,,
EtaRoad AG,14,2018,"1,164,899.31",Energy,Purchased Steam,,
EtaRoad AG,15,2018,0,Energy,Sold Electricity,,
EtaRoad AG,16,2018,0,Energy,Sold Steam,,
EtaRoad AG,17,2018,"18,751,901.45",Energy,Natural Gas,,
EtaRoad AG,18,2018,"400,230.22",Energy,Coal,,
EtaRoad AG,19,2018,"615,714.19",Energy,Propane,,
EtaRoad AG,20,2018,"1,818,851.79",Energy,Fuel Oil,,
EtaRoad AG,21,2018,"268,372.06",Energy,Diesel,,
EtaRoad AG,22,2018,"42,290.79",Energy,Petrol,,
EtaRoad AG,23,2018,0.00,Energy,Biomass,,
EtaRoad AG,24,2018,0.00,Energy,Waste tires,,
EtaRoad AG,25,2018,"2,432,677.09",Energy,LPG,,
EtaRoad AG,26,2018,"4,615.98",Energy,Other,,
EtaRoad AG,27,2018,,,,,
EtaRoad AG,28,2018,"55,017,215.35",Energy,Total energy,,
EtaRoad AG,29,2018,13.87,Energy,Total energy - KPI,,
EtaRoad AG,30,2018,,,,,
EtaRoad AG,31,2018,"1,051,981.67",CO2 emissions,Natural Gas,,
EtaRoad AG,32,2018,"38,021.87",CO2 emissions,Coal,,
EtaRoad AG,33,2018,"38,851.57",CO2 emissions,Propane,,
EtaRoad AG,34,2018,"140,779.13",CO2 emissions,Fuel Oil,,
EtaRoad AG,35,2018,"19,886.37",CO2 emissions,Diesel,,
EtaRoad AG,36,2018,"2,930.75",CO2 emissions,Petrol,,
EtaRoad AG,37,2018,0,CO2 emissions,Biomass,,
EtaRoad AG,38,2018,0,CO2 emissions,Waste tires,,
EtaRoad AG,39,2018,"136,473.18",CO2 emissions,LPG,,
EtaRoad AG,40,2018,331.89,CO2 emissions,Other,,
EtaRoad AG,41,2018,"1,429,256.43",CO2 emissions,Total CO2 - Scope 1,,
EtaRoad AG,42,2018,,,,,
EtaRoad AG,43,2018,"3,112,996.61",CO2 emissions,Total CO2 - Scope 2,,
EtaRoad AG,44,2018,,,,,
EtaRoad AG,45,2018,"4,542,253.04",CO2 emissions,Total CO2,,
EtaRoad AG,46,2018,1.14,CO2 emissions,Total CO2 - KPI,,
EtaRoad AG,1,2019,56,ISO 14001,Total no. of sites,,
EtaRoad AG,2,2019,56,ISO 14001,ISO 14001 sites,,
EtaRoad AG,3,2019,1.00,ISO 14001,% certified sites,,
EtaRoad AG,4,2019,,,,,
EtaRoad AG,5,2019,"4,529,393.87",Production,Production,,
EtaRoad AG,6,2019,,,,,
EtaRoad AG,7,2019,"38,735,763.11",Water,Water intake,,
EtaRoad AG,8,2019,8.55,Water,Water intake - KPI,,
EtaRoad AG,9,2019,,,,,
EtaRoad AG,10,2019,"29,631,434.61",Energy,Total Electricity,,
EtaRoad AG,11,2019,"4,868,523.95",Energy,Renewable Electricity Purchased,,
EtaRoad AG,12,2019,"24,762,910.66",Energy,Non-Renewable Electricity Purchased,,
EtaRoad AG,13,2019,"243,426.20",Energy,Self-generated AND consumed electricity on-site,,
EtaRoad AG,14,2019,"1,284,538.30",Energy,Purchased Steam,,
EtaRoad AG,15,2019,0,Energy,Sold Electricity,,
EtaRoad AG,16,2019,0,Energy,Sold Steam,,
EtaRoad AG,17,2019,"21,849,299.66",Energy,Natural Gas,,
EtaRoad AG,18,2019,"331,735.68",Energy,Coal,,
EtaRoad AG,19,2019,"637,236.51",Energy,Propane,,
EtaRoad AG,20,2019,"1,513,630.58",Energy,Fuel Oil,,
EtaRoad AG,21,2019,"290,200.43",Energy,Diesel,,
EtaRoad AG,22,2019,"40,748.20",Energy,Petrol,,
EtaRoad AG,23,2019,0.00,Energy,Biomass,,
EtaRoad AG,24,2019,0.00,Energy,Waste tires,,
EtaRoad AG,25,2019,"2,621,016.96",Energy,LPG,,
EtaRoad AG,26,2019,"4,718.50",Energy,Other,,
EtaRoad AG,27,2019,,,,,
EtaRoad AG,28,2019,"58,204,559.42",Energy,Total energy,,
EtaRoad AG,29,2019,12.85,Energy,Total energy - KPI,,
EtaRoad AG,30,2019,,,,,
EtaRoad AG,31,2019,"1,225,745.71",CO2 emissions,Natural Gas,,
EtaRoad AG,32,2019,"31,514.89",CO2 emissions,Coal,,
EtaRoad AG,33,2019,"40,209.62",CO2 emissions,Propane,,
EtaRoad AG,34,2019,"117,155.01",CO2 emissions,Fuel Oil,,
EtaRoad AG,35,2019,"21,503.85",CO2 emissions,Diesel,,
EtaRoad AG,36,2019,"2,823.85",CO2 emissions,Petrol,,
EtaRoad AG,37,2019,0,CO2 emissions,Biomass,,
EtaRoad AG,38,2019,0,CO2 emissions,Waste tires,,
EtaRoad AG,39,2019,"147,039.05",CO2 emissions,LPG,,
EtaRoad AG,40,2019,339.26,CO2 emissions,Other,,
EtaRoad AG,41,2019,"1,586,331.24",CO2 emissions,Total CO2 - Scope 1,,
EtaRoad AG,42,2019,,,,,
EtaRoad AG,43,2019,"3,095,363.83",CO2 emissions,Total CO2 - Scope 2,,
EtaRoad AG,44,2019,,,,,
EtaRoad AG,45,2019,"4,681,695.08",CO2 emissions,Total CO2,,
EtaRoad AG,46,2019,1.03,CO2 emissions,Total CO2 - KPI,,
EtaRoad AG,1,2020,56,ISO 14001,Total no. of sites,,
EtaRoad AG,2,2020,56,ISO 14001,ISO 14001 sites,,
EtaRoad AG,3,2020,1.00,ISO 14001,% certified sites,,
EtaRoad AG,4,2020,,,,,
EtaRoad AG,5,2020,"4,776,578.60",Production,Production,,
EtaRoad AG,6,2020,,,,,
EtaRoad AG,7,2020,"42,947,506.48",Water,Water intake,,
EtaRoad AG,8,2020,8.99,Water,Water intake - KPI,,
EtaRoad AG,9,2020,,,,,
EtaRoad AG,10,2020,"30,919,656.29",Energy,Total Electricity,,
EtaRoad AG,11,2020,"5,327,539.47",Energy,Renewable Electricity Purchased,,
EtaRoad AG,12,2020,"25,592,116.83",Energy,Non-Renewable Electricity Purchased,,
EtaRoad AG,13,2020,"266,376.97",Energy,Self-generated AND consumed electricity on-site,,
EtaRoad AG,14,2020,"1,339,012.06",Energy,Purchased Steam,,
EtaRoad AG,15,2020,0,Energy,Sold Electricity,,
EtaRoad AG,16,2020,0,Energy,Sold Steam,,
EtaRoad AG,17,2020,"21,118,974.11",Energy,Natural Gas,,
EtaRoad AG,18,2020,"273,952.42",Energy,Coal,,
EtaRoad AG,19,2020,"716,656.61",Energy,Propane,,
EtaRoad AG,20,2020,"1,297,896.87",Energy,Fuel Oil,,
EtaRoad AG,21,2020,"283,207.80",Energy,Diesel,,
EtaRoad AG,22,2020,"41,244.17",Energy,Petrol,,
EtaRoad AG,23,2020,0.00,Energy,Biomass,,
EtaRoad AG,24,2020,0.00,Energy,Waste tires,,
EtaRoad AG,25,2020,"2,532,953.24",Energy,LPG,,
EtaRoad AG,26,2020,"4,668.18",Energy,Other,,
EtaRoad AG,27,2020,,,,,
EtaRoad AG,28,2020,"58,528,221.75",Energy,Total energy,,
EtaRoad AG,29,2020,12.25,Energy,Total energy - KPI,,
EtaRoad AG,30,2020,,,,,
EtaRoad AG,31,2020,"1,184,774.45",CO2 emissions,Natural Gas,,
EtaRoad AG,32,2020,"26,025.48",CO2 emissions,Coal,,
EtaRoad AG,33,2020,"45,221.03",CO2 emissions,Propane,,
EtaRoad AG,34,2020,"100,457.22",CO2 emissions,Fuel Oil,,
EtaRoad AG,35,2020,"20,985.70",CO2 emissions,Diesel,,
EtaRoad AG,36,2020,"2,858.22",CO2 emissions,Petrol,,
EtaRoad AG,37,2020,0,CO2 emissions,Biomass,,
EtaRoad AG,38,2020,0,CO2 emissions,Waste tires,,
EtaRoad AG,39,2020,"142,098.68",CO2 emissions,LPG,,
EtaRoad AG,40,2020,335.64,CO2 emissions,Other,,
EtaRoad AG,41,2020,"1,522,756.42",CO2 emissions,Total CO2 - Scope 1,,
EtaRoad AG,42,2020,,,,,
EtaRoad AG,43,2020,"3,199,014.60",CO2 emissions,Total CO2 - Scope 2,,
EtaRoad AG,44,2020,,,,,
EtaRoad AG,45,2020,"4,721,771.02",CO2 emissions,Total CO2,,
EtaRoad AG,46,2020,0.99,CO2 emissions,Total CO2 - KPI,,
EtaRoad AG,1,2021,57,ISO 14001,Total no. of sites,,
EtaRoad AG,2,2021,57,ISO 14001,ISO 14001 sites,,
EtaRoad AG,3,2021,1.00,ISO 14001,% certified sites,,
EtaRoad AG,4,2021,,,,,
EtaRoad AG,5,2021,"4,222,930.50",Production,Production,,
EtaRoad AG,6,2021,,,,,
EtaRoad AG,7,2021,"38,970,784.90",Water,Water intake,,
EtaRoad AG,8,2021,9.23,Water,Water intake - KPI,,
EtaRoad AG,9,2021,,,,,
EtaRoad AG,10,2021,"30,561,970.95",Energy,Total Electricity,,
EtaRoad AG,11,2021,"5,510,405.09",Energy,Renewable Electricity Purchased,,
EtaRoad AG,12,2021,"25,051,565.86",Energy,Non-Renewable Electricity Purchased,,
EtaRoad AG,13,2021,"275,520.25",Energy,Self-generated AND consumed electricity on-site,,
EtaRoad AG,14,2021,"1,299,463.96",Energy,Purchased Steam,,
EtaRoad AG,15,2021,0,Energy,Sold Electricity,,
EtaRoad AG,16,2021,0,Energy,Sold Steam,,
EtaRoad AG,17,2021,"21,213,095.89",Energy,Natural Gas,,
EtaRoad AG,18,2021,"187,335.41",Energy,Coal,,
EtaRoad AG,19,2021,"688,342.98",Energy,Propane,,
EtaRoad AG,20,2021,"1,146,447.65",Energy,Fuel Oil,,
EtaRoad AG,21,2021,"300,924.34",Energy,Diesel,,
EtaRoad AG,22,2021,"38,296.09",Energy,Petrol,,
EtaRoad AG,23,2021,0.00,Energy,Biomass,,
EtaRoad AG,24,2021,0.00,Energy,Waste tires,,
EtaRoad AG,25,2021,"2,768,322.26",Energy,LPG,,
EtaRoad AG,26,2021,"4,632.31",Energy,Other,,
EtaRoad AG,27,2021,,,,,
EtaRoad AG,28,2021,"58,208,831.85",Energy,Total energy,,
EtaRoad AG,29,2021,13.78,Energy,Total energy - KPI,,
EtaRoad AG,30,2021,,,,,
EtaRoad AG,31,2021,"1,190,054.68",CO2 emissions,Natural Gas,,
EtaRoad AG,32,2021,"17,796.86",CO2 emissions,Coal,,
EtaRoad AG,33,2021,"43,434.44",CO2 emissions,Propane,,
EtaRoad AG,34,2021,"88,735.05",CO2 emissions,Fuel Oil,,
EtaRoad AG,35,2021,"22,298.49",CO2 emissions,Diesel,,
EtaRoad AG,36,2021,"2,653.92",CO2 emissions,Petrol,,
EtaRoad AG,37,2021,0,CO2 emissions,Biomass,,
EtaRoad AG,38,2021,0,CO2 emissions,Waste tires,,
EtaRoad AG,39,2021,"155,302.88",CO2 emissions,LPG,,
EtaRoad AG,40,2021,333.06,CO2 emissions,Other,,
EtaRoad AG,41,2021,"1,520,609.39",CO2 emissions,Total CO2 - Scope 1,,
EtaRoad AG,42,2021,,,,,
EtaRoad AG,43,2021,"3,131,445.73",CO2 emissions,Total CO2 - Scope 2,,
EtaRoad AG,44,2021,,,,,
EtaRoad AG,45,2021,"4,652,055.12",CO2 emissions,Total CO2,,
EtaRoad AG,46,2021,1.10,CO2 emissions,Total CO2 - KPI,,
EtaRoad AG,1,2022,57,ISO 14001,Total no. of sites,,
EtaRoad AG,2,2022,57,ISO 14001,ISO 14001 sites,,
EtaRoad AG,3,2022,1.00,ISO 14001,% certified sites,,
EtaRoad AG,4,2022,,,,,
EtaRoad AG,5,2022,"4,968,549.21",Production,Production,,
EtaRoad AG,6,2022,,,,,
EtaRoad AG,7,2022,"47,904,184.76",Water,Water intake,,
EtaRoad AG,8,2022,9.64,Water,Water intake - KPI,,
EtaRoad AG,9,2022,,,,,
EtaRoad AG,10,2022,"29,959,286.01",Energy,Total Electricity,,
EtaRoad AG,11,2022,"5,641,413.67",Energy,Renewable Electricity Purchased,,
EtaRoad AG,12,2022,"24,317,872.33",Energy,Non-Renewable Electricity Purchased,,
EtaRoad AG,13,2022,"282,070.68",Energy,Self-generated AND consumed electricity on-site,,
EtaRoad AG,14,2022,"1,331,728.03",Energy,Purchased Steam,,
EtaRoad AG,15,2022,0,Energy,Sold Electricity,,
EtaRoad AG,16,2022,0,Energy,Sold Steam,,
EtaRoad AG,17,2022,"21,401,175.62",Energy,Natural Gas,,
EtaRoad AG,18,2022,"107,197.92",Energy,Coal,,
EtaRoad AG,19,2022,"739,279.42",Energy,Propane,,
EtaRoad AG,20,2022,"1,160,814.09",Energy,Fuel Oil,,
EtaRoad AG,21,2022,"273,016.95",Energy,Diesel,,
EtaRoad AG,22,2022,"39,896.41",Energy,Petrol,,
EtaRoad AG,23,2022,0.00,Energy,Biomass,,
EtaRoad AG,24,2022,0.00,Energy,Waste tires,,
EtaRoad AG,25,2022,"2,730,893.94",Energy,LPG,,
EtaRoad AG,26,2022,"4,447.96",Energy,Other,,
EtaRoad AG,27,2022,,,,,
EtaRoad AG,28,2022,"57,747,736.35",Energy,Total energy,,
EtaRoad AG,29,2022,11.62,Energy,Total energy - KPI,,
EtaRoad AG,30,2022,,,,,
EtaRoad AG,31,2022,"1,200,605.95",CO2 emissions,Natural Gas,,
EtaRoad AG,32,2022,"10,183.80",CO2 emissions,Coal,,
EtaRoad AG,33,2022,"46,648.53",CO2 emissions,Propane,,
EtaRoad AG,34,2022,"89,847.01",CO2 emissions,Fuel Oil,,
EtaRoad AG,35,2022,"20,230.56",CO2 emissions,Diesel,,
EtaRoad AG,36,2022,"2,764.82",CO2 emissions,Petrol,,
EtaRoad AG,37,2022,0,CO2 emissions,Biomass,,
EtaRoad AG,38,2022,0,CO2 emissions,Waste tires,,
EtaRoad AG,39,2022,"153,203.15",CO2 emissions,LPG,,
EtaRoad AG,40,2022,319.81,CO2 emissions,Other,,
EtaRoad AG,41,2022,"1,523,803.63",CO2 emissions,Total CO2 - Scope 1,,
EtaRoad AG,42,2022,,,,,
EtaRoad AG,43,2022,"3,039,734.04",CO2 emissions,Total CO2 - Scope 2,,
EtaRoad AG,44,2022,,,,,
EtaRoad AG,45,2022,"4,563,537.67",CO2 emissions,Total CO2,,
EtaRoad AG,46,2022,0.92,CO2 emissions,Total CO2 - KPI,,
EtaRoad AG,1,2023,57,ISO 14001,Total no. of sites,,
EtaRoad AG,2,2023,57,ISO 14001,ISO 14001 sites,,
EtaRoad AG,3,2023,1.00,ISO 14001,% certified sites,,
EtaRoad AG,4,2023,,,,,
EtaRoad AG,5,2023,"4,375,696.06",Production,Production,,
EtaRoad AG,6,2023,,,,,
EtaRoad AG,7,2023,"41,121,267.59",Water,Water intake,,
EtaRoad AG,8,2023,9.40,Water,Water intake - KPI,,
EtaRoad AG,9,2023,,,,,
EtaRoad AG,10,2023,"32,050,968.05",Energy,Total Electricity,,
EtaRoad AG,11,2023,"6,291,690.74",Energy,Renewable Electricity Purchased,,
EtaRoad AG,12,2023,"25,759,277.31",Energy,Non-Renewable Electricity Purchased,,
EtaRoad AG,13,2023,"314,584.54",Energy,Self-generated AND consumed electricity on-site,,
EtaRoad AG,14,2023,"1,302,759.72",Energy,Purchased Steam,,
EtaRoad AG,15,2023,0,Energy,Sold Electricity,,
EtaRoad AG,16,2023,0,Energy,Sold Steam,,
EtaRoad AG,17,2023,"22,532,361.88",Energy,Natural Gas,,
EtaRoad AG,18,2023,"23,109.04",Energy,Coal,,
EtaRoad AG,19,2023,"753,187.25",Energy,Propane,,
EtaRoad AG,20,2023,"994,394.80",Energy,Fuel Oil,,
EtaRoad AG,21,2023,"288,989.18",Energy,Diesel,,
EtaRoad AG,22,2023,"40,872.31",Energy,Petrol,,
EtaRoad AG,23,2023,0.00,Energy,Biomass,,
EtaRoad AG,24,2023,0.00,Energy,Waste tires,,
EtaRoad AG,25,2023,"2,694,069.43",Energy,LPG,,
EtaRoad AG,26,2023,"4,828.31",Energy,Other,,
EtaRoad AG,27,2023,,,,,
EtaRoad AG,28,2023,"60,685,539.97",Energy,Total energy,,
EtaRoad AG,29,2023,13.87,Energy,Total energy - KPI,,
EtaRoad AG,30,2023,,,,,
EtaRoad AG,31,2023,"1,264,065.50",CO2 emissions,Natural Gas,,
EtaRoad AG,32,2023,"2,195.36",CO2 emissions,Coal,,
EtaRoad AG,33,2023,"47,526.12",CO2 emissions,Propane,,
EtaRoad AG,34,2023,"76,966.16",CO2 emissions,Fuel Oil,,
EtaRoad AG,35,2023,"21,414.10",CO2 emissions,Diesel,,
EtaRoad AG,36,2023,"2,832.45",CO2 emissions,Petrol,,
EtaRoad AG,37,2023,0,CO2 emissions,Biomass,,
EtaRoad AG,38,2023,0,CO2 emissions,Waste tires,,
EtaRoad AG,39,2023,"151,137.30",CO2 emissions,LPG,,
EtaRoad AG,40,2023,347.16,CO2 emissions,Other,,
EtaRoad AG,41,2023,"1,566,484.13",CO2 emissions,Total CO2 - Scope 1,,
EtaRoad AG,42,2023,,,,,
EtaRoad AG,43,2023,"3,219,909.66",CO2 emissions,Total CO2 - Scope 2,,
EtaRoad AG,44,2023,,,,,
EtaRoad AG,45,2023,"4,786,393.80",CO2 emissions,Total CO2,,
EtaRoad AG,46,2023,1.09,CO2 emissions,Total CO2 - KPI,,
ThetaDrive NV,1,2009,30,ISO 14001,Total no. of sites,,
ThetaDrive NV,2,2009,30,ISO 14001,ISO 14001 sites,,
ThetaDrive NV,3,2009,0.95,ISO 14001,% certified sites,,
ThetaDrive NV,4,2009,,,,,
ThetaDrive NV,5,2009,"4,520,121.78",Production,Production,,
ThetaDrive NV,6,2009,,,,,
ThetaDrive NV,7,2009,"25,392,531.57",Water,Water intake,,
ThetaDrive NV,8,2009,5.62,Water,Water intake - KPI,,
ThetaDrive NV,9,2009,,,,,
ThetaDrive NV,10,2009,"10,033,567.70",Energy,Total Electricity,,
ThetaDrive NV,11,2009,"957,326.06",Energy,Renewable Electricity Purchased,,
ThetaDrive NV,12,2009,"9,076,241.64",Energy,Non-Renewable Electricity Purchased,,
ThetaDrive NV,13,2009,"47,866.30",Energy,Self-generated AND consumed electricity on-site,,
ThetaDrive NV,14,2009,"1,968,072.19",Energy,Purchased Steam,,
ThetaDrive NV,15,2009,0,Energy,Sold Electricity,,
ThetaDrive NV,16,2009,0,Energy,Sold Steam,,
ThetaDrive NV,17,2009,"34,143,537.55",Energy,Natural Gas,,
ThetaDrive NV,18,2009,"177,598.05",Energy,Coal,,
ThetaDrive NV,19,2009,"204,031.68",Energy,Propane,,
ThetaDrive NV,20,2009,"426,832.75",Energy,Fuel Oil,,
ThetaDrive NV,21,2009,"370,544.35",Energy,Diesel,,
ThetaDrive NV,22,2009,"81,811.73",Energy,Petrol,,
ThetaDrive NV,23,2009,0.00,Energy,Biomass,,
ThetaDrive NV,24,2009,0.00,Energy,Waste tires,,
ThetaDrive NV,25,2009,"1,175,376.53",Energy,LPG,,
ThetaDrive NV,26,2009,"4,575.06",Energy,Other,,
ThetaDrive NV,27,2009,,,,,
ThetaDrive NV,28,2009,"48,585,947.60",Energy,Total energy,,
ThetaDrive NV,29,2009,10.75,Energy,Total energy - KPI,,
ThetaDrive NV,30,2009,,,,,
ThetaDrive NV,31,2009,"1,915,452.46",CO2 emissions,Natural Gas,,
ThetaDrive NV,32,2009,"16,871.81",CO2 emissions,Coal,,
ThetaDrive NV,33,2009,"12,874.40",CO2 emissions,Propane,,
ThetaDrive NV,34,2009,"33,036.85",CO2 emissions,Fuel Oil,,
ThetaDrive NV,35,2009,"27,457.34",CO2 emissions,Diesel,,
ThetaDrive NV,36,2009,"5,669.55",CO2 emissions,Petrol,,
ThetaDrive NV,37,2009,0,CO2 emissions,Biomass,,
ThetaDrive NV,38,2009,0,CO2 emissions,Waste tires,,
ThetaDrive NV,39,2009,"65,938.62",CO2 emissions,LPG,,
ThetaDrive NV,40,2009,328.95,CO2 emissions,Other,,
ThetaDrive NV,41,2009,"2,077,629.98",CO2 emissions,Total CO2 - Scope 1,,
ThetaDrive NV,42,2009,,,,,
ThetaDrive NV,43,2009,"1,134,530.21",CO2 emissions,Total CO2 - Scope 2,,
ThetaDrive NV,44,2009,,,,,
ThetaDrive NV,45,2009,"3,212,160.19",CO2 emissions,Total CO2,,
ThetaDrive NV,46,2009,0.71,CO2 emissions,Total CO2 - KPI,,
ThetaDrive NV,1,2010,30,ISO 14001,Total no. of sites,,
ThetaDrive NV,2,2010,30,ISO 14001,ISO 14001 sites,,
ThetaDrive NV,3,2010,0.92,ISO 14001,% certified sites,,
ThetaDrive NV,4,2010,,,,,
ThetaDrive NV,5,2010,"5,023,822.04",Production,Production,,
ThetaDrive NV,6,2010,,,,,
ThetaDrive NV,7,2010,"27,624,864.75",Water,Water intake,,
ThetaDrive NV,8,2010,5.50,Water,Water intake - KPI,,
ThetaDrive NV,9,2010,,,,,
ThetaDrive NV,10,2010,"11,581,265.01",Energy,Total Electricity,,
ThetaDrive NV,11,2010,"1,197,645.59",Energy,Renewable Electricity Purchased,,
ThetaDrive NV,12,2010,"10,383,619.42",Energy,Non-Renewable Electricity Purchased,,
ThetaDrive NV,13,2010,"59,882.28",Energy,Self-generated AND consumed electricity on-site,,
ThetaDrive NV,14,2010,"1,929,054.37",Energy,Purchased Steam,,
ThetaDrive NV,15,2010,0,Energy,Sold Electricity,,
ThetaDrive NV,16,2010,0,Energy,Sold Steam,,
ThetaDrive NV,17,2010,"37,235,240.97",Energy,Natural Gas,,
ThetaDrive NV,18,2010,"166,730.49",Energy,Coal,,
ThetaDrive NV,19,2010,"193,430.75",Energy,Propane,,
ThetaDrive NV,20,2010,"433,830.17",Energy,Fuel Oil,,
ThetaDrive NV,21,2010,"416,790.47",Energy,Diesel,,
ThetaDrive NV,22,2010,"80,139.05",Energy,Petrol,,
ThetaDrive NV,23,2010,0.00,Energy,Biomass,,
ThetaDrive NV,24,2010,0.00,Energy,Waste tires,,
ThetaDrive NV,25,2010,"1,088,873.75",Energy,LPG,,
ThetaDrive NV,26,2010,"4,407.82",Energy,Other,,
ThetaDrive NV,27,2010,,,,,
ThetaDrive NV,28,2010,"53,129,762.85",Energy,Total energy,,
ThetaDrive NV,29,2010,10.58,Energy,Total energy - KPI,,
ThetaDrive NV,30,2010,,,,,
ThetaDrive NV,31,2010,"2,088,897.02",CO2 emissions,Natural Gas,,
ThetaDrive NV,32,2010,"15,839.40",CO2 emissions,Coal,,
ThetaDrive NV,33,2010,"12,205.48",CO2 emissions,Propane,,
ThetaDrive NV,34,2010,"33,578.46",CO2 emissions,Fuel Oil,,
ThetaDrive NV,35,2010,"30,884.17",CO2 emissions,Diesel,,
ThetaDrive NV,36,2010,"5,553.64",CO2 emissions,Petrol,,
ThetaDrive NV,37,2010,0,CO2 emissions,Biomass,,
ThetaDrive NV,38,2010,0,CO2 emissions,Waste tires,,
ThetaDrive NV,39,2010,"61,085.82",CO2 emissions,LPG,,
ThetaDrive NV,40,2010,316.92,CO2 emissions,Other,,
ThetaDrive NV,41,2010,"2,248,360.90",CO2 emissions,Total CO2 - Scope 1,,
ThetaDrive NV,42,2010,,,,,
ThetaDrive NV,43,2010,"1,297,952.43",CO2 emissions,Total CO2 - Scope 2,,
ThetaDrive NV,44,2010,,,,,
ThetaDrive NV,45,2010,"3,546,313.33",CO2 emissions,Total CO2,,
ThetaDrive NV,46,2010,0.71,CO2 emissions,Total CO2 - KPI,,
ThetaDrive NV,1,2011,30,ISO 14001,Total no. of sites,,
ThetaDrive NV,2,2011,30,ISO 14001,ISO 14001 sites,,
ThetaDrive NV,3,2011,0.98,ISO 14001,% certified sites,,
ThetaDrive NV,4,2011,,,,,
ThetaDrive NV,5,2011,"4,857,398.26",Production,Production,,
ThetaDrive NV,6,2011,,,,,
ThetaDrive NV,7,2011,"30,024,099.47",Water,Water intake,,
ThetaDrive NV,8,2011,6.18,Water,Water intake - KPI,,
ThetaDrive NV,9,2011,,,,,
ThetaDrive NV,10,2011,"11,610,359.97",Energy,Total Electricity,,
ThetaDrive NV,11,2011,"1,293,537.24",Energy,Renewable Electricity Purchased,,
ThetaDrive NV,12,2011,"10,316,822.73",Energy,Non-Renewable Electricity Purchased,,
ThetaDrive NV,13,2011,"64,676.86",Energy,Self-generated AND consumed electricity on-site,,
ThetaDrive NV,14,2011,"2,127,539.49",Energy,Purchased Steam,,
ThetaDrive NV,15,2011,0,Energy,Sold Electricity,,
ThetaDrive NV,16,2011,0,Energy,Sold Steam,,
ThetaDrive NV,17,2011,"36,646,183.13",Energy,Natural Gas,,
ThetaDrive NV,18,2011,"162,856.30",Energy,Coal,,
ThetaDrive NV,19,2011,"212,437.13",Energy,Propane,,
ThetaDrive NV,20,2011,"375,177.07",Energy,Fuel Oil,,
ThetaDrive NV,21,2011,"385,232.22",Energy,Diesel,,
ThetaDrive NV,22,2011,"77,753.06",Energy,Petrol,,
ThetaDrive NV,23,2011,0.00,Energy,Biomass,,
ThetaDrive NV,24,2011,0.00,Energy,Waste tires,,
ThetaDrive NV,25,2011,"1,196,462.23",Energy,LPG,,
ThetaDrive NV,26,2011,"4,378.51",Energy,Other,,
ThetaDrive NV,27,2011,,,,,
ThetaDrive NV,28,2011,"52,798,379.13",Energy,Total energy,,
ThetaDrive NV,29,2011,10.87,Energy,Total energy - KPI,,
ThetaDrive NV,30,2011,,,,,
ThetaDrive NV,31,2011,"2,055,850.87",CO2 emissions,Natural Gas,,
ThetaDrive NV,32,2011,"15,471.35",CO2 emissions,Coal,,
ThetaDrive NV,33,2011,"13,404.78",CO2 emissions,Propane,,
ThetaDrive NV,34,2011,"29,038.71",CO2 emissions,Fuel Oil,,
ThetaDrive NV,35,2011,"28,545.71",CO2 emissions,Diesel,,
ThetaDrive NV,36,2011,"5,388.29",CO2 emissions,Petrol,,
ThetaDrive NV,37,2011,0,CO2 emissions,Biomass,,
ThetaDrive NV,38,2011,0,CO2 emissions,Waste tires,,
ThetaDrive NV,39,2011,"67,121.53",CO2 emissions,LPG,,
ThetaDrive NV,40,2011,314.82,CO2 emissions,Other,,
ThetaDrive NV,41,2011,"2,215,136.05",CO2 emissions,Total CO2 - Scope 1,,
ThetaDrive NV,42,2011,,,,,
ThetaDrive NV,43,2011,"1,289,602.84",CO2 emissions,Total CO2 - Scope 2,,
ThetaDrive NV,44,2011,,,,,
ThetaDrive NV,45,2011,"3,504,738.89",CO2 emissions,Total CO2,,
ThetaDrive NV,46,2011,0.72,CO2 emissions,Total CO2 - KPI,,
ThetaDrive NV,1,2012,31,ISO 14001,Total no. of sites,,
ThetaDrive NV,2,2012,31,ISO 14001,ISO 14001 sites,,
ThetaDrive NV,3,2012,0.91,ISO 14001,% certified sites,,
ThetaDrive NV,4,2012,,,,,
ThetaDrive NV,5,2012,"4,982,416.37",Production,Production,,
ThetaDrive NV,6,2012,,,,,
ThetaDrive NV,7,2012,"30,574,316.99",Water,Water intake,,
ThetaDrive NV,8,2012,6.14,Water,Water intake - KPI,,
ThetaDrive NV,9,2012,,,,,
ThetaDrive NV,10,2012,"11,592,171.39",Energy,Total Electricity,,
ThetaDrive NV,11,2012,"1,384,248.18",Energy,Renewable Electricity Purchased,,
ThetaDrive NV,12,2012,"10,207,923.20",Energy,Non-Renewable Electricity Purchased,,
ThetaDrive NV,13,2012,"69,212.41",Energy,Self-generated AND consumed electricity on-site,,
ThetaDrive NV,14,2012,"2,075,317.06",Energy,Purchased Steam,,
ThetaDrive NV,15,2012,0,Energy,Sold Electricity,,
ThetaDrive NV,16,2012,0,Energy,Sold Steam,,
ThetaDrive NV,17,2012,"34,279,518.92",Energy,Natural Gas,,
ThetaDrive NV,18,2012,"138,526.18",Energy,Coal,,
ThetaDrive NV,19,2012,"234,552.09",Energy,Propane,,
ThetaDrive NV,20,2012,"390,393.18",Energy,Fuel Oil,,
ThetaDrive NV,21,2012,"415,925.10",Energy,Diesel,,
ThetaDrive NV,22,2012,"86,074.99",Energy,Petrol,,
ThetaDrive NV,23,2012,0.00,Energy,Biomass,,
ThetaDrive NV,24,2012,0.00,Energy,Waste tires,,
ThetaDrive NV,25,2012,"1,231,123.71",Energy,LPG,,
ThetaDrive NV,26,2012,"4,414.49",Energy,Other,,
ThetaDrive NV,27,2012,,,,,
ThetaDrive NV,28,2012,"50,448,017.09",Energy,Total energy,,
ThetaDrive NV,29,2012,10.13,Energy,Total energy - KPI,,
ThetaDrive NV,30,2012,,,,,
ThetaDrive NV,31,2012,"1,923,081.01",CO2 emissions,Natural Gas,,
ThetaDrive NV,32,2012,"13,159.99",CO2 emissions,Coal,,
ThetaDrive NV,33,2012,"14,800.24",CO2 emissions,Propane,,
ThetaDrive NV,34,2012,"30,216.43",CO2 emissions,Fuel Oil,,
ThetaDrive NV,35,2012,"30,820.05",CO2 emissions,Diesel,,
ThetaDrive NV,36,2012,"5,965.00",CO2 emissions,Petrol,,
ThetaDrive NV,37,2012,0,CO2 emissions,Biomass,,
ThetaDrive NV,38,2012,0,CO2 emissions,Waste tires,,
ThetaDrive NV,39,2012,"69,066.04",CO2 emissions,LPG,,
ThetaDrive NV,40,2012,317.40,CO2 emissions,Other,,
ThetaDrive NV,41,2012,"2,087,426.16",CO2 emissions,Total CO2 - Scope 1,,
ThetaDrive NV,42,2012,,,,,
ThetaDrive NV,43,2012,"1,275,990.40",CO2 emissions,Total CO2 - Scope 2,,
ThetaDrive NV,44,2012,,,,,
ThetaDrive NV,45,2012,"3,363,416.56",CO2 emissions,Total CO2,,
ThetaDrive NV,46,2012,0.68,CO2 emissions,Total CO2 - KPI,,
ThetaDrive NV,1,2013,31,ISO 14001,Total no. of sites,,
ThetaDrive NV,2,2013,31,ISO 14001,ISO 14001 sites,,
ThetaDrive NV,3,2013,0.95,ISO 14001,% certified sites,,
ThetaDrive NV,4,2013,,,,,
ThetaDrive NV,5,2013,"5,436,627.76",Production,Production,,
ThetaDrive NV,6,2013,,,,,
ThetaDrive NV,7,2013,"31,561,106.92",Water,Water intake,,
ThetaDrive NV,8,2013,5.81,Water,Water intake - KPI,,
ThetaDrive NV,9,2013,,,,,
ThetaDrive NV,10,2013,"12,103,564.30",Energy,Total Electricity,,
ThetaDrive NV,11,2013,"1,542,143.32",Energy,Renewable Electricity Purchased,,
ThetaDrive NV,12,2013,"10,561,420.98",Energy,Non-Renewable Electricity Purchased,,
ThetaDrive NV,13,2013,"77,107.17",Energy,Self-generated AND consumed electricity on-site,,
ThetaDrive NV,14,2013,"2,034,312.52",Energy,Purchased Steam,,
ThetaDrive NV,15,2013,0,Energy,Sold Electricity,,
ThetaDrive NV,16,2013,0,Energy,Sold Steam,,
ThetaDrive NV,17,2013,"39,835,246.57",Energy,Natural Gas,,
ThetaDrive NV,18,2013,"136,064.91",Energy,Coal,,
ThetaDrive NV,19,2013,"227,212.73",Energy,Propane,,
ThetaDrive NV,20,2013,"336,932.82",Energy,Fuel Oil,,
ThetaDrive NV,21,2013,"455,475.76",Energy,Diesel,,
ThetaDrive NV,22,2013,"81,631.44",Energy,Petrol,,
ThetaDrive NV,23,2013,0.00,Energy,Biomass,,
ThetaDrive NV,24,2013,0.00,Energy,Waste tires,,
ThetaDrive NV,25,2013,"1,276,499.16",Energy,LPG,,
ThetaDrive NV,26,2013,"4,400.59",Energy,Other,,
ThetaDrive NV,27,2013,,,,,
ThetaDrive NV,28,2013,"56,491,340.80",Energy,Total energy,,
ThetaDrive NV,29,2013,10.39,Energy,Total energy - KPI,,
ThetaDrive NV,30,2013,,,,,
ThetaDrive NV,31,2013,"2,234,757.33",CO2 emissions,Natural Gas,,
ThetaDrive NV,32,2013,"12,926.17",CO2 emissions,Coal,,
ThetaDrive NV,33,2013,"14,337.12",CO2 emissions,Propane,,
ThetaDrive NV,34,2013,"26,078.60",CO2 emissions,Fuel Oil,,
ThetaDrive NV,35,2013,"33,750.75",CO2 emissions,Diesel,,
ThetaDrive NV,36,2013,"5,657.06",CO2 emissions,Petrol,,
ThetaDrive NV,37,2013,0,CO2 emissions,Biomass,,
ThetaDrive NV,38,2013,0,CO2 emissions,Waste tires,,
ThetaDrive NV,39,2013,"71,611.60",CO2 emissions,LPG,,
ThetaDrive NV,40,2013,316.40,CO2 emissions,Other,,
ThetaDrive NV,41,2013,"2,399,435.04",CO2 emissions,Total CO2 - Scope 1,,
ThetaDrive NV,42,2013,,,,,
ThetaDrive NV,43,2013,"1,320,177.62",CO2 emissions,Total CO2 - Scope 2,,
ThetaDrive NV,44,2013,,,,,
ThetaDrive NV,45,2013,"3,719,612.66",CO2 emissions,Total CO2,,
ThetaDrive NV,46,2013,0.68,CO2 emissions,Total CO2 - KPI,,
ThetaDrive NV,1,2014,31,ISO 14001,Total no. of sites,,
ThetaDrive NV,2,2014,31,ISO 14001,ISO 14001 sites,,
ThetaDrive NV,3,2014,0.87,ISO 14001,% certified sites,,
ThetaDrive NV,4,2014,,,,,
ThetaDrive NV,5,2014,"4,858,612.34",Production,Production,,
ThetaDrive NV,6,2014,,,,,
ThetaDrive NV,7,2014,"26,907,574.07",Water,Water intake,,
ThetaDrive NV,8,2014,5.54,Water,Water intake - KPI,,
ThetaDrive NV,9,2014,,,,,
ThetaDrive NV,10,2014,"11,690,519.34",Energy,Total Electricity,,
ThetaDrive NV,11,2014,"1,583,040.45",Energy,Renewable Electricity Purchased,,
ThetaDrive NV,12,2014,"10,107,478.89",Energy,Non-Renewable Electricity Purchased,,
ThetaDrive NV,13,2014,"79,152.02",Energy,Self-generated AND consumed electricity on-site,,
ThetaDrive NV,14,2014,"2,205,088.32",Energy,Purchased Steam,,
ThetaDrive NV,15,2014,0,Energy,Sold Electricity,,
ThetaDrive NV,16,2014,0,Energy,Sold Steam,,
ThetaDrive NV,17,2014,"37,470,894.53",Energy,Natural Gas,,
ThetaDrive NV,18,2014,"125,858.09",Energy,Coal,,
ThetaDrive NV,19,2014,"241,655.00",Energy,Propane,,
ThetaDrive NV,20,2014,"351,230.67",Energy,Fuel Oil,,
ThetaDrive NV,21,2014,"416,190.70",Energy,Diesel,,
ThetaDrive NV,22,2014,"84,304.32",Energy,Petrol,,
ThetaDrive NV,23,2014,0.00,Energy,Biomass,,
ThetaDrive NV,24,2014,0.00,Energy,Waste tires,,
ThetaDrive NV,25,2014,"1,234,975.23",Energy,LPG,,
ThetaDrive NV,26,2014,"4,453.47",Energy,Other,,
ThetaDrive NV,27,2014,,,,,
ThetaDrive NV,28,2014,"53,825,169.67",Energy,Total energy,,
ThetaDrive NV,29,2014,11.08,Energy,Total energy - KPI,,
ThetaDrive NV,30,2014,,,,,
ThetaDrive NV,31,2014,"2,102,117.18",CO2 emissions,Natural Gas,,
ThetaDrive NV,32,2014,"11,956.52",CO2 emissions,Coal,,
ThetaDrive NV,33,2014,"15,248.43",CO2 emissions,Propane,,
ThetaDrive NV,34,2014,"27,185.25",CO2 emissions,Fuel Oil,,
ThetaDrive NV,35,2014,"30,839.73",CO2 emissions,Diesel,,
ThetaDrive NV,36,2014,"5,842.29",CO2 emissions,Petrol,,
ThetaDrive NV,37,2014,0,CO2 emissions,Biomass,,
ThetaDrive NV,38,2014,0,CO2 emissions,Waste tires,,
ThetaDrive NV,39,2014,"69,282.11",CO2 emissions,LPG,,
ThetaDrive NV,40,2014,320.20,CO2 emissions,Other,,
ThetaDrive NV,41,2014,"2,262,791.72",CO2 emissions,Total CO2 - Scope 1,,
ThetaDrive NV,42,2014,,,,,
ThetaDrive NV,43,2014,"1,263,434.86",CO2 emissions,Total CO2 - Scope 2,,
ThetaDrive NV,44,2014,,,,,
ThetaDrive NV,45,2014,"3,526,226.58",CO2 emissions,Total CO2,,
ThetaDrive NV,46,2014,0.73,CO2 emissions,Total CO2 - KPI,,
ThetaDrive NV,1,2015,32,ISO 14001,Total no. of sites,,
ThetaDrive NV,2,2015,32,ISO 14001,ISO 14001 sites,,
ThetaDrive NV,3,2015,1.00,ISO 14001,% certified sites,,
ThetaDrive NV,4,2015,,,,,
ThetaDrive NV,5,2015,"5,117,640.82",Production,Production,,
ThetaDrive NV,6,2015,,,,,
ThetaDrive NV,7,2015,"30,109,436.52",Water,Water intake,,
ThetaDrive NV,8,2015,5.88,Water,Water intake - KPI,,
ThetaDrive NV,9,2015,,,,,
ThetaDrive NV,10,2015,"12,304,355.87",Energy,Total Electricity,,
ThetaDrive NV,11,2015,"1,764,596.33",Energy,Renewable Electricity Purchased,,
ThetaDrive NV,12,2015,"10,539,759.54",Energy,Non-Renewable Electricity Purchased,,
ThetaDrive NV,13,2015,"88,229.82",Energy,Self-generated AND consumed electricity on-site,,
ThetaDrive NV,14,2015,"2,065,405.44",Energy,Purchased Steam,,
ThetaDrive NV,15,2015,0,Energy,Sold Electricity,,
ThetaDrive NV,16,2015,0,Energy,Sold Steam,,
ThetaDrive NV,17,2015,"42,045,856.35",Energy,Natural Gas,,
ThetaDrive NV,18,2015,"99,099.53",Energy,Coal,,
ThetaDrive NV,19,2015,"238,244.64",Energy,Propane,,
ThetaDrive NV,20,2015,"321,587.89",Energy,Fuel Oil,,
ThetaDrive NV,21,2015,"450,575.61",Energy,Diesel,,
ThetaDrive NV,22,2015,"87,043.66",Energy,Petrol,,
ThetaDrive NV,23,2015,0.00,Energy,Biomass,,
ThetaDrive NV,24,2015,0.00,Energy,Waste tires,,
ThetaDrive NV,25,2015,"1,264,979.01",Energy,LPG,,
ThetaDrive NV,26,2015,"4,984.13",Energy,Other,,
ThetaDrive NV,27,2015,,,,,
ThetaDrive NV,28,2015,"58,882,132.12",Energy,Total energy,,
ThetaDrive NV,29,2015,11.51,Energy,Total energy - KPI,,
ThetaDrive NV,30,2015,,,,,
ThetaDrive NV,31,2015,"2,358,772.54",CO2 emissions,Natural Gas,,
ThetaDrive NV,32,2015,"9,414.46",CO2 emissions,Coal,,
ThetaDrive NV,33,2015,"15,033.24",CO2 emissions,Propane,,
ThetaDrive NV,34,2015,"24,890.90",CO2 emissions,Fuel Oil,,
ThetaDrive NV,35,2015,"33,387.65",CO2 emissions,Diesel,,
ThetaDrive NV,36,2015,"6,032.13",CO2 emissions,Petrol,,
ThetaDrive NV,37,2015,0,CO2 emissions,Biomass,,
ThetaDrive NV,38,2015,0,CO2 emissions,Waste tires,,
ThetaDrive NV,39,2015,"70,965.32",CO2 emissions,LPG,,
ThetaDrive NV,40,2015,358.36,CO2 emissions,Other,,
ThetaDrive NV,41,2015,"2,518,854.60",CO2 emissions,Total CO2 - Scope 1,,
ThetaDrive NV,42,2015,,,,,
ThetaDrive NV,43,2015,"1,317,469.94",CO2 emissions,Total CO2 - Scope 2,,
ThetaDrive NV,44,2015,,,,,
ThetaDrive NV,45,2015,"3,836,324.54",CO2 emissions,Total CO2,,
ThetaDrive NV,46,2015,0.75,CO2 emissions,Total CO2 - KPI,,
ThetaDrive NV,1,2016,32,ISO 14001,Total no. of sites,,
ThetaDrive NV,2,2016,32,ISO 14001,ISO 14001 sites,,
ThetaDrive NV,3,2016,1.00,ISO 14001,% certified sites,,
ThetaDrive NV,4,2016,,,,,
ThetaDrive NV,5,2016,"4,991,801.97",Production,Production,,
ThetaDrive NV,6,2016,,,,,
ThetaDrive NV,7,2016,"27,088,073.61",Water,Water intake,,
ThetaDrive NV,8,2016,5.43,Water,Water intake - KPI,,
ThetaDrive NV,9,2016,,,,,
ThetaDrive NV,10,2016,"12,851,084.47",Energy,Total Electricity,,
ThetaDrive NV,11,2016,"1,945,812.63",Energy,Renewable Electricity Purchased,,
ThetaDrive NV,12,2016,"10,905,271.84",Energy,Non-Renewable Electricity Purchased,,
ThetaDrive NV,13,2016,"97,290.63",Energy,Self-generated AND consumed electricity on-site,,
ThetaDrive NV,14,2016,"2,255,827.30",Energy,Purchased Steam,,
ThetaDrive NV,15,2016,0,Energy,Sold Electricity,,
ThetaDrive NV,16,2016,0,Energy,Sold Steam,,
ThetaDrive NV,17,2016,"41,095,043.85",Energy,Natural Gas,,
ThetaDrive NV,18,2016,"96,182.96",Energy,Coal,,
ThetaDrive NV,19,2016,"234,226.40",Energy,Propane,,
ThetaDrive NV,20,2016,"294,849.60",Energy,Fuel Oil,,
ThetaDrive NV,21,2016,"452,612.27",Energy,Diesel,,
ThetaDrive NV,22,2016,"84,200.10",Energy,Petrol,,
ThetaDrive NV,23,2016,0.00,Energy,Biomass,,
ThetaDrive NV,24,2016,0.00,Energy,Waste tires,,
ThetaDrive NV,25,2016,"1,236,398.22",Energy,LPG,,
ThetaDrive NV,26,2016,"5,083.75",Energy,Other,,
ThetaDrive NV,27,2016,,,,,
ThetaDrive NV,28,2016,"58,605,508.91",Energy,Total energy,,
ThetaDrive NV,29,2016,11.74,Energy,Total energy - KPI,,
ThetaDrive NV,30,2016,,,,,
ThetaDrive NV,31,2016,"2,305,431.96",CO2 emissions,Natural Gas,,
ThetaDrive NV,32,2016,"9,137.38",CO2 emissions,Coal,,
ThetaDrive NV,33,2016,"14,779.69",CO2 emissions,Propane,,
ThetaDrive NV,34,2016,"22,821.36",CO2 emissions,Fuel Oil,,
ThetaDrive NV,35,2016,"33,538.57",CO2 emissions,Diesel,,
ThetaDrive NV,36,2016,"5,835.07",CO2 emissions,Petrol,,
ThetaDrive NV,37,2016,0,CO2 emissions,Biomass,,
ThetaDrive NV,38,2016,0,CO2 emissions,Waste tires,,
ThetaDrive NV,39,2016,"69,361.94",CO2 emissions,LPG,,
ThetaDrive NV,40,2016,365.52,CO2 emissions,Other,,
ThetaDrive NV,41,2016,"2,461,271.48",CO2 emissions,Total CO2 - Scope 1,,
ThetaDrive NV,42,2016,,,,,
ThetaDrive NV,43,2016,"1,363,158.98",CO2 emissions,Total CO2 - Scope 2,,
ThetaDrive NV,44,2016,,,,,
ThetaDrive NV,45,2016,"3,824,430.46",CO2 emissions,Total CO2,,
ThetaDrive NV,46,2016,0.77,CO2 emissions,Total CO2 - KPI,,
ThetaDrive NV,1,2017,32,ISO 14001,Total no. of sites,,
ThetaDrive NV,2,2017,32,ISO 14001,ISO 14001 sites,,
ThetaDrive NV,3,2017,1.00,ISO 14001,% certified sites,,
ThetaDrive NV,4,2017,,,,,
ThetaDrive NV,5,2017,"5,499,059.26",Production,Production,,
ThetaDrive NV,6,2017,,,,,
ThetaDrive NV,7,2017,"33,749,952.03",Water,Water intake,,
ThetaDrive NV,8,2017,6.14,Water,Water intake - KPI,,
ThetaDrive NV,9,2017,,,,,
ThetaDrive NV,10,2017,"13,213,912.95",Energy,Total Electricity,,
ThetaDrive NV,11,2017,"2,106,460.64",Energy,Renewable Electricity Purchased,,
ThetaDrive NV,12,2017,"11,107,452.31",Energy,Non-Renewable Electricity Purchased,,
ThetaDrive NV,13,2017,"105,323.03",Energy,Self-generated AND consumed electricity on-site,,
ThetaDrive NV,14,2017,"2,202,106.03",Energy,Purchased Steam,,
ThetaDrive NV,15,2017,0,Energy,Sold Electricity,,
ThetaDrive NV,16,2017,0,Energy,Sold Steam,,
ThetaDrive NV,17,2017,"38,178,684.50",Energy,Natural Gas,,
ThetaDrive NV,18,2017,"73,978.46",Energy,Coal,,
ThetaDrive NV,19,2017,"240,102.87",Energy,Propane,,
ThetaDrive NV,20,2017,"265,576.98",Energy,Fuel Oil,,
ThetaDrive NV,21,2017,"440,490.50",Energy,Diesel,,
ThetaDrive NV,22,2017,"83,929.38",Energy,Petrol,,
ThetaDrive NV,23,2017,0.00,Energy,Biomass,,
ThetaDrive NV,24,2017,0.00,Energy,Waste tires,,
ThetaDrive NV,25,2017,"1,267,494.50",Energy,LPG,,
ThetaDrive NV,26,2017,"4,903.12",Energy,Other,,
ThetaDrive NV,27,2017,,,,,
ThetaDrive NV,28,2017,"55,971,179.28",Energy,Total energy,,
ThetaDrive NV,29,2017,10.18,Energy,Total energy - KPI,,
ThetaDrive NV,30,2017,,,,,
ThetaDrive NV,31,2017,"2,141,824.20",CO2 emissions,Natural Gas,,
ThetaDrive NV,32,2017,"7,027.95",CO2 emissions,Coal,,
ThetaDrive NV,33,2017,"15,150.49",CO2 emissions,Propane,,
ThetaDrive NV,34,2017,"20,555.66",CO2 emissions,Fuel Oil,,
ThetaDrive NV,35,2017,"32,640.35",CO2 emissions,Diesel,,
ThetaDrive NV,36,2017,"5,816.31",CO2 emissions,Petrol,,
ThetaDrive NV,37,2017,0,CO2 emissions,Biomass,,
ThetaDrive NV,38,2017,0,CO2 emissions,Waste tires,,
ThetaDrive NV,39,2017,"71,106.44",CO2 emissions,LPG,,
ThetaDrive NV,40,2017,352.53,CO2 emissions,Other,,
ThetaDrive NV,41,2017,"2,294,473.93",CO2 emissions,Total CO2 - Scope 1,,
ThetaDrive NV,42,2017,,,,,
ThetaDrive NV,43,2017,"1,388,431.54",CO2 emissions,Total CO2 - Scope 2,,
ThetaDrive NV,44,2017,,,,,
ThetaDrive NV,45,2017,"3,682,905.47",CO2 emissions,Total CO2,,
ThetaDrive NV,46,2017,0.67,CO2 emissions,Total CO2 - KPI,,
ThetaDrive NV,1,2018,33,ISO 14001,Total no. of sites,,
ThetaDrive NV,2,2018,33,ISO 14001,ISO 14001 sites,,
ThetaDrive NV,3,2018,1.00,ISO 14001,% certified sites,,
ThetaDrive NV,4,2018,,,,,
ThetaDrive NV,5,2018,"5,839,912.58",Production,Production,,
ThetaDrive NV,6,2018,,,,,
ThetaDrive NV,7,2018,"36,148,610.05",Water,Water intake,,
ThetaDrive NV,8,2018,6.19,Water,Water intake - KPI,,
ThetaDrive NV,9,2018,,,,,
ThetaDrive NV,10,2018,"14,097,912.14",Energy,Total Electricity,,
ThetaDrive NV,11,2018,"2,360,164.30",Energy,Renewable Electricity Purchased,,
ThetaDrive NV,12,2018,"11,737,747.84",Energy,Non-Renewable Electricity Purchased,,
ThetaDrive NV,13,2018,"118,008.22",Energy,Self-generated AND consumed electricity on-site,,
ThetaDrive NV,14,2018,"2,186,028.65",Energy,Purchased Steam,,
ThetaDrive NV,15,2018,0,Energy,Sold Electricity,,
ThetaDrive NV,16,2018,0,Energy,Sold Steam,,
ThetaDrive NV,17,2018,"40,965,737.62",Energy,Natural Gas,,
ThetaDrive NV,18,2018,"67,581.48",Energy,Coal,,
ThetaDrive NV,19,2018,"240,333.69",Energy,Propane,,
ThetaDrive NV,20,2018,"242,751.32",Energy,Fuel Oil,,
ThetaDrive NV,21,2018,"454,459.23",Energy,Diesel,,
ThetaDrive NV,22,2018,"79,192.78",Energy,Petrol,,
ThetaDrive NV,23,2018,0.00,Energy,Biomass,,
ThetaDrive NV,24,2018,0.00,Energy,Waste tires,,
ThetaDrive NV,25,2018,"1,247,849.95",Energy,LPG,,
ThetaDrive NV,26,2018,"4,578.58",Energy,Other,,
ThetaDrive NV,27,2018,,,,,
ThetaDrive NV,28,2018,"59,586,425.45",Energy,Total energy,,
ThetaDrive NV,29,2018,10.20,Energy,Total energy - KPI,,
ThetaDrive NV,30,2018,,,,,
ThetaDrive NV,31,2018,"2,298,177.88",CO2 emissions,Natural Gas,,
ThetaDrive NV,32,2018,"6,420.24",CO2 emissions,Coal,,
ThetaDrive NV,33,2018,"15,165.06",CO2 emissions,Propane,,
ThetaDrive NV,34,2018,"18,788.95",CO2 emissions,Fuel Oil,,
ThetaDrive NV,35,2018,"33,675.43",CO2 emissions,Diesel,,
ThetaDrive NV,36,2018,"5,488.06",CO2 emissions,Petrol,,
ThetaDrive NV,37,2018,0,CO2 emissions,Biomass,,
ThetaDrive NV,38,2018,0,CO2 emissions,Waste tires,,
ThetaDrive NV,39,2018,"70,004.38",CO2 emissions,LPG,,
ThetaDrive NV,40,2018,329.20,CO2 emissions,Other,,
ThetaDrive NV,41,2018,"2,448,049.20",CO2 emissions,Total CO2 - Scope 1,,
ThetaDrive NV,42,2018,,,,,
ThetaDrive NV,43,2018,"1,467,218.48",CO2 emissions,Total CO2 - Scope 2,,
ThetaDrive NV,44,2018,,,,,
ThetaDrive NV,45,2018,"3,915,267.68",CO2 emissions,Total CO2,,
ThetaDrive NV,46,2018,0.67,CO2 emissions,Total CO2 - KPI,,
ThetaDrive NV,1,2019,33,ISO 14001,Total no. of sites,,
ThetaDrive NV,2,2019,33,ISO 14001,ISO 14001 sites,,
ThetaDrive NV,3,2019,1.00,ISO 14001,% certified sites,,
ThetaDrive NV,4,2019,,,,,
ThetaDrive NV,5,2019,"5,637,392.39",Production,Production,,
ThetaDrive NV,6,2019,,,,,
ThetaDrive NV,7,2019,"33,599,680.76",Water,Water intake,,
ThetaDrive NV,8,2019,5.96,Water,Water intake - KPI,,
ThetaDrive NV,9,2019,,,,,
ThetaDrive NV,10,2019,"12,830,344.17",Energy,Total Electricity,,
ThetaDrive NV,11,2019,"2,250,600.55",Energy,Renewable Electricity Purchased,,
ThetaDrive NV,12,2019,"10,579,743.61",Energy,Non-Renewable Electricity Purchased,,
ThetaDrive NV,13,2019,"112,530.03",Energy,Self-generated AND consumed electricity on-site,,
ThetaDrive NV,14,2019,"2,509,261.37",Energy,Purchased Steam,,
ThetaDrive NV,15,2019,0,Energy,Sold Electricity,,
ThetaDrive NV,16,2019,0,Energy,Sold Steam,,
ThetaDrive NV,17,2019,"40,361,784.46",Energy,Natural Gas,,
ThetaDrive NV,18,2019,"52,762.41",Energy,Coal,,
ThetaDrive NV,19,2019,"255,686.70",Energy,Propane,,
ThetaDrive NV,20,2019,"215,224.67",Energy,Fuel Oil,,
ThetaDrive NV,21,2019,"501,930.95",Energy,Diesel,,
ThetaDrive NV,22,2019,"82,498.20",Energy,Petrol,,
ThetaDrive NV,23,2019,0.00,Energy,Biomass,,
ThetaDrive NV,24,2019,0.00,Energy,Waste tires,,
ThetaDrive NV,25,2019,"1,364,329.24",Energy,LPG,,
ThetaDrive NV,26,2019,"4,736.66",Energy,Other,,
ThetaDrive NV,27,2019,,,,,
ThetaDrive NV,28,2019,"58,178,558.82",Energy,Total energy,,
ThetaDrive NV,29,2019,10.32,Energy,Total energy - KPI,,
ThetaDrive NV,30,2019,,,,,
ThetaDrive NV,31,2019,"2,264,296.11",CO2 emissions,Natural Gas,,
ThetaDrive NV,32,2019,"5,012.43",CO2 emissions,Coal,,
ThetaDrive NV,33,2019,"16,133.83",CO2 emissions,Propane,,
ThetaDrive NV,34,2019,"16,658.39",CO2 emissions,Fuel Oil,,
ThetaDrive NV,35,2019,"37,193.08",CO2 emissions,Diesel,,
ThetaDrive NV,36,2019,"5,717.13",CO2 emissions,Petrol,,
ThetaDrive NV,37,2019,0,CO2 emissions,Biomass,,
ThetaDrive NV,38,2019,0,CO2 emissions,Waste tires,,
ThetaDrive NV,39,2019,"76,538.87",CO2 emissions,LPG,,
ThetaDrive NV,40,2019,340.57,CO2 emissions,Other,,
ThetaDrive NV,41,2019,"2,421,890.40",CO2 emissions,Total CO2 - Scope 1,,
ThetaDrive NV,42,2019,,,,,
ThetaDrive NV,43,2019,"1,322,467.95",CO2 emissions,Total CO2 - Scope 2,,
ThetaDrive NV,44,2019,,,,,
ThetaDrive NV,45,2019,"3,744,358.35",CO2 emissions,Total CO2,,
ThetaDrive NV,46,2019,0.66,CO2 emissions,Total CO2 - KPI,,
ThetaDrive NV,1,2020,33,ISO 14001,Total no. of sites,,
ThetaDrive NV,2,2020,33,ISO 14001,ISO 14001 sites,,
ThetaDrive NV,3,2020,1.00,ISO 14001,% certified sites,,
ThetaDrive NV,4,2020,,,,,
ThetaDrive NV,5,2020,"5,679,264.18",Production,Production,,
ThetaDrive NV,6,2020,,,,,
ThetaDrive NV,7,2020,"30,700,087.70",Water,Water intake,,
ThetaDrive NV,8,2020,5.41,Water,Water intake - KPI,,
ThetaDrive NV,9,2020,,,,,
ThetaDrive NV,10,2020,"14,607,575.16",Energy,Total Electricity,,
ThetaDrive NV,11,2020,"2,679,209.38",Energy,Renewable Electricity Purchased,,
ThetaDrive NV,12,2020,"11,928,365.78",Energy,Non-Renewable Electricity Purchased,,
ThetaDrive NV,13,2020,"133,960.47",Energy,Self-generated AND consumed electricity on-site,,
ThetaDrive NV,14,2020,"2,420,216.45",Energy,Purchased Steam,,
ThetaDrive NV,15,2020,0,Energy,Sold Electricity,,
ThetaDrive NV,16,2020,0,Energy,Sold Steam,,
ThetaDrive NV,17,2020,"46,790,771.62",Energy,Natural Gas,,
ThetaDrive NV,18,2020,"39,703.77",Energy,Coal,,
ThetaDrive NV,19,2020,"251,535.46",Energy,Propane,,
ThetaDrive NV,20,2020,"185,325.79",Energy,Fuel Oil,,
ThetaDrive NV,21,2020,"490,885.34",Energy,Diesel,,
ThetaDrive NV,22,2020,"87,569.28",Energy,Petrol,,
ThetaDrive NV,23,2020,0.00,Energy,Biomass,,
ThetaDrive NV,24,2020,0.00,Energy,Waste tires,,
ThetaDrive NV,25,2020,"1,422,611.51",Energy,LPG,,
ThetaDrive NV,26,2020,"4,715.30",Energy,Other,,
ThetaDrive NV,27,2020,,,,,
ThetaDrive NV,28,2020,"66,300,909.68",Energy,Total energy,,
ThetaDrive NV,29,2020,11.67,Energy,Total energy - KPI,,
ThetaDrive NV,30,2020,,,,,
ThetaDrive NV,31,2020,"2,624,962.29",CO2 emissions,Natural Gas,,
ThetaDrive NV,32,2020,"3,771.86",CO2 emissions,Coal,,
ThetaDrive NV,33,2020,"15,871.89",CO2 emissions,Propane,,
ThetaDrive NV,34,2020,"14,344.22",CO2 emissions,Fuel Oil,,
ThetaDrive NV,35,2020,"36,374.60",CO2 emissions,Diesel,,
ThetaDrive NV,36,2020,"6,068.55",CO2 emissions,Petrol,,
ThetaDrive NV,37,2020,0,CO2 emissions,Biomass,,
ThetaDrive NV,38,2020,0,CO2 emissions,Waste tires,,
ThetaDrive NV,39,2020,"79,808.51",CO2 emissions,LPG,,
ThetaDrive NV,40,2020,339.03,CO2 emissions,Other,,
ThetaDrive NV,41,2020,"2,781,540.94",CO2 emissions,Total CO2 - Scope 1,,
ThetaDrive NV,42,2020,,,,,
ThetaDrive NV,43,2020,"1,491,045.72",CO2 emissions,Total CO2 - Scope 2,,
ThetaDrive NV,44,2020,,,,,
ThetaDrive NV,45,2020,"4,272,586.66",CO2 emissions,Total CO2,,
ThetaDrive NV,46,2020,0.75,CO2 emissions,Total CO2 - KPI,,
ThetaDrive NV,1,2021,34,ISO 14001,Total no. of sites,,
ThetaDrive NV,2,2021,34,ISO 14001,ISO 14001 sites,,
ThetaDrive NV,3,2021,1.00,ISO 14001,% certified sites,,
ThetaDrive NV,4,2021,,,,,
ThetaDrive NV,5,2021,"6,008,683.40",Production,Production,,
ThetaDrive NV,6,2021,,,,,
ThetaDrive NV,7,2021,"37,116,744.56",Water,Water intake,,
ThetaDrive NV,8,2021,6.18,Water,Water intake - KPI,,
ThetaDrive NV,9,2021,,,,,
ThetaDrive NV,10,2021,"13,749,891.87",Energy,Total Electricity,,
ThetaDrive NV,11,2021,"2,631,898.83",Energy,Renewable Electricity Purchased,,
ThetaDrive NV,12,2021,"11,117,993.05",Energy,Non-Renewable Electricity Purchased,,
ThetaDrive NV,13,2021,"131,594.94",Energy,Self-generated AND consumed electricity on-site,,
ThetaDrive NV,14,2021,"2,616,396.52",Energy,Purchased Steam,,
ThetaDrive NV,15,2021,0,Energy,Sold Electricity,,
ThetaDrive NV,16,2021,0,Energy,Sold Steam,,
ThetaDrive NV,17,2021,"46,009,366.17",Energy,Natural Gas,,
ThetaDrive NV,18,2021,"30,160.68",Energy,Coal,,
ThetaDrive NV,19,2021,"257,015.61",Energy,Propane,,
ThetaDrive NV,20,2021,"174,675.13",Energy,Fuel Oil,,
ThetaDrive NV,21,2021,"506,552.63",Energy,Diesel,,
ThetaDrive NV,22,2021,"78,489.52",Energy,Petrol,,
ThetaDrive NV,23,2021,0.00,Energy,Biomass,,
ThetaDrive NV,24,2021,0.00,Energy,Waste tires,,
ThetaDrive NV,25,2021,"1,427,621.88",Energy,LPG,,
ThetaDrive NV,26,2021,"4,414.33",Energy,Other,,
ThetaDrive NV,27,2021,,,,,
ThetaDrive NV,28,2021,"64,854,584.34",Energy,Total energy,,
ThetaDrive NV,29,2021,10.79,Energy,Total energy - KPI,,
ThetaDrive NV,30,2021,,,,,
ThetaDrive NV,31,2021,"2,581,125.44",CO2 emissions,Natural Gas,,
ThetaDrive NV,32,2021,"2,865.26",CO2 emissions,Coal,,
ThetaDrive NV,33,2021,"16,217.69",CO2 emissions,Propane,,
ThetaDrive NV,34,2021,"13,519.85",CO2 emissions,Fuel Oil,,
ThetaDrive NV,35,2021,"37,535.55",CO2 emissions,Diesel,,
ThetaDrive NV,36,2021,"5,439.32",CO2 emissions,Petrol,,
ThetaDrive NV,37,2021,0,CO2 emissions,Biomass,,
ThetaDrive NV,38,2021,0,CO2 emissions,Waste tires,,
ThetaDrive NV,39,2021,"80,089.59",CO2 emissions,LPG,,
ThetaDrive NV,40,2021,317.39,CO2 emissions,Other,,
ThetaDrive NV,41,2021,"2,737,110.10",CO2 emissions,Total CO2 - Scope 1,,
ThetaDrive NV,42,2021,,,,,
ThetaDrive NV,43,2021,"1,389,749.13",CO2 emissions,Total CO2 - Scope 2,,
ThetaDrive NV,44,2021,,,,,
ThetaDrive NV,45,2021,"4,126,859.23",CO2 emissions,Total CO2,,
ThetaDrive NV,46,2021,0.69,CO2 emissions,Total CO2 - KPI,,
ThetaDrive NV,1,2022,34,ISO 14001,Total no. of sites,,
ThetaDrive NV,2,2022,34,ISO 14001,ISO 14001 sites,,
ThetaDrive NV,3,2022,1.00,ISO 14001,% certified sites,,
ThetaDrive NV,4,2022,,,,,
ThetaDrive NV,5,2022,"6,092,637.95",Production,Production,,
ThetaDrive NV,6,2022,,,,,
ThetaDrive NV,7,2022,"37,163,173.49",Water,Water intake,,
ThetaDrive NV,8,2022,6.10,Water,Water intake - KPI,,
ThetaDrive NV,9,2022,,,,,
ThetaDrive NV,10,2022,"13,671,473.80",Energy,Total Electricity,,
ThetaDrive NV,11,2022,"2,726,260.43",Energy,Renewable Electricity Purchased,,
ThetaDrive NV,12,2022,"10,945,213.37",Energy,Non-Renewable Electricity Purchased,,
ThetaDrive NV,13,2022,"136,313.02",Energy,Self-generated AND consumed electricity on-site,,
ThetaDrive NV,14,2022,"2,709,586.57",Energy,Purchased Steam,,
ThetaDrive NV,15,2022,0,Energy,Sold Electricity,,
ThetaDrive NV,16,2022,0,Energy,Sold Steam,,
ThetaDrive NV,17,2022,"46,553,111.24",Energy,Natural Gas,,
ThetaDrive NV,18,2022,"15,285.36",Energy,Coal,,
ThetaDrive NV,19,2022,"288,049.18",Energy,Propane,,
ThetaDrive NV,20,2022,"152,674.79",Energy,Fuel Oil,,
ThetaDrive NV,21,2022,"534,642.53",Energy,Diesel,,
ThetaDrive NV,22,2022,"80,396.49",Energy,Petrol,,
ThetaDrive NV,23,2022,0.00,Energy,Biomass,,
ThetaDrive NV,24,2022,0.00,Energy,Waste tires,,
ThetaDrive NV,25,2022,"1,544,119.51",Energy,LPG,,
ThetaDrive NV,26,2022,"4,930.87",Energy,Other,,
ThetaDrive NV,27,2022,,,,,
ThetaDrive NV,28,2022,"65,554,270.33",Energy,Total energy,,
ThetaDrive NV,29,2022,10.76,Energy,Total energy - KPI,,
ThetaDrive NV,30,2022,,,,,
ThetaDrive NV,31,2022,"2,611,629.54",CO2 emissions,Natural Gas,,
ThetaDrive NV,32,2022,"1,452.11",CO2 emissions,Coal,,
ThetaDrive NV,33,2022,"18,175.90",CO2 emissions,Propane,,
ThetaDrive NV,34,2022,"11,817.03",CO2 emissions,Fuel Oil,,
ThetaDrive NV,35,2022,"39,617.01",CO2 emissions,Diesel,,
ThetaDrive NV,36,2022,"5,571.48",CO2 emissions,Petrol,,
ThetaDrive NV,37,2022,0,CO2 emissions,Biomass,,
ThetaDrive NV,38,2022,0,CO2 emissions,Waste tires,,
ThetaDrive NV,39,2022,"86,625.10",CO2 emissions,LPG,,
ThetaDrive NV,40,2022,354.53,CO2 emissions,Other,,
ThetaDrive NV,41,2022,"2,775,242.70",CO2 emissions,Total CO2 - Scope 1,,
ThetaDrive NV,42,2022,,,,,
ThetaDrive NV,43,2022,"1,368,151.67",CO2 emissions,Total CO2 - Scope 2,,
ThetaDrive NV,44,2022,,,,,
ThetaDrive NV,45,2022,"4,143,394.37",CO2 emissions,Total CO2,,
ThetaDrive NV,46,2022,0.68,CO2 emissions,Total CO2 - KPI,,
ThetaDrive NV,1,2023,34,ISO 14001,Total no. of sites,,
ThetaDrive NV,2,2023,34,ISO 14001,ISO 14001 sites,,
ThetaDrive NV,3,2023,1.00,ISO 14001,% certified sites,,
ThetaDrive NV,4,2023,,,,,
ThetaDrive NV,5,2023,"5,904,672.78",Production,Production,,
ThetaDrive NV,6,2023,,,,,
ThetaDrive NV,7,2023,"34,605,251.73",Water,Water intake,,
ThetaDrive NV,8,2023,5.86,Water,Water intake - KPI,,
ThetaDrive NV,9,2023,,,,,
ThetaDrive NV,10,2023,"14,438,479.52",Energy,Total Electricity,,
ThetaDrive NV,11,2023,"2,994,718.66",Energy,Renewable Electricity Purchased,,
ThetaDrive NV,12,2023,"11,443,760.86",Energy,Non-Renewable Electricity Purchased,,
ThetaDrive NV,13,2023,"149,735.93",Energy,Self-generated AND consumed electricity on-site,,
ThetaDrive NV,14,2023,"2,374,082.43",Energy,Purchased Steam,,
ThetaDrive NV,15,2023,0,Energy,Sold Electricity,,
ThetaDrive NV,16,2023,0,Energy,Sold Steam,,
ThetaDrive NV,17,2023,"43,423,559.80",Energy,Natural Gas,,
ThetaDrive NV,18,2023,"3,520.74",Energy,Coal,,
ThetaDrive NV,19,2023,"271,605.54",Energy,Propane,,
ThetaDrive NV,20,2023,"132,207.80",Energy,Fuel Oil,,
ThetaDrive NV,21,2023,"529,029.94",Energy,Diesel,,
ThetaDrive NV,22,2023,"82,725.83",Energy,Petrol,,
ThetaDrive NV,23,2023,0.00,Energy,Biomass,,
ThetaDrive NV,24,2023,0.00,Energy,Waste tires,,
ThetaDrive NV,25,2023,"1,429,549.50",Energy,LPG,,
ThetaDrive NV,26,2023,"4,823.31",Energy,Other,,
ThetaDrive NV,27,2023,,,,,
ThetaDrive NV,28,2023,"62,689,584.41",Energy,Total energy,,
ThetaDrive NV,29,2023,10.62,Energy,Total energy - KPI,,
ThetaDrive NV,30,2023,,,,,
ThetaDrive NV,31,2023,"2,436,061.70",CO2 emissions,Natural Gas,,
ThetaDrive NV,32,2023,334.47,CO2 emissions,Coal,,
ThetaDrive NV,33,2023,"17,138.31",CO2 emissions,Propane,,
ThetaDrive NV,34,2023,"10,232.88",CO2 emissions,Fuel Oil,,
ThetaDrive NV,35,2023,"39,201.12",CO2 emissions,Diesel,,
ThetaDrive NV,36,2023,"5,732.90",CO2 emissions,Petrol,,
ThetaDrive NV,37,2023,0,CO2 emissions,Biomass,,
ThetaDrive NV,38,2023,0,CO2 emissions,Waste tires,,
ThetaDrive NV,39,2023,"80,197.73",CO2 emissions,LPG,,
ThetaDrive NV,40,2023,346.80,CO2 emissions,Other,,
ThetaDrive NV,41,2023,"2,589,245.91",CO2 emissions,Total CO2 - Scope 1,,
ThetaDrive NV,42,2023,,,,,
ThetaDrive NV,43,2023,"1,430,470.11",CO2 emissions,Total CO2 - Scope 2,,
ThetaDrive NV,44,2023,,,,,
ThetaDrive NV,45,2023,"4,019,716.02",CO2 emissions,Total CO2,,
ThetaDrive NV,46,2023,0.68,CO2 emissions,Total CO2 - KPI,,
IotaTire PLC,1,2009,41,ISO 14001,Total no. of sites,,
IotaTire PLC,2,2009,41,ISO 14001,ISO 14001 sites,,
IotaTire PLC,3,2009,1.00,ISO 14001,% certified sites,,
IotaTire PLC,4,2009,,,,,
IotaTire PLC,5,2009,"2,171,287.66",Production,Production,,
IotaTire PLC,6,2009,,,,,
IotaTire PLC,7,2009,"21,025,956.85",Water,Water intake,,
IotaTire PLC,8,2009,9.68,Water,Water intake - KPI,,
IotaTire PLC,9,2009,,,,,
IotaTire PLC,10,2009,"19,175,146.76",Energy,Total Electricity,,
IotaTire PLC,11,2009,"1,517,395.96",Energy,Renewable Electricity Purchased,,
IotaTire PLC,12,2009,"17,657,750.80",Energy,Non-Renewable Electricity Purchased,,
IotaTire PLC,13,2009,"75,869.80",Energy,Self-generated AND consumed electricity on-site,,
IotaTire PLC,14,2009,"1,741,577.11",Energy,Purchased Steam,,
IotaTire PLC,15,2009,0,Energy,Sold Electricity,,
IotaTire PLC,16,2009,0,Energy,Sold Steam,,
IotaTire PLC,17,2009,"38,040,577.24",Energy,Natural Gas,,
IotaTire PLC,18,2009,"1,921,540.05",Energy,Coal,,
IotaTire PLC,19,2009,"224,317.10",Energy,Propane,,
IotaTire PLC,20,2009,"5,105,792.47",Energy,Fuel Oil,,
IotaTire PLC,21,2009,"222,719.75",Energy,Diesel,,
IotaTire PLC,22,2009,"158,915.97",Energy,Petrol,,
IotaTire PLC,23,2009,0.00,Energy,Biomass,,
IotaTire PLC,24,2009,0.00,Energy,Waste tires,,
IotaTire PLC,25,2009,"1,842,639.67",Energy,LPG,,
IotaTire PLC,26,2009,"7,015.76",Energy,Other,,
IotaTire PLC,27,2009,,,,,
IotaTire PLC,28,2009,"68,440,241.89",Energy,Total energy,,
IotaTire PLC,29,2009,31.52,Energy,Total energy - KPI,,
IotaTire PLC,30,2009,,,,,
IotaTire PLC,31,2009,"2,134,076.38",CO2 emissions,Natural Gas,,
IotaTire PLC,32,2009,"182,546.30",CO2 emissions,Coal,,
IotaTire PLC,33,2009,"14,154.41",CO2 emissions,Propane,,
IotaTire PLC,34,2009,"395,188.34",CO2 emissions,Fuel Oil,,
IotaTire PLC,35,2009,"16,503.53",CO2 emissions,Diesel,,
IotaTire PLC,36,2009,"11,012.88",CO2 emissions,Petrol,,
IotaTire PLC,37,2009,0,CO2 emissions,Biomass,,
IotaTire PLC,38,2009,0,CO2 emissions,Waste tires,,
IotaTire PLC,39,2009,"103,372.09",CO2 emissions,LPG,,
IotaTire PLC,40,2009,504.43,CO2 emissions,Other,,
IotaTire PLC,41,2009,"2,857,358.36",CO2 emissions,Total CO2 - Scope 1,,
IotaTire PLC,42,2009,,,,,
IotaTire PLC,43,2009,"2,207,218.85",CO2 emissions,Total CO2 - Scope 2,,
IotaTire PLC,44,2009,,,,,
IotaTire PLC,45,2009,"5,064,577.21",CO2 emissions,Total CO2,,
IotaTire PLC,46,2009,2.33,CO2 emissions,Total CO2 - KPI,,
IotaTire PLC,1,2010,41,ISO 14001,Total no. of sites,,
IotaTire PLC,2,2010,41,ISO 14001,ISO 14001 sites,,
IotaTire PLC,3,2010,0.97,ISO 14001,% certified sites,,
IotaTire PLC,4,2010,,,,,
IotaTire PLC,5,2010,"2,384,116.98",Production,Production,,
IotaTire PLC,6,2010,,,,,
IotaTire PLC,7,2010,"23,037,128.04",Water,Water intake,,
IotaTire PLC,8,2010,9.66,Water,Water intake - KPI,,
IotaTire PLC,9,2010,,,,,
IotaTire PLC,10,2010,"20,917,803.06",Energy,Total Electricity,,
IotaTire PLC,11,2010,"1,822,640.83",Energy,Renewable Electricity Purchased,,
IotaTire PLC,12,2010,"19,095,162.23",Energy,Non-Renewable Electricity Purchased,,
IotaTire PLC,13,2010,"91,132.04",Energy,Self-generated AND consumed electricity on-site,,
IotaTire PLC,14,2010,"1,694,274.67",Energy,Purchased Steam,,
IotaTire PLC,15,2010,0,Energy,Sold Electricity,,
IotaTire PLC,16,2010,0,Energy,Sold Steam,,
IotaTire PLC,17,2010,"36,895,105.35",Energy,Natural Gas,,
IotaTire PLC,18,2010,"1,910,692.87",Energy,Coal,,
IotaTire PLC,19,2010,"232,565.20",Energy,Propane,,
IotaTire PLC,20,2010,"5,232,440.23",Energy,Fuel Oil,,
IotaTire PLC,21,2010,"220,008.63",Energy,Diesel,,
IotaTire PLC,22,2010,"168,085.76",Energy,Petrol,,
IotaTire PLC,23,2010,0.00,Energy,Biomass,,
IotaTire PLC,24,2010,0.00,Energy,Waste tires,,
IotaTire PLC,25,2010,"1,862,160.93",Energy,LPG,,
IotaTire PLC,26,2010,"6,171.99",Energy,Other,,
IotaTire PLC,27,2010,,,,,
IotaTire PLC,28,2010,"69,139,308.70",Energy,Total energy,,
IotaTire PLC,29,2010,29.00,Energy,Total energy - KPI,,
IotaTire PLC,30,2010,,,,,
IotaTire PLC,31,2010,"2,069,815.41",CO2 emissions,Natural Gas,,
IotaTire PLC,32,2010,"181,515.82",CO2 emissions,Coal,,
IotaTire PLC,33,2010,"14,674.86",CO2 emissions,Propane,,
IotaTire PLC,34,2010,"404,990.87",CO2 emissions,Fuel Oil,,
IotaTire PLC,35,2010,"16,302.64",CO2 emissions,Diesel,,
IotaTire PLC,36,2010,"11,648.34",CO2 emissions,Petrol,,
IotaTire PLC,37,2010,0,CO2 emissions,Biomass,,
IotaTire PLC,38,2010,0,CO2 emissions,Waste tires,,
IotaTire PLC,39,2010,"104,467.23",CO2 emissions,LPG,,
IotaTire PLC,40,2010,443.77,CO2 emissions,Other,,
IotaTire PLC,41,2010,"2,803,858.95",CO2 emissions,Total CO2 - Scope 1,,
IotaTire PLC,42,2010,,,,,
IotaTire PLC,43,2010,"2,386,895.28",CO2 emissions,Total CO2 - Scope 2,,
IotaTire PLC,44,2010,,,,,
IotaTire PLC,45,2010,"5,190,754.23",CO2 emissions,Total CO2,,
IotaTire PLC,46,2010,2.18,CO2 emissions,Total CO2 - KPI,,
IotaTire PLC,1,2011,41,ISO 14001,Total no. of sites,,
IotaTire PLC,2,2011,41,ISO 14001,ISO 14001 sites,,
IotaTire PLC,3,2011,0.94,ISO 14001,% certified sites,,
IotaTire PLC,4,2011,,,,,
IotaTire PLC,5,2011,"2,459,742.70",Production,Production,,
IotaTire PLC,6,2011,,,,,
IotaTire PLC,7,2011,"24,193,085.51",Water,Water intake,,
IotaTire PLC,8,2011,9.84,Water,Water intake - KPI,,
IotaTire PLC,9,2011,,,,,
IotaTire PLC,10,2011,"19,629,798.38",Energy,Total Electricity,,
IotaTire PLC,11,2011,"1,867,450.89",Energy,Renewable Electricity Purchased,,
IotaTire PLC,12,2011,"17,762,347.48",Energy,Non-Renewable Electricity Purchased,,
IotaTire PLC,13,2011,"93,372.54",Energy,Self-generated AND consumed electricity on-site,,
IotaTire PLC,14,2011,"1,932,117.24",Energy,Purchased Steam,,
IotaTire PLC,15,2011,0,Energy,Sold Electricity,,
IotaTire PLC,16,2011,0,Energy,Sold Steam,,
IotaTire PLC,17,2011,"35,105,022.01",Energy,Natural Gas,,
IotaTire PLC,18,2011,"1,761,914.84",Energy,Coal,,
IotaTire PLC,19,2011,"213,694.71",Energy,Propane,,
IotaTire PLC,20,2011,"4,381,886.78",Energy,Fuel Oil,,
IotaTire PLC,21,2011,"215,973.74",Energy,Diesel,,
IotaTire PLC,22,2011,"153,281.60",Energy,Petrol,,
IotaTire PLC,23,2011,0.00,Energy,Biomass,,
IotaTire PLC,24,2011,0.00,Energy,Waste tires,,
IotaTire PLC,25,2011,"1,939,799.65",Energy,LPG,,
IotaTire PLC,26,2011,"6,422.05",Energy,Other,,
IotaTire PLC,27,2011,,,,,
IotaTire PLC,28,2011,"65,339,910.98",Energy,Total energy,,
IotaTire PLC,29,2011,26.56,Energy,Total energy - KPI,,
IotaTire PLC,30,2011,,,,,
IotaTire PLC,31,2011,"1,969,391.73",CO2 emissions,Natural Gas,,
IotaTire PLC,32,2011,"167,381.91",CO2 emissions,Coal,,
IotaTire PLC,33,2011,"13,484.14",CO2 emissions,Propane,,
IotaTire PLC,34,2011,"339,158.04",CO2 emissions,Fuel Oil,,
IotaTire PLC,35,2011,"16,003.65",CO2 emissions,Diesel,,
IotaTire PLC,36,2011,"10,622.42",CO2 emissions,Petrol,,
IotaTire PLC,37,2011,0,CO2 emissions,Biomass,,
IotaTire PLC,38,2011,0,CO2 emissions,Waste tires,,
IotaTire PLC,39,2011,"108,822.76",CO2 emissions,LPG,,
IotaTire PLC,40,2011,461.75,CO2 emissions,Other,,
IotaTire PLC,41,2011,"2,625,326.39",CO2 emissions,Total CO2 - Scope 1,,
IotaTire PLC,42,2011,,,,,
IotaTire PLC,43,2011,"2,220,293.44",CO2 emissions,Total CO2 - Scope 2,,
IotaTire PLC,44,2011,,,,,
IotaTire PLC,45,2011,"4,845,619.83",CO2 emissions,Total CO2,,
IotaTire PLC,46,2011,1.97,CO2 emissions,Total CO2 - KPI,,
IotaTire PLC,1,2012,42,ISO 14001,Total no. of sites,,
IotaTire PLC,2,2012,42,ISO 14001,ISO 14001 sites,,
IotaTire PLC,3,2012,0.99,ISO 14001,% certified sites,,
IotaTire PLC,4,2012,,,,,
IotaTire PLC,5,2012,"2,575,924.90",Production,Production,,
IotaTire PLC,6,2012,,,,,
IotaTire PLC,7,2012,"25,457,470.85",Water,Water intake,,
IotaTire PLC,8,2012,9.88,Water,Water intake - KPI,,
IotaTire PLC,9,2012,,,,,
IotaTire PLC,10,2012,"22,101,044.54",Energy,Total Electricity,,
IotaTire PLC,11,2012,"2,279,357.48",Energy,Renewable Electricity Purchased,,
IotaTire PLC,12,2012,"19,821,687.06",Energy,Non-Renewable Electricity Purchased,,
IotaTire PLC,13,2012,"113,967.87",Energy,Self-generated AND consumed electricity on-site,,
IotaTire PLC,14,2012,"1,787,883.43",Energy,Purchased Steam,,
IotaTire PLC,15,2012,0,Energy,Sold Electricity,,
IotaTire PLC,16,2012,0,Energy,Sold Steam,,
IotaTire PLC,17,2012,"36,602,982.43",Energy,Natural Gas,,
IotaTire PLC,18,2012,"1,439,486.57",Energy,Coal,,
IotaTire PLC,19,2012,"226,815.58",Energy,Propane,,
IotaTire PLC,20,2012,"4,599,923.61",Energy,Fuel Oil,,
IotaTire PLC,21,2012,"228,838.82",Energy,Diesel,,
IotaTire PLC,22,2012,"157,497.68",Energy,Petrol,,
IotaTire PLC,23,2012,0.00,Energy,Biomass,,
IotaTire PLC,24,2012,0.00,Energy,Waste tires,,
IotaTire PLC,25,2012,"1,826,465.81",Energy,LPG,,
IotaTire PLC,26,2012,"6,945.10",Energy,Other,,
IotaTire PLC,27,2012,,,,,
IotaTire PLC,28,2012,"68,977,883.57",Energy,Total energy,,
IotaTire PLC,29,2012,26.78,Energy,Total energy - KPI,,
IotaTire PLC,30,2012,,,,,
IotaTire PLC,31,2012,"2,053,427.31",CO2 emissions,Natural Gas,,
IotaTire PLC,32,2012,"136,751.22",CO2 emissions,Coal,,
IotaTire PLC,33,2012,"14,312.06",CO2 emissions,Propane,,
IotaTire PLC,34,2012,"356,034.09",CO2 emissions,Fuel Oil,,
IotaTire PLC,35,2012,"16,956.96",CO2 emissions,Diesel,,
IotaTire PLC,36,2012,"10,914.59",CO2 emissions,Petrol,,
IotaTire PLC,37,2012,0,CO2 emissions,Biomass,,
IotaTire PLC,38,2012,0,CO2 emissions,Waste tires,,
IotaTire PLC,39,2012,"102,464.73",CO2 emissions,LPG,,
IotaTire PLC,40,2012,499.35,CO2 emissions,Other,,
IotaTire PLC,41,2012,"2,691,360.32",CO2 emissions,Total CO2 - Scope 1,,
IotaTire PLC,42,2012,,,,,
IotaTire PLC,43,2012,"2,477,710.88",CO2 emissions,Total CO2 - Scope 2,,
IotaTire PLC,44,2012,,,,,
IotaTire PLC,45,2012,"5,169,071.20",CO2 emissions,Total CO2,,
IotaTire PLC,46,2012,2.01,CO2 emissions,Total CO2 - KPI,,
IotaTire PLC,1,2013,42,ISO 14001,Total no. of sites,,
IotaTire PLC,2,2013,42,ISO 14001,ISO 14001 sites,,
IotaTire PLC,3,2013,0.90,ISO 14001,% certified sites,,
IotaTire PLC,4,2013,,,,,
IotaTire PLC,5,2013,"2,461,058.59",Production,Production,,
IotaTire PLC,6,2013,,,,,
IotaTire PLC,7,2013,"23,951,974.65",Water,Water intake,,
IotaTire PLC,8,2013,9.73,Water,Water intake - KPI,,
IotaTire PLC,9,2013,,,,,
IotaTire PLC,10,2013,"22,563,024.21",Energy,Total Electricity,,
IotaTire PLC,11,2013,"2,507,507.24",Energy,Renewable Electricity Purchased,,
IotaTire PLC,12,2013,"20,055,516.97",Energy,Non-Renewable Electricity Purchased,,
IotaTire PLC,13,2013,"125,375.36",Energy,Self-generated AND consumed electricity on-site,,
IotaTire PLC,14,2013,"2,012,345.27",Energy,Purchased Steam,,
IotaTire PLC,15,2013,0,Energy,Sold Electricity,,
IotaTire PLC,16,2013,0,Energy,Sold Steam,,
IotaTire PLC,17,2013,"40,986,049.35",Energy,Natural Gas,,
IotaTire PLC,18,2013,"1,400,628.17",Energy,Coal,,
IotaTire PLC,19,2013,"227,017.45",Energy,Propane,,
IotaTire PLC,20,2013,"4,048,666.74",Energy,Fuel Oil,,
IotaTire PLC,21,2013,"235,377.43",Energy,Diesel,,
IotaTire PLC,22,2013,"155,189.00",Energy,Petrol,,
IotaTire PLC,23,2013,0.00,Energy,Biomass,,
IotaTire PLC,24,2013,0.00,Energy,Waste tires,,
IotaTire PLC,25,2013,"2,121,280.00",Energy,LPG,,
IotaTire PLC,26,2013,"6,304.49",Energy,Other,,
IotaTire PLC,27,2013,,,,,
IotaTire PLC,28,2013,"73,755,882.10",Energy,Total energy,,
IotaTire PLC,29,2013,29.97,Energy,Total energy - KPI,,
IotaTire PLC,30,2013,,,,,
IotaTire PLC,31,2013,"2,299,317.37",CO2 emissions,Natural Gas,,
IotaTire PLC,32,2013,"133,059.68",CO2 emissions,Coal,,
IotaTire PLC,33,2013,"14,324.80",CO2 emissions,Propane,,
IotaTire PLC,34,2013,"313,366.81",CO2 emissions,Fuel Oil,,
IotaTire PLC,35,2013,"17,441.47",CO2 emissions,Diesel,,
IotaTire PLC,36,2013,"10,754.60",CO2 emissions,Petrol,,
IotaTire PLC,37,2013,0,CO2 emissions,Biomass,,
IotaTire PLC,38,2013,0,CO2 emissions,Waste tires,,
IotaTire PLC,39,2013,"119,003.81",CO2 emissions,LPG,,
IotaTire PLC,40,2013,453.29,CO2 emissions,Other,,
IotaTire PLC,41,2013,"2,907,721.82",CO2 emissions,Total CO2 - Scope 1,,
IotaTire PLC,42,2013,,,,,
IotaTire PLC,43,2013,"2,506,939.62",CO2 emissions,Total CO2 - Scope 2,,
IotaTire PLC,44,2013,,,,,
IotaTire PLC,45,2013,"5,414,661.44",CO2 emissions,Total CO2,,
IotaTire PLC,46,2013,2.20,CO2 emissions,Total CO2 - KPI,,
IotaTire PLC,1,2014,42,ISO 14001,Total no. of sites,,
IotaTire PLC,2,2014,42,ISO 14001,ISO 14001 sites,,
IotaTire PLC,3,2014,0.88,ISO 14001,% certified sites,,
IotaTire PLC,4,2014,,,,,
IotaTire PLC,5,2014,"2,494,961.85",Production,Production,,
IotaTire PLC,6,2014,,,,,
IotaTire PLC,7,2014,"24,032,481.87",Water,Water intake,,
IotaTire PLC,8,2014,9.63,Water,Water intake - KPI,,
IotaTire PLC,9,2014,,,,,
IotaTire PLC,10,2014,"21,635,539.12",Energy,Total Electricity,,
IotaTire PLC,11,2014,"2,577,516.92",Energy,Renewable Electricity Purchased,,
IotaTire PLC,12,2014,"19,058,022.20",Energy,Non-Renewable Electricity Purchased,,
IotaTire PLC,13,2014,"128,875.85",Energy,Self-generated AND consumed electricity on-site,,
IotaTire PLC,14,2014,"1,963,275.52",Energy,Purchased Steam,,
IotaTire PLC,15,2014,0,Energy,Sold Electricity,,
IotaTire PLC,16,2014,0,Energy,Sold Steam,,
IotaTire PLC,17,2014,"43,481,410.00",Energy,Natural Gas,,
IotaTire PLC,18,2014,"1,301,301.47",Energy,Coal,,
IotaTire PLC,19,2014,"235,349.33",Energy,Propane,,
IotaTire PLC,20,2014,"3,716,728.33",Energy,Fuel Oil,,
IotaTire PLC,21,2014,"245,250.43",Energy,Diesel,,
IotaTire PLC,22,2014,"159,210.42",Energy,Petrol,,
IotaTire PLC,23,2014,0.00,Energy,Biomass,,
IotaTire PLC,24,2014,0.00,Energy,Waste tires,,
IotaTire PLC,25,2014,"2,171,830.46",Energy,LPG,,
IotaTire PLC,26,2014,"6,847.38",Energy,Other,,
IotaTire PLC,27,2014,,,,,
IotaTire PLC,28,2014,"74,916,742.45",Energy,Total energy,,
IotaTire PLC,29,2014,30.03,Energy,Total energy - KPI,,
IotaTire PLC,30,2014,,,,,
IotaTire PLC,31,2014,"2,439,307.10",CO2 emissions,Natural Gas,,
IotaTire PLC,32,2014,"123,623.64",CO2 emissions,Coal,,
IotaTire PLC,33,2014,"14,850.54",CO2 emissions,Propane,,
IotaTire PLC,34,2014,"287,674.77",CO2 emissions,Fuel Oil,,
IotaTire PLC,35,2014,"18,173.06",CO2 emissions,Diesel,,
IotaTire PLC,36,2014,"11,033.28",CO2 emissions,Petrol,,
IotaTire PLC,37,2014,0,CO2 emissions,Biomass,,
IotaTire PLC,38,2014,0,CO2 emissions,Waste tires,,
IotaTire PLC,39,2014,"121,839.69",CO2 emissions,LPG,,
IotaTire PLC,40,2014,492.33,CO2 emissions,Other,,
IotaTire PLC,41,2014,"3,016,994.41",CO2 emissions,Total CO2 - Scope 1,,
IotaTire PLC,42,2014,,,,,
IotaTire PLC,43,2014,"2,382,252.78",CO2 emissions,Total CO2 - Scope 2,,
IotaTire PLC,44,2014,,,,,
IotaTire PLC,45,2014,"5,399,247.18",CO2 emissions,Total CO2,,
IotaTire PLC,46,2014,2.16,CO2 emissions,Total CO2 - KPI,,
IotaTire PLC,1,2015,43,ISO 14001,Total no. of sites,,
IotaTire PLC,2,2015,43,ISO 14001,ISO 14001 sites,,
IotaTire PLC,3,2015,1.00,ISO 14001,% certified sites,,
IotaTire PLC,4,2015,,,,,
IotaTire PLC,5,2015,"2,831,505.09",Production,Production,,
IotaTire PLC,6,2015,,,,,
IotaTire PLC,7,2015,"27,695,157.99",Water,Water intake,,
IotaTire PLC,8,2015,9.78,Water,Water intake - KPI,,
IotaTire PLC,9,2015,,,,,
IotaTire PLC,10,2015,"22,019,406.66",Energy,Total Electricity,,
IotaTire PLC,11,2015,"2,799,403.64",Energy,Renewable Electricity Purchased,,
IotaTire PLC,12,2015,"19,220,003.02",Energy,Non-Renewable Electricity Purchased,,
IotaTire PLC,13,2015,"139,970.18",Energy,Self-generated AND consumed electricity on-site,,
IotaTire PLC,14,2015,"1,986,774.01",Energy,Purchased Steam,,
IotaTire PLC,15,2015,0,Energy,Sold Electricity,,
IotaTire PLC,16,2015,0,Energy,Sold Steam,,
IotaTire PLC,17,2015,"42,987,560.94",Energy,Natural Gas,,
IotaTire PLC,18,2015,"1,081,500.85",Energy,Coal,,
IotaTire PLC,19,2015,"247,325.99",Energy,Propane,,
IotaTire PLC,20,2015,"3,548,446.72",Energy,Fuel Oil,,
IotaTire PLC,21,2015,"242,994.35",Energy,Diesel,,
IotaTire PLC,22,2015,"154,596.82",Energy,Petrol,,
IotaTire PLC,23,2015,0.00,Energy,Biomass,,
IotaTire PLC,24,2015,0.00,Energy,Waste tires,,
IotaTire PLC,25,2015,"2,074,427.50",Energy,LPG,,
IotaTire PLC,26,2015,"6,966.89",Energy,Other,,
IotaTire PLC,27,2015,,,,,
IotaTire PLC,28,2015,"74,350,000.74",Energy,Total energy,,
IotaTire PLC,29,2015,26.26,Energy,Total energy - KPI,,
IotaTire PLC,30,2015,,,,,
IotaTire PLC,31,2015,"2,411,602.17",CO2 emissions,Natural Gas,,
IotaTire PLC,32,2015,"102,742.58",CO2 emissions,Coal,,
IotaTire PLC,33,2015,"15,606.27",CO2 emissions,Propane,,
IotaTire PLC,34,2015,"274,649.78",CO2 emissions,Fuel Oil,,
IotaTire PLC,35,2015,"18,005.88",CO2 emissions,Diesel,,
IotaTire PLC,36,2015,"10,713.56",CO2 emissions,Petrol,,
IotaTire PLC,37,2015,0,CO2 emissions,Biomass,,
IotaTire PLC,38,2015,0,CO2 emissions,Waste tires,,
IotaTire PLC,39,2015,"116,375.38",CO2 emissions,LPG,,
IotaTire PLC,40,2015,500.92,CO2 emissions,Other,,
IotaTire PLC,41,2015,"2,950,196.54",CO2 emissions,Total CO2 - Scope 1,,
IotaTire PLC,42,2015,,,,,
IotaTire PLC,43,2015,"2,402,500.38",CO2 emissions,Total CO2 - Scope 2,,
IotaTire PLC,44,2015,,,,,
IotaTire PLC,45,2015,"5,352,696.92",CO2 emissions,Total CO2,,
IotaTire PLC,46,2015,1.89,CO2 emissions,Total CO2 - KPI,,
IotaTire PLC,1,2016,43,ISO 14001,Total no. of sites,,
IotaTire PLC,2,2016,43,ISO 14001,ISO 14001 sites,,
IotaTire PLC,3,2016,1.00,ISO 14001,% certified sites,,
IotaTire PLC,4,2016,,,,,
IotaTire PLC,5,2016,"2,781,542.94",Production,Production,,
IotaTire PLC,6,2016,,,,,
IotaTire PLC,7,2016,"24,436,510.97",Water,Water intake,,
IotaTire PLC,8,2016,8.79,Water,Water intake - KPI,,
IotaTire PLC,9,2016,,,,,
IotaTire PLC,10,2016,"23,709,410.43",Energy,Total Electricity,,
IotaTire PLC,11,2016,"3,203,934.97",Energy,Renewable Electricity Purchased,,
IotaTire PLC,12,2016,"20,505,475.46",Energy,Non-Renewable Electricity Purchased,,
IotaTire PLC,13,2016,"160,196.75",Energy,Self-generated AND consumed electricity on-site,,
IotaTire PLC,14,2016,"2,130,561.47",Energy,Purchased Steam,,
IotaTire PLC,15,2016,0,Energy,Sold Electricity,,
IotaTire PLC,16,2016,0,Energy,Sold Steam,,
IotaTire PLC,17,2016,"40,717,114.38",Energy,Natural Gas,,
IotaTire PLC,18,2016,"1,001,433.21",Energy,Coal,,
IotaTire PLC,19,2016,"256,320.96",Energy,Propane,,
IotaTire PLC,20,2016,"3,504,268.01",Energy,Fuel Oil,,
IotaTire PLC,21,2016,"231,274.01",Energy,Diesel,,
IotaTire PLC,22,2016,"160,083.32",Energy,Petrol,,
IotaTire PLC,23,2016,0.00,Energy,Biomass,,
IotaTire PLC,24,2016,0.00,Energy,Waste tires,,
IotaTire PLC,25,2016,"2,179,780.42",Energy,LPG,,
IotaTire PLC,26,2016,"6,099.05",Energy,Other,,
IotaTire PLC,27,2016,,,,,
IotaTire PLC,28,2016,"73,896,345.26",Energy,Total energy,,
IotaTire PLC,29,2016,26.57,Energy,Total energy - KPI,,
IotaTire PLC,30,2016,,,,,
IotaTire PLC,31,2016,"2,284,230.12",CO2 emissions,Natural Gas,,
IotaTire PLC,32,2016,"95,136.15",CO2 emissions,Coal,,
IotaTire PLC,33,2016,"16,173.85",CO2 emissions,Propane,,
IotaTire PLC,34,2016,"271,230.34",CO2 emissions,Fuel Oil,,
IotaTire PLC,35,2016,"17,137.40",CO2 emissions,Diesel,,
IotaTire PLC,36,2016,"11,093.77",CO2 emissions,Petrol,,
IotaTire PLC,37,2016,0,CO2 emissions,Biomass,,
IotaTire PLC,38,2016,0,CO2 emissions,Waste tires,,
IotaTire PLC,39,2016,"122,285.68",CO2 emissions,LPG,,
IotaTire PLC,40,2016,438.52,CO2 emissions,Other,,
IotaTire PLC,41,2016,"2,817,725.85",CO2 emissions,Total CO2 - Scope 1,,
IotaTire PLC,42,2016,,,,,
IotaTire PLC,43,2016,"2,563,184.43",CO2 emissions,Total CO2 - Scope 2,,
IotaTire PLC,44,2016,,,,,
IotaTire PLC,45,2016,"5,380,910.28",CO2 emissions,Total CO2,,
IotaTire PLC,46,2016,1.93,CO2 emissions,Total CO2 - KPI,,
IotaTire PLC,1,2017,43,ISO 14001,Total no. of sites,,
IotaTire PLC,2,2017,43,ISO 14001,ISO 14001 sites,,
IotaTire PLC,3,2017,1.00,ISO 14001,% certified sites,,
IotaTire PLC,4,2017,,,,,
IotaTire PLC,5,2017,"2,873,597.42",Production,Production,,
IotaTire PLC,6,2017,,,,,
IotaTire PLC,7,2017,"24,678,809.35",Water,Water intake,,
IotaTire PLC,8,2017,8.59,Water,Water intake - KPI,,
IotaTire PLC,9,2017,,,,,
IotaTire PLC,10,2017,"23,965,383.69",Energy,Total Electricity,,
IotaTire PLC,11,2017,"3,430,248.60",Energy,Renewable Electricity Purchased,,
IotaTire PLC,12,2017,"20,535,135.09",Energy,Non-Renewable Electricity Purchased,,
IotaTire PLC,13,2017,"171,512.43",Energy,Self-generated AND consumed electricity on-site,,
IotaTire PLC,14,2017,"2,293,418.35",Energy,Purchased Steam,,
IotaTire PLC,15,2017,0,Energy,Sold Electricity,,
IotaTire PLC,16,2017,0,Energy,Sold Steam,,
IotaTire PLC,17,2017,"42,724,599.01",Energy,Natural Gas,,
IotaTire PLC,18,2017,"899,671.97",Energy,Coal,,
IotaTire PLC,19,2017,"276,251.42",Energy,Propane,,
IotaTire PLC,20,2017,"3,153,437.41",Energy,Fuel Oil,,
IotaTire PLC,21,2017,"242,177.04",Energy,Diesel,,
IotaTire PLC,22,2017,"174,384.73",Energy,Petrol,,
IotaTire PLC,23,2017,0.00,Energy,Biomass,,
IotaTire PLC,24,2017,0.00,Energy,Waste tires,,
IotaTire PLC,25,2017,"2,089,784.24",Energy,LPG,,
IotaTire PLC,26,2017,"6,667.57",Energy,Other,,
IotaTire PLC,27,2017,,,,,
IotaTire PLC,28,2017,"75,825,775.43",Energy,Total energy,,
IotaTire PLC,29,2017,26.39,Energy,Total energy - KPI,,
IotaTire PLC,30,2017,,,,,
IotaTire PLC,31,2017,"2,396,850.00",CO2 emissions,Natural Gas,,
IotaTire PLC,32,2017,"85,468.84",CO2 emissions,Coal,,
IotaTire PLC,33,2017,"17,431.46",CO2 emissions,Propane,,
IotaTire PLC,34,2017,"244,076.06",CO2 emissions,Fuel Oil,,
IotaTire PLC,35,2017,"17,945.32",CO2 emissions,Diesel,,
IotaTire PLC,36,2017,"12,084.86",CO2 emissions,Petrol,,
IotaTire PLC,37,2017,0,CO2 emissions,Biomass,,
IotaTire PLC,38,2017,0,CO2 emissions,Waste tires,,
IotaTire PLC,39,2017,"117,236.90",CO2 emissions,LPG,,
IotaTire PLC,40,2017,479.40,CO2 emissions,Other,,
IotaTire PLC,41,2017,"2,891,572.84",CO2 emissions,Total CO2 - Scope 1,,
IotaTire PLC,42,2017,,,,,
IotaTire PLC,43,2017,"2,566,891.89",CO2 emissions,Total CO2 - Scope 2,,
IotaTire PLC,44,2017,,,,,
IotaTire PLC,45,2017,"5,458,464.72",CO2 emissions,Total CO2,,
IotaTire PLC,46,2017,1.90,CO2 emissions,Total CO2 - KPI,,
IotaTire PLC,1,2018,44,ISO 14001,Total no. of sites,,
IotaTire PLC,2,2018,44,ISO 14001,ISO 14001 sites,,
IotaTire PLC,3,2018,1.00,ISO 14001,% certified sites,,
IotaTire PLC,4,2018,,,,,
IotaTire PLC,5,2018,"2,995,172.42",Production,Production,,
IotaTire PLC,6,2018,,,,,
IotaTire PLC,7,2018,"26,099,598.46",Water,Water intake,,
IotaTire PLC,8,2018,8.71,Water,Water intake - KPI,,
IotaTire PLC,9,2018,,,,,
IotaTire PLC,10,2018,"24,557,004.80",Energy,Total Electricity,,
IotaTire PLC,11,2018,"3,711,385.42",Energy,Renewable Electricity Purchased,,
IotaTire PLC,12,2018,"20,845,619.38",Energy,Non-Renewable Electricity Purchased,,
IotaTire PLC,13,2018,"185,569.27",Energy,Self-generated AND consumed electricity on-site,,
IotaTire PLC,14,2018,"2,203,109.10",Energy,Purchased Steam,,
IotaTire PLC,15,2018,0,Energy,Sold Electricity,,
IotaTire PLC,16,2018,0,Energy,Sold Steam,,
IotaTire PLC,17,2018,"45,854,685.05",Energy,Natural Gas,,
IotaTire PLC,18,2018,"756,727.63",Energy,Coal,,
IotaTire PLC,19,2018,"283,488.52",Energy,Propane,,
IotaTire PLC,20,2018,"2,750,290.77",Energy,Fuel Oil,,
IotaTire PLC,21,2018,"275,594.87",Energy,Diesel,,
IotaTire PLC,22,2018,"153,914.25",Energy,Petrol,,
IotaTire PLC,23,2018,0.00,Energy,Biomass,,
IotaTire PLC,24,2018,0.00,Energy,Waste tires,,
IotaTire PLC,25,2018,"2,343,614.19",Energy,LPG,,
IotaTire PLC,26,2018,"7,033.77",Energy,Other,,
IotaTire PLC,27,2018,,,,,
IotaTire PLC,28,2018,"79,185,462.93",Energy,Total energy,,
IotaTire PLC,29,2018,26.44,Energy,Total energy - KPI,,
IotaTire PLC,30,2018,,,,,
IotaTire PLC,31,2018,"2,572,447.83",CO2 emissions,Natural Gas,,
IotaTire PLC,32,2018,"71,889.12",CO2 emissions,Coal,,
IotaTire PLC,33,2018,"17,888.13",CO2 emissions,Propane,,
IotaTire PLC,34,2018,"212,872.51",CO2 emissions,Fuel Oil,,
IotaTire PLC,35,2018,"20,421.58",CO2 emissions,Diesel,,
IotaTire PLC,36,2018,"10,666.26",CO2 emissions,Petrol,,
IotaTire PLC,37,2018,0,CO2 emissions,Biomass,,
IotaTire PLC,38,2018,0,CO2 emissions,Waste tires,,
IotaTire PLC,39,2018,"131,476.76",CO2 emissions,LPG,,
IotaTire PLC,40,2018,505.73,CO2 emissions,Other,,
IotaTire PLC,41,2018,"3,038,167.91",CO2 emissions,Total CO2 - Scope 1,,
IotaTire PLC,42,2018,,,,,
IotaTire PLC,43,2018,"2,605,702.42",CO2 emissions,Total CO2 - Scope 2,,
IotaTire PLC,44,2018,,,,,
IotaTire PLC,45,2018,"5,643,870.33",CO2 emissions,Total CO2,,
IotaTire PLC,46,2018,1.88,CO2 emissions,Total CO2 - KPI,,
IotaTire PLC,1,2019,44,ISO 14001,Total no. of sites,,
IotaTire PLC,2,2019,44,ISO 14001,ISO 14001 sites,,
IotaTire PLC,3,2019,1.00,ISO 14001,% certified sites,,
IotaTire PLC,4,2019,,,,,
IotaTire PLC,5,2019,"2,821,752.40",Production,Production,,
IotaTire PLC,6,2019,,,,,
IotaTire PLC,7,2019,"26,297,671.68",Water,Water intake,,
IotaTire PLC,8,2019,9.32,Water,Water intake - KPI,,
IotaTire PLC,9,2019,,,,,
IotaTire PLC,10,2019,"26,494,407.54",Energy,Total Electricity,,
IotaTire PLC,11,2019,"4,216,147.09",Energy,Renewable Electricity Purchased,,
IotaTire PLC,12,2019,"22,278,260.45",Energy,Non-Renewable Electricity Purchased,,
IotaTire PLC,13,2019,"210,807.35",Energy,Self-generated AND consumed electricity on-site,,
IotaTire PLC,14,2019,"2,400,792.21",Energy,Purchased Steam,,
IotaTire PLC,15,2019,0,Energy,Sold Electricity,,
IotaTire PLC,16,2019,0,Energy,Sold Steam,,
IotaTire PLC,17,2019,"48,257,303.09",Energy,Natural Gas,,
IotaTire PLC,18,2019,"608,064.16",Energy,Coal,,
IotaTire PLC,19,2019,"250,029.83",Energy,Propane,,
IotaTire PLC,20,2019,"2,666,059.41",Energy,Fuel Oil,,
IotaTire PLC,21,2019,"248,360.20",Energy,Diesel,,
IotaTire PLC,22,2019,"174,880.31",Energy,Petrol,,
IotaTire PLC,23,2019,0.00,Energy,Biomass,,
IotaTire PLC,24,2019,0.00,Energy,Waste tires,,
IotaTire PLC,25,2019,"2,163,733.24",Energy,LPG,,
IotaTire PLC,26,2019,"7,025.35",Energy,Other,,
IotaTire PLC,27,2019,,,,,
IotaTire PLC,28,2019,"83,270,655.34",Energy,Total energy,,
IotaTire PLC,29,2019,29.51,Energy,Total energy - KPI,,
IotaTire PLC,30,2019,,,,,
IotaTire PLC,31,2019,"2,707,234.70",CO2 emissions,Natural Gas,,
IotaTire PLC,32,2019,"57,766.10",CO2 emissions,Coal,,
IotaTire PLC,33,2019,"15,776.88",CO2 emissions,Propane,,
IotaTire PLC,34,2019,"206,353.00",CO2 emissions,Fuel Oil,,
IotaTire PLC,35,2019,"18,403.49",CO2 emissions,Diesel,,
IotaTire PLC,36,2019,"12,119.21",CO2 emissions,Petrol,,
IotaTire PLC,37,2019,0,CO2 emissions,Biomass,,
IotaTire PLC,38,2019,0,CO2 emissions,Waste tires,,
IotaTire PLC,39,2019,"121,385.43",CO2 emissions,LPG,,
IotaTire PLC,40,2019,505.12,CO2 emissions,Other,,
IotaTire PLC,41,2019,"3,139,543.93",CO2 emissions,Total CO2 - Scope 1,,
IotaTire PLC,42,2019,,,,,
IotaTire PLC,43,2019,"2,784,782.56",CO2 emissions,Total CO2 - Scope 2,,
IotaTire PLC,44,2019,,,,,
IotaTire PLC,45,2019,"5,924,326.49",CO2 emissions,Total CO2,,
IotaTire PLC,46,2019,2.10,CO2 emissions,Total CO2 - KPI,,
IotaTire PLC,1,2020,44,ISO 14001,Total no. of sites,,
IotaTire PLC,2,2020,44,ISO 14001,ISO 14001 sites,,
IotaTire PLC,3,2020,1.00,ISO 14001,% certified sites,,
IotaTire PLC,4,2020,,,,,
IotaTire PLC,5,2020,"2,946,691.79",Production,Production,,
IotaTire PLC,6,2020,,,,,
IotaTire PLC,7,2020,"27,455,589.50",Water,Water intake,,
IotaTire PLC,8,2020,9.32,Water,Water intake - KPI,,
IotaTire PLC,9,2020,,,,,
IotaTire PLC,10,2020,"27,032,183.82",Energy,Total Electricity,,
IotaTire PLC,11,2020,"4,517,982.77",Energy,Renewable Electricity Purchased,,
IotaTire PLC,12,2020,"22,514,201.06",Energy,Non-Renewable Electricity Purchased,,
IotaTire PLC,13,2020,"225,899.14",Energy,Self-generated AND consumed electricity on-site,,
IotaTire PLC,14,2020,"2,408,285.43",Energy,Purchased Steam,,
IotaTire PLC,15,2020,0,Energy,Sold Electricity,,
IotaTire PLC,16,2020,0,Energy,Sold Steam,,
IotaTire PLC,17,2020,"45,845,475.01",Energy,Natural Gas,,
IotaTire PLC,18,2020,"418,068.84",Energy,Coal,,
IotaTire PLC,19,2020,"259,608.26",Energy,Propane,,
IotaTire PLC,20,2020,"2,245,463.83",Energy,Fuel Oil,,
IotaTire PLC,21,2020,"268,534.65",Energy,Diesel,,
IotaTire PLC,22,2020,"156,030.49",Energy,Petrol,,
IotaTire PLC,23,2020,0.00,Energy,Biomass,,
IotaTire PLC,24,2020,0.00,Energy,Waste tires,,
IotaTire PLC,25,2020,"2,171,033.95",Energy,LPG,,
IotaTire PLC,26,2020,"6,762.14",Energy,Other,,
IotaTire PLC,27,2020,,,,,
IotaTire PLC,28,2020,"80,811,446.44",Energy,Total energy,,
IotaTire PLC,29,2020,27.42,Energy,Total energy - KPI,,
IotaTire PLC,30,2020,,,,,
IotaTire PLC,31,2020,"2,571,931.15",CO2 emissions,Natural Gas,,
IotaTire PLC,32,2020,"39,716.54",CO2 emissions,Coal,,
IotaTire PLC,33,2020,"16,381.28",CO2 emissions,Propane,,
IotaTire PLC,34,2020,"173,798.90",CO2 emissions,Fuel Oil,,
IotaTire PLC,35,2020,"19,898.42",CO2 emissions,Diesel,,
IotaTire PLC,36,2020,"10,812.91",CO2 emissions,Petrol,,
IotaTire PLC,37,2020,0,CO2 emissions,Biomass,,
IotaTire PLC,38,2020,0,CO2 emissions,Waste tires,,
IotaTire PLC,39,2020,"121,795.00",CO2 emissions,LPG,,
IotaTire PLC,40,2020,486.20,CO2 emissions,Other,,
IotaTire PLC,41,2020,"2,954,820.40",CO2 emissions,Total CO2 - Scope 1,,
IotaTire PLC,42,2020,,,,,
IotaTire PLC,43,2020,"2,814,275.13",CO2 emissions,Total CO2 - Scope 2,,
IotaTire PLC,44,2020,,,,,
IotaTire PLC,45,2020,"5,769,095.54",CO2 emissions,Total CO2,,
IotaTire PLC,46,2020,1.96,CO2 emissions,Total CO2 - KPI,,
IotaTire PLC,1,2021,45,ISO 14001,Total no. of sites,,
IotaTire PLC,2,2021,45,ISO 14001,ISO 14001 sites,,
IotaTire PLC,3,2021,1.00,ISO 14001,% certified sites,,
IotaTire PLC,4,2021,,,,,
IotaTire PLC,5,2021,"3,122,612.80",Production,Production,,
IotaTire PLC,6,2021,,,,,
IotaTire PLC,7,2021,"29,438,926.88",Water,Water intake,,
IotaTire PLC,8,2021,9.43,Water,Water intake - KPI,,
IotaTire PLC,9,2021,,,,,
IotaTire PLC,10,2021,"26,815,217.11",Energy,Total Electricity,,
IotaTire PLC,11,2021,"4,696,242.10",Energy,Renewable Electricity Purchased,,
IotaTire PLC,12,2021,"22,118,975.01",Energy,Non-Renewable Electricity Purchased,,
IotaTire PLC,13,2021,"234,812.11",Energy,Self-generated AND consumed electricity on-site,,
IotaTire PLC,14,2021,"2,204,205.56",Energy,Purchased Steam,,
IotaTire PLC,15,2021,0,Energy,Sold Electricity,,
IotaTire PLC,16,2021,0,Energy,Sold Steam,,
IotaTire PLC,17,2021,"49,662,168.25",Energy,Natural Gas,,
IotaTire PLC,18,2021,"325,294.31",Energy,Coal,,
IotaTire PLC,19,2021,"296,951.22",Energy,Propane,,
IotaTire PLC,20,2021,"2,115,063.16",Energy,Fuel Oil,,
IotaTire PLC,21,2021,"257,387.83",Energy,Diesel,,
IotaTire PLC,22,2021,"166,731.39",Energy,Petrol,,
IotaTire PLC,23,2021,0.00,Energy,Biomass,,
IotaTire PLC,24,2021,0.00,Energy,Waste tires,,
IotaTire PLC,25,2021,"2,213,074.53",Energy,LPG,,
IotaTire PLC,26,2021,"6,140.82",Energy,Other,,
IotaTire PLC,27,2021,,,,,
IotaTire PLC,28,2021,"84,062,234.17",Energy,Total energy,,
IotaTire PLC,29,2021,26.92,Energy,Total energy - KPI,,
IotaTire PLC,30,2021,,,,,
IotaTire PLC,31,2021,"2,786,047.64",CO2 emissions,Natural Gas,,
IotaTire PLC,32,2021,"30,902.96",CO2 emissions,Coal,,
IotaTire PLC,33,2021,"18,737.62",CO2 emissions,Propane,,
IotaTire PLC,34,2021,"163,705.89",CO2 emissions,Fuel Oil,,
IotaTire PLC,35,2021,"19,072.44",CO2 emissions,Diesel,,
IotaTire PLC,36,2021,"11,554.49",CO2 emissions,Petrol,,
IotaTire PLC,37,2021,0,CO2 emissions,Biomass,,
IotaTire PLC,38,2021,0,CO2 emissions,Waste tires,,
IotaTire PLC,39,2021,"124,153.48",CO2 emissions,LPG,,
IotaTire PLC,40,2021,441.53,CO2 emissions,Other,,
IotaTire PLC,41,2021,"3,154,616.04",CO2 emissions,Total CO2 - Scope 1,,
IotaTire PLC,42,2021,,,,,
IotaTire PLC,43,2021,"2,764,871.88",CO2 emissions,Total CO2 - Scope 2,,
IotaTire PLC,44,2021,,,,,
IotaTire PLC,45,2021,"5,919,487.91",CO2 emissions,Total CO2,,
IotaTire PLC,46,2021,1.90,CO2 emissions,Total CO2 - KPI,,
IotaTire PLC,1,2022,45,ISO 14001,Total no. of sites,,
IotaTire PLC,2,2022,45,ISO 14001,ISO 14001 sites,,
IotaTire PLC,3,2022,1.00,ISO 14001,% certified sites,,
IotaTire PLC,4,2022,,,,,
IotaTire PLC,5,2022,"2,955,345.39",Production,Production,,
IotaTire PLC,6,2022,,,,,
IotaTire PLC,7,2022,"26,451,930.42",Water,Water intake,,
IotaTire PLC,8,2022,8.95,Water,Water intake - KPI,,
IotaTire PLC,9,2022,,,,,
IotaTire PLC,10,2022,"25,245,581.56",Energy,Total Electricity,,
IotaTire PLC,11,2022,"4,623,311.03",Energy,Renewable Electricity Purchased,,
IotaTire PLC,12,2022,"20,622,270.53",Energy,Non-Renewable Electricity Purchased,,
IotaTire PLC,13,2022,"231,165.55",Energy,Self-generated AND consumed electricity on-site,,
IotaTire PLC,14,2022,"2,269,352.53",Energy,Purchased Steam,,
IotaTire PLC,15,2022,0,Energy,Sold Electricity,,
IotaTire PLC,16,2022,0,Energy,Sold Steam,,
IotaTire PLC,17,2022,"49,832,684.71",Energy,Natural Gas,,
IotaTire PLC,18,2022,"184,546.91",Energy,Coal,,
IotaTire PLC,19,2022,"278,500.20",Energy,Propane,,
IotaTire PLC,20,2022,"1,912,003.08",Energy,Fuel Oil,,
IotaTire PLC,21,2022,"258,953.08",Energy,Diesel,,
IotaTire PLC,22,2022,"166,326.91",Energy,Petrol,,
IotaTire PLC,23,2022,0.00,Energy,Biomass,,
IotaTire PLC,24,2022,0.00,Energy,Waste tires,,
IotaTire PLC,25,2022,"2,448,704.53",Energy,LPG,,
IotaTire PLC,26,2022,"6,059.00",Energy,Other,,
IotaTire PLC,27,2022,,,,,
IotaTire PLC,28,2022,"82,602,712.52",Energy,Total energy,,
IotaTire PLC,29,2022,27.95,Energy,Total energy - KPI,,
IotaTire PLC,30,2022,,,,,
IotaTire PLC,31,2022,"2,795,613.61",CO2 emissions,Natural Gas,,
IotaTire PLC,32,2022,"17,531.96",CO2 emissions,Coal,,
IotaTire PLC,33,2022,"17,573.36",CO2 emissions,Propane,,
IotaTire PLC,34,2022,"147,989.04",CO2 emissions,Fuel Oil,,
IotaTire PLC,35,2022,"19,188.42",CO2 emissions,Diesel,,
IotaTire PLC,36,2022,"11,526.46",CO2 emissions,Petrol,,
IotaTire PLC,37,2022,0,CO2 emissions,Biomass,,
IotaTire PLC,38,2022,0,CO2 emissions,Waste tires,,
IotaTire PLC,39,2022,"137,372.32",CO2 emissions,LPG,,
IotaTire PLC,40,2022,435.64,CO2 emissions,Other,,
IotaTire PLC,41,2022,"3,147,230.81",CO2 emissions,Total CO2 - Scope 1,,
IotaTire PLC,42,2022,,,,,
IotaTire PLC,43,2022,"2,577,783.82",CO2 emissions,Total CO2 - Scope 2,,
IotaTire PLC,44,2022,,,,,
IotaTire PLC,45,2022,"5,725,014.63",CO2 emissions,Total CO2,,
IotaTire PLC,46,2022,1.94,CO2 emissions,Total CO2 - KPI,,
IotaTire PLC,1,2023,45,ISO 14001,Total no. of sites,,
IotaTire PLC,2,2023,45,ISO 14001,ISO 14001 sites,,
IotaTire PLC,3,2023,1.00,ISO 14001,% certified sites,,
IotaTire PLC,4,2023,,,,,
IotaTire PLC,5,2023,"2,909,287.06",Production,Production,,
IotaTire PLC,6,2023,,,,,
IotaTire PLC,7,2023,"26,294,778.66",Water,Water intake,,
IotaTire PLC,8,2023,9.04,Water,Water intake - KPI,,
IotaTire PLC,9,2023,,,,,
IotaTire PLC,10,2023,"26,340,833.20",Energy,Total Electricity,,
IotaTire PLC,11,2023,"5,034,614.93",Energy,Renewable Electricity Purchased,,
IotaTire PLC,12,2023,"21,306,218.27",Energy,Non-Renewable Electricity Purchased,,
IotaTire PLC,13,2023,"251,730.75",Energy,Self-generated AND consumed electricity on-site,,
IotaTire PLC,14,2023,"2,415,310.68",Energy,Purchased Steam,,
IotaTire PLC,15,2023,0,Energy,Sold Electricity,,
IotaTire PLC,16,2023,0,Energy,Sold Steam,,
IotaTire PLC,17,2023,"51,876,493.59",Energy,Natural Gas,,
IotaTire PLC,18,2023,"39,478.18",Energy,Coal,,
IotaTire PLC,19,2023,"284,178.40",Energy,Propane,,
IotaTire PLC,20,2023,"1,485,562.53",Energy,Fuel Oil,,
IotaTire PLC,21,2023,"305,268.54",Energy,Diesel,,
IotaTire PLC,22,2023,"157,011.58",Energy,Petrol,,
IotaTire PLC,23,2023,0.00,Energy,Biomass,,
IotaTire PLC,24,2023,0.00,Energy,Waste tires,,
IotaTire PLC,25,2023,"2,464,646.25",Energy,LPG,,
IotaTire PLC,26,2023,"6,222.67",Energy,Other,,
IotaTire PLC,27,2023,,,,,
IotaTire PLC,28,2023,"85,375,005.62",Energy,Total energy,,
IotaTire PLC,29,2023,29.35,Energy,Total energy - KPI,,
IotaTire PLC,30,2023,,,,,
IotaTire PLC,31,2023,"2,910,271.29",CO2 emissions,Natural Gas,,
IotaTire PLC,32,2023,"3,750.43",CO2 emissions,Coal,,
IotaTire PLC,33,2023,"17,931.66",CO2 emissions,Propane,,
IotaTire PLC,34,2023,"114,982.54",CO2 emissions,Fuel Oil,,
IotaTire PLC,35,2023,"22,620.40",CO2 emissions,Diesel,,
IotaTire PLC,36,2023,"10,880.90",CO2 emissions,Petrol,,
IotaTire PLC,37,2023,0,CO2 emissions,Biomass,,
IotaTire PLC,38,2023,0,CO2 emissions,Waste tires,,
IotaTire PLC,39,2023,"138,266.65",CO2 emissions,LPG,,
IotaTire PLC,40,2023,447.41,CO2 emissions,Other,,
IotaTire PLC,41,2023,"3,219,151.28",CO2 emissions,Total CO2 - Scope 1,,
IotaTire PLC,42,2023,,,,,
IotaTire PLC,43,2023,"2,663,277.28",CO2 emissions,Total CO2 - Scope 2,,
IotaTire PLC,44,2023,,,,,
IotaTire PLC,45,2023,"5,882,428.56",CO2 emissions,Total CO2,,
IotaTire PLC,46,2023,2.02,CO2 emissions,Total CO2 - KPI,,
